epoch,step,test_acc,test_f1,test_loss,train_acc,train_f1,train_loss,val_acc,val_f1,val_loss
0,0,,,,0.5138658881187439,0.05090909078717232,0.6941932439804077,,,
0,1,,,,0.5513244867324829,0.04577464610338211,0.6831095814704895,,,
0,2,,,,0.5873344540596008,0.06120527163147926,0.6712392568588257,,,
0,3,,,,0.6252069473266602,0.05331939458847046,0.6608827114105225,,,
0,4,,,,0.6597682237625122,0.05949656665325165,0.6516108512878418,,,
0,5,,,,0.7026076316833496,0.058939095586538315,0.6392434239387512,,,
0,6,,,,0.7396523356437683,0.061194028705358505,0.6277498006820679,,,
0,7,,,,0.7675910592079163,0.04911092296242714,0.6157911419868469,,,
0,8,,,,0.8054635524749756,0.06930693238973618,0.6007757782936096,,,
0,9,,,,0.8342301249504089,0.08665906637907028,0.5920665860176086,,,
0,10,,,,0.8543046116828918,0.09278350323438644,0.576930046081543,,,
0,11,,,,0.8793460130691528,0.10719755291938782,0.5702242255210876,,,
0,12,,,,0.9004552960395813,0.14260248839855194,0.5507280230522156,,,
0,13,,,,0.9147350788116455,0.12711864709854126,0.5438494086265564,,,
0,14,,,,0.9279801249504089,0.11675126850605011,0.5259644389152527,,,
0,15,,,,0.9399834275245667,0.1944444477558136,0.5116192102432251,,,
0,16,,,,0.9478476643562317,0.23170731961727142,0.4937920868396759,,,
0,17,,,,0.9528145790100098,0.23999999463558197,0.4800699055194855,,,
0,18,,,,0.9621275067329407,0.29343628883361816,0.4607773721218109,,,
0,19,,,,0.9606788158416748,0.26923078298568726,0.4480630159378052,,,
0,20,,,,0.9617135524749756,0.2510121464729309,0.4336812198162079,,,
0,21,,,,0.9635761380195618,0.30158731341362,0.42127904295921326,,,
0,22,,,,0.9664735198020935,0.3414634168148041,0.3967207074165344,,,
0,23,,,,0.9660596251487732,0.35433071851730347,0.3828321397304535,,,
0,24,,,,0.96875,0.3628692030906677,0.3676982522010803,,,
0,25,,,,0.9683361053466797,0.35983264446258545,0.3576241731643677,,,
0,26,,,,0.971647322177887,0.41201716661453247,0.3349517285823822,,,
0,27,,,,0.9714403748512268,0.4390243887901306,0.3172321915626526,,,
0,28,,,,0.9697847962379456,0.40163934230804443,0.3094683587551117,,,
0,29,,,,0.9683361053466797,0.3651452362537384,0.2851792871952057,,,
0,30,,,,0.971647322177887,0.44081631302833557,0.2861054837703705,,,
0,31,,,,0.9714403748512268,0.4344262182712555,0.2664024531841278,,,
0,32,,,,0.9710264801979065,0.4399999976158142,0.25134268403053284,,,
0,33,,,,0.9737169146537781,0.48995983600616455,0.23713411390781403,,,
0,34,,,,0.9735099077224731,0.4920634925365448,0.2282526195049286,,,
0,35,,,,0.9730960130691528,0.4841269850730896,0.2049349993467331,,,
0,36,,,,0.96875,0.40784314274787903,0.2057620882987976,,,
0,37,,,,0.972061276435852,0.47058823704719543,0.1891503781080246,,,
0,38,,,,0.9714403748512268,0.4566929042339325,0.18403829634189606,,,
0,39,,,,0.9662665724754333,0.3607843220233917,0.1751069873571396,,,
0,40,,,,0.9712334275245667,0.4591439664363861,0.1654181033372879,,,
0,41,,,,0.9706125855445862,0.4453125,0.16225582361221313,,,
0,42,,,,0.9741308093070984,0.5136186480522156,0.1466193050146103,,,
0,43,,,,0.9722682237625122,0.4765625,0.14557020366191864,,,
0,44,,,,0.971647322177887,0.4584980309009552,0.14082786440849304,,,
0,45,,,,0.9706125855445862,0.4453125,0.1353003829717636,,,
0,46,,,,0.9668874144554138,0.375,0.13742761313915253,,,
0,47,,,,0.9714403748512268,0.4566929042339325,0.12575091421604156,,,
0,48,,,,0.9726821184158325,0.4803149700164795,0.1370193064212799,,,
0,49,,,,0.9737169146537781,0.4940239191055298,0.12576857209205627,,,
0,50,,,,0.9710264801979065,0.45736435055732727,0.12198880314826965,,,
0,51,,,,0.971647322177887,0.4584980309009552,0.11407382041215897,,,
0,52,,,,0.9701986908912659,0.4330708682537079,0.11644057929515839,,,
0,53,,,,0.9701986908912659,0.4375,0.11688752472400665,,,
0,54,,,,0.9695777893066406,0.40963855385780334,0.11137405037879944,,,
0,55,,,,0.9730960130691528,0.4881889820098877,0.10846662521362305,,,
0,56,,,,0.9728890657424927,0.4780876636505127,0.10337050259113312,,,
0,57,,,,0.9691638946533203,0.4110671877861023,0.11176405847072601,,,
0,58,,,,0.9706125855445862,0.4365079402923584,0.10156554728746414,,,
0,59,,,,0.967094361782074,0.3764705955982208,0.1045779213309288,,,
0,60,,,,0.9718543291091919,0.4560000002384186,0.10532771050930023,,,
0,61,,,,0.9697847962379456,0.41129031777381897,0.1031159982085228,,,
0,62,,,,0.9739238619804382,0.49193549156188965,0.10110699385404587,,,
0,63,,,,0.9712334275245667,0.4184100329875946,0.098832868039608,,,
0,64,,,,0.9712334275245667,0.4034334719181061,0.10159493237733841,,,
0,65,,,,0.973302960395813,0.4510638415813446,0.09781481325626373,,,
0,66,,,,0.9697847962379456,0.37068966031074524,0.09606216102838516,,,
0,67,,,,0.9706125855445862,0.37168142199516296,0.09491858631372452,,,
0,68,,,,0.9735099077224731,0.4336283206939697,0.09326313436031342,,,
0,69,,,,0.96875,0.34061136841773987,0.10056997090578079,,,
0,70,,,,0.9730960130691528,0.40909090638160706,0.08926647901535034,,,
0,71,,,,0.9735099077224731,0.4336283206939697,0.09400629252195358,,,
0,72,,,,0.9708195328712463,0.3842794895172119,0.09147219359874725,,,
0,73,,,,0.9726821184158325,0.4107142984867096,0.08885443955659866,,,
0,74,,,,0.9724751710891724,0.4192139804363251,0.09349744766950607,,,
0,75,,,,0.9685430526733398,0.3448275923728943,0.0966840609908104,,,
0,76,,,,0.9751655459403992,0.4871794879436493,0.08802938461303711,,,
0,77,,,,0.9728890657424927,0.4472573697566986,0.09364914149045944,,,
0,78,,,,0.9728890657424927,0.4472573697566986,0.09065123647451401,,,
0,79,,,,0.9706125855445862,0.40833333134651184,0.09714367240667343,,,
0,80,,,,0.9726821184158325,0.4590163826942444,0.09178981184959412,,,
0,81,,,,0.9741308093070984,0.47698745131492615,0.08922601491212845,,,
0,82,,,,0.9739238619804382,0.4878048896789551,0.08873460441827774,,,
0,83,,,,0.9685430526733398,0.3870967626571655,0.09740936011075974,,,
0,84,,,,0.970405638217926,0.41152262687683105,0.08935368061065674,,,
0,85,,,,0.9679222106933594,0.37246963381767273,0.09552837908267975,,,
0,86,,,,0.9741308093070984,0.49392712116241455,0.08808349817991257,,,
0,87,,,,0.9745447039604187,0.5020242929458618,0.08424638211727142,,,
0,88,,,,0.9706125855445862,0.42276424169540405,0.08814676851034164,,,
0,89,,,,0.9708195328712463,0.4291498064994812,0.09405693411827087,,,
0,90,,,,0.9735099077224731,0.4754098355770111,0.08924507349729538,,,
0,91,,,,0.9724751710891724,0.4571428596973419,0.08460360765457153,,,
0,92,,,,0.9706125855445862,0.41803279519081116,0.08852893114089966,,,
0,93,,,,0.9712334275245667,0.42323651909828186,0.08721992373466492,,,
0,94,,,,0.9726821184158325,0.44999998807907104,0.08650864660739899,,,
0,95,,,,0.973302960395813,0.4556961953639984,0.08819939196109772,,,
0,96,,,,0.9712334275245667,0.3982684016227722,0.08933120220899582,,,
0,97,,,,0.9735099077224731,0.4385964870452881,0.09199298918247223,,,
0,98,,,,0.9693708419799805,0.3451327383518219,0.0956539735198021,,,
0,99,,,,0.9718543291091919,0.40869563817977905,0.09025397151708603,,,
0,100,,,,0.9737169146537781,0.4304932653903961,0.08216756582260132,,,
0,101,,,,0.972061276435852,0.37788018584251404,0.08936667442321777,,,
0,102,,,,0.971647322177887,0.3444976210594177,0.0902203917503357,,,
0,103,,,,0.9730960130691528,0.38679245114326477,0.0877414122223854,,,
0,104,,,,0.9718543291091919,0.38181817531585693,0.08616220206022263,,,
0,105,,,,0.972061276435852,0.3891402781009674,0.0908312201499939,,,
0,106,,,,0.9753724932670593,0.4615384638309479,0.08445056527853012,,,
0,107,,,,0.9718543291091919,0.38181817531585693,0.0878228098154068,,,
0,108,,,,0.9710264801979065,0.3965517282485962,0.08904891461133957,,,
0,109,,,,0.9714403748512268,0.3669724762439728,0.0945749506354332,,,
0,110,,,,0.971647322177887,0.37442922592163086,0.08471837639808655,,,
0,111,,,,0.9695777893066406,0.33484163880348206,0.0885017067193985,,,
0,112,,,,0.9735099077224731,0.4128440320491791,0.0787578746676445,,,
0,113,,,,0.9724751710891724,0.4035874307155609,0.0899067148566246,,,
0,114,,,,0.9730960130691528,0.4144144058227539,0.08912196755409241,,,
0,115,,,,0.9710264801979065,0.4017094075679779,0.08735102415084839,,,
0,116,,,,0.9722682237625122,0.42241379618644714,0.08615057915449142,,,
0,117,,,,0.9718543291091919,0.3928571343421936,0.08429145067930222,,,
0,118,,,,0.9699917435646057,0.3497757911682129,0.08729066699743271,,,
0,119,,,,0.9745447039604187,0.4628821015357971,0.07855511456727982,,,
0,120,,,,0.9747516512870789,0.47863247990608215,0.08317066729068756,,,
0,121,,,,0.973302960395813,0.43668121099472046,0.0849241241812706,,,
0,122,,,,0.9724751710891724,0.4192139804363251,0.08743911236524582,,,
0,123,,,,0.9735099077224731,0.4336283206939697,0.0789303332567215,,,
0,124,,,,0.970405638217926,0.3914893567562103,0.08485177904367447,,,
0,125,,,,0.9743377566337585,0.4789915978908539,0.0838199183344841,,,
0,126,,,,0.9759933948516846,0.5126050710678101,0.08179988712072372,,,
0,127,,,,0.9745447039604187,0.4853556454181671,0.0861736312508583,,,
0,128,,,,0.9706125855445862,0.40336135029792786,0.0881144180893898,,,
0,129,,,,0.9735099077224731,0.462184876203537,0.08233462274074554,,,
0,130,,,,0.9743377566337585,0.47457626461982727,0.08396747708320618,,,
0,131,,,,0.9735099077224731,0.4482758641242981,0.08025122433900833,,,
0,132,,,,0.9724751710891724,0.42918455600738525,0.08780637383460999,,,
0,133,,,,0.9724751710891724,0.42918455600738525,0.08225597441196442,,,
0,134,,,,0.9712334275245667,0.40851062536239624,0.08081293106079102,,,
0,135,,,,0.973302960395813,0.46473029255867004,0.08130989223718643,,,
0,136,,,,0.9699917435646057,0.38818565011024475,0.08636356145143509,,,
0,137,,,,0.9770281314849854,0.5276595950126648,0.08231481164693832,,,
0,138,,,,0.9728890657424927,0.42794761061668396,0.08382678776979446,,,
0,139,,,,0.9724751710891724,0.4192139804363251,0.08216449618339539,,,
0,140,,,,0.9747516512870789,0.47413793206214905,0.08030685782432556,,,
0,141,,,,0.971647322177887,0.41201716661453247,0.08393604308366776,,,
0,142,,,,0.9737169146537781,0.4304932653903961,0.08347189426422119,,,
0,143,,,,0.974958598613739,0.471615731716156,0.08034320920705795,,,
0,144,,,,0.9728890657424927,0.43776825070381165,0.08367331326007843,,,
0,145,,,,0.9753724932670593,0.4803493320941925,0.08186596632003784,,,
0,146,,,,0.9745447039604187,0.4628821015357971,0.07764750719070435,,,
0,147,,,,0.9735099077224731,0.4385964870452881,0.07664881646633148,,,
0,148,,,,0.9708195328712463,0.40506330132484436,0.08511728793382645,,,
0,149,,,,0.9699917435646057,0.38818565011024475,0.09202329069375992,,,
0,150,,,,0.9747516512870789,0.49166667461395264,0.0768810585141182,,,
0,151,,,,0.9724751710891724,0.4388185739517212,0.08810538798570633,,,
0,152,,,,0.9712334275245667,0.40851062536239624,0.0832410529255867,,,
0,153,,,,0.9757864475250244,0.5145228505134583,0.08088256418704987,,,
0,154,,,,0.972061276435852,0.42060086131095886,0.08401564508676529,,,
0,155,,,,0.9751655459403992,0.4957983195781708,0.08179110288619995,,,
0,156,,,,0.9743377566337585,0.4876033067703247,0.07998611778020859,,,
0,157,,,,0.9701986908912659,0.38461539149284363,0.08654700219631195,,,
0,158,,,,0.9735099077224731,0.46666666865348816,0.08143764734268188,,,
0,159,,,,0.9735099077224731,0.46666666865348816,0.08002176135778427,,,
0,160,,,,0.974958598613739,0.4806866943836212,0.07966572046279907,,,
0,161,,,,0.9708195328712463,0.4000000059604645,0.0856262743473053,,,
0,162,,,,0.9714403748512268,0.41025641560554504,0.0801490917801857,,,
0,163,,,,0.9728890657424927,0.43290042877197266,0.08411682397127151,,,
0,164,,,,0.9739238619804382,0.4521739184856415,0.08343343436717987,,,
0,165,,,,0.971647322177887,0.4219409227371216,0.08383873105049133,,,
0,166,,,,0.9726821184158325,0.426086962223053,0.08898302167654037,,,
0,167,,,,0.9741308093070984,0.46351930499076843,0.08070351928472519,,,
0,168,,,,0.9762003421783447,0.49339208006858826,0.07683055102825165,,,
0,169,,,,0.9722682237625122,0.3963963985443115,0.08119679242372513,,,
0,170,,,,0.9739238619804382,0.4568965435028076,0.08153664320707321,,,
0,171,,,,0.974958598613739,0.4669603407382965,0.07786369323730469,,,
0,172,,,,0.9759933948516846,0.5126050710678101,0.07567761093378067,,,
0,173,,,,0.9714403748512268,0.4051724076271057,0.08441387116909027,,,
0,174,,,,0.9722682237625122,0.4273504316806793,0.07974863052368164,,,
0,175,,,,0.974958598613739,0.5061224699020386,0.08238007128238678,,,
0,176,,,,0.973302960395813,0.4510638415813446,0.08444995433092117,,,
0,177,,,,0.9764072895050049,0.5210084319114685,0.07579229772090912,,,
0,178,,,,0.972061276435852,0.4351464509963989,0.08773113042116165,,,
0,179,,,,0.9724751710891724,0.42918455600738525,0.0843864232301712,,,
0,180,,,,0.972061276435852,0.4104803502559662,0.08622124791145325,,,
0,181,,,,0.9759933948516846,0.5166666507720947,0.0742744654417038,,,
0,182,,,,0.9714403748512268,0.42500001192092896,0.0868043452501297,,,
0,183,,,,0.9768211841583252,0.5409836173057556,0.07601611316204071,,,
0,184,,,,0.9743377566337585,0.49180328845977783,0.07851630449295044,,,
0,185,,,,0.973302960395813,0.4819277226924896,0.07521948963403702,,,
0,186,,,,0.9764072895050049,0.5365853905677795,0.0783291757106781,,,
0,187,,,,0.9724751710891724,0.4615384638309479,0.08217461407184601,,,
0,188,,,,0.9751655459403992,0.5199999809265137,0.07721229642629623,,,
0,189,,,,0.9726821184158325,0.4590163826942444,0.0851786807179451,,,
0,190,,,,0.9730960130691528,0.47999998927116394,0.07941823452711105,,,
0,191,,,,0.9745447039604187,0.48962655663490295,0.07892345637083054,,,
0,192,,,,0.9757864475250244,0.5224489569664001,0.07631316781044006,,,
0,193,,,,0.9753724932670593,0.5062240958213806,0.08123514801263809,,,
0,194,,,,0.9751655459403992,0.5041322112083435,0.08387953042984009,,,
0,195,,,,0.9757864475250244,0.5145228505134583,0.07749859243631363,,,
0,196,,,,0.9747516512870789,0.5040650367736816,0.08193070441484451,,,
0,197,,,,0.9730960130691528,0.45378151535987854,0.07567989826202393,,,
0,198,,,,0.9722682237625122,0.4416666626930237,0.08357022702693939,,,
0,199,,,,0.973302960395813,0.46473029255867004,0.08073431253433228,,,
0,200,,,,0.9745447039604187,0.47659575939178467,0.07672056555747986,,,
0,201,,,,0.9751655459403992,0.49152541160583496,0.08402350544929504,,,
0,202,,,,0.9728890657424927,0.4229075014591217,0.07725360244512558,,,
0,203,,,,0.9737169146537781,0.45493561029434204,0.079041987657547,,,
0,204,,,,0.9724751710891724,0.4435146450996399,0.07930761575698853,,,
0,205,,,,0.9737169146537781,0.4502164423465729,0.07799262553453445,,,
0,206,,,,0.9730960130691528,0.4583333432674408,0.08582265675067902,,,
0,207,,,,0.9737169146537781,0.4641350209712982,0.08259262889623642,,,
0,208,,,,0.9739238619804382,0.4793388545513153,0.07977570593357086,,,
0,209,,,,0.9745447039604187,0.4853556454181671,0.07554863393306732,,,
0,210,,,,0.9757864475250244,0.5145228505134583,0.07388356328010559,,,
0,211,,,,0.9728890657424927,0.4564315378665924,0.07799648493528366,,,
0,212,,,,0.973302960395813,0.44155845046043396,0.07658341526985168,,,
0,213,,,,0.9745447039604187,0.4810126721858978,0.07971391081809998,,,
0,214,,,,0.974958598613739,0.4806866943836212,0.07537945359945297,,,
0,215,,,,0.9764072895050049,0.5289255976676941,0.08049067854881287,,,
0,216,,,,0.9737169146537781,0.48163264989852905,0.07785553485155106,,,
0,217,,,,0.9724751710891724,0.4388185739517212,0.07584992051124573,,,
0,218,,,,0.9730960130691528,0.44915252923965454,0.08289293199777603,,,
0,219,,,,0.9759933948516846,0.5166666507720947,0.07808026671409607,,,
0,220,,,,0.9728890657424927,0.4564315378665924,0.08054998517036438,,,
0,221,,,,0.973302960395813,0.4602510333061218,0.08235517144203186,,,
0,222,,,,0.9757864475250244,0.5145228505134583,0.08006086945533752,,,
0,223,,,,0.9768211841583252,0.5333333611488342,0.07109349220991135,,,
0,224,,,,0.9745447039604187,0.4938271641731262,0.08101552724838257,,,
0,225,,,,0.9741308093070984,0.4813278019428253,0.07553531974554062,,,
0,226,,,,0.9743377566337585,0.49180328845977783,0.07447502762079239,,,
0,227,,,,0.9737169146537781,0.4641350209712982,0.07740423083305359,,,
0,228,,,,0.9728890657424927,0.4738955795764923,0.07633472234010696,,,
0,229,,,,0.9743377566337585,0.4833333194255829,0.07940217107534409,,,
0,230,,,,0.9768211841583252,0.5371900796890259,0.0783257931470871,,,
0,231,,,,0.9745447039604187,0.48962655663490295,0.07511331140995026,,,
0,232,,,,0.9774420261383057,0.5587044358253479,0.07390110939741135,,,
0,233,,,,0.9747516512870789,0.48739495873451233,0.07690174132585526,,,
0,234,,,,0.9764072895050049,0.5327869057655334,0.07423464208841324,,,
0,235,,,,0.9755794405937195,0.5123966932296753,0.07863766700029373,,,
0,236,,,,0.9762003421783447,0.5267489552497864,0.07156042754650116,,,
0,237,,,,0.9751655459403992,0.49152541160583496,0.08081280440092087,,,
0,238,,,,0.9759933948516846,0.5166666507720947,0.07950801402330399,,,
0,239,,,,0.9782698750495911,0.5748987793922424,0.07158328592777252,,,
0,240,,,,0.9782698750495911,0.5748987793922424,0.07768066227436066,,,
0,241,,,,0.9751655459403992,0.5121951103210449,0.08117783069610596,,,
0,242,,,,0.9757864475250244,0.5301204919815063,0.07485095411539078,,,
0,243,,,,0.9747516512870789,0.5080645084381104,0.07068292051553726,,,
0,244,,,,0.9722682237625122,0.46399998664855957,0.08074794709682465,,,
0,245,,,,0.9747516512870789,0.5196850299835205,0.07524065673351288,,,
0,246,,,,0.9745447039604187,0.5020242929458618,0.07632188498973846,,,
0,247,,,,0.9722682237625122,0.4508196711540222,0.08208198845386505,,,
0,248,,,,0.9751655459403992,0.5121951103210449,0.08214687556028366,,,
0,249,,,,0.9752189517021179,0.5166666507720947,0.0740729495882988,,,
0,249,,,,,,,0.9746634364128113,0.49572864174842834,0.0766516849398613
1,250,,,,0.9780629277229309,0.5759999752044678,0.0697111040353775,,,
1,251,,,,0.9776490330696106,0.5462185144424438,0.07299909740686417,,,
1,252,,,,0.9739238619804382,0.4661017060279846,0.07399386912584305,,,
1,253,,,,0.9772350788116455,0.5564516186714172,0.07194104045629501,,,
1,254,,,,0.9770281314849854,0.5506072640419006,0.0750221237540245,,,
1,255,,,,0.9708195328712463,0.4197530746459961,0.07820366322994232,,,
1,256,,,,0.9753724932670593,0.5142857432365417,0.072616808116436,,,
1,257,,,,0.974958598613739,0.5061224699020386,0.07508279383182526,,,
1,258,,,,0.9757864475250244,0.5263158082962036,0.07233927398920059,,,
1,259,,,,0.9741308093070984,0.49392712116241455,0.078067846596241,,,
1,260,,,,0.9751655459403992,0.5161290168762207,0.0762072280049324,,,
1,261,,,,0.9743377566337585,0.49593496322631836,0.07310061156749725,,,
1,262,,,,0.9759933948516846,0.5245901346206665,0.07614219188690186,,,
1,263,,,,0.9751655459403992,0.5199999809265137,0.07484670728445053,,,
1,264,,,,0.9799255132675171,0.6104417443275452,0.07198716700077057,,,
1,265,,,,0.9782698750495911,0.5816733241081238,0.07213088124990463,,,
1,266,,,,0.9757864475250244,0.5104602575302124,0.07943592965602875,,,
1,267,,,,0.9768211841583252,0.5371900796890259,0.07226964831352234,,,
1,268,,,,0.9762003421783447,0.5267489552497864,0.07135434448719025,,,
1,269,,,,0.976614236831665,0.5387755036354065,0.07957953959703445,,,
1,270,,,,0.974958598613739,0.5179283022880554,0.07772144675254822,,,
1,271,,,,0.9784768223762512,0.5839999914169312,0.06842809915542603,,,
1,272,,,,0.9726821184158325,0.4761904776096344,0.07401911169290543,,,
1,273,,,,0.9782698750495911,0.5816733241081238,0.07085302472114563,,,
1,274,,,,0.9728890657424927,0.4609053432941437,0.07709655165672302,,,
1,275,,,,0.9751655459403992,0.5199999809265137,0.07485263794660568,,,
1,276,,,,0.9747516512870789,0.5120000243186951,0.07403168082237244,,,
1,277,,,,0.9743377566337585,0.5,0.07616973668336868,,,
1,278,,,,0.9776490330696106,0.5573770403862,0.07614482194185257,,,
1,279,,,,0.9751655459403992,0.5121951103210449,0.07470986247062683,,,
1,280,,,,0.9741308093070984,0.49799197912216187,0.07127230614423752,,,
1,281,,,,0.9753724932670593,0.522088348865509,0.0716758593916893,,,
1,282,,,,0.9759933948516846,0.5322580933570862,0.06989222764968872,,,
1,283,,,,0.9730960130691528,0.47580644488334656,0.07549715787172318,,,
1,284,,,,0.9730960130691528,0.47154471278190613,0.07322656363248825,,,
1,285,,,,0.9759933948516846,0.5360000133514404,0.07187653332948685,,,
1,286,,,,0.9753724932670593,0.5182186365127563,0.06563881039619446,,,
1,287,,,,0.9745447039604187,0.5020242929458618,0.07519491761922836,,,
1,288,,,,0.9747516512870789,0.48739495873451233,0.07562951743602753,,,
1,289,,,,0.9743377566337585,0.515625,0.07102669775485992,,,
1,290,,,,0.9741308093070984,0.49799197912216187,0.07559709995985031,,,
1,291,,,,0.9770281314849854,0.5612648129463196,0.07102083414793015,,,
1,292,,,,0.9759933948516846,0.5322580933570862,0.07213063538074493,,,
1,293,,,,0.9753724932670593,0.5182186365127563,0.06663665175437927,,,
1,294,,,,0.9770281314849854,0.5506072640419006,0.07133243978023529,,,
1,295,,,,0.9747516512870789,0.5080645084381104,0.07537396997213364,,,
1,296,,,,0.9747516512870789,0.47413793206214905,0.077581986784935,,,
1,297,,,,0.9759933948516846,0.5166666507720947,0.07460729032754898,,,
1,298,,,,0.9778559803962708,0.5560166239738464,0.07365604490041733,,,
1,299,,,,0.9741308093070984,0.4855967164039612,0.07293403893709183,,,
1,300,,,,0.9770281314849854,0.5316455960273743,0.0735958069562912,,,
1,301,,,,0.9764072895050049,0.5289255976676941,0.07576044648885727,,,
1,302,,,,0.9770281314849854,0.5394191145896912,0.07956061512231827,,,
1,303,,,,0.976614236831665,0.5271966457366943,0.07191397994756699,,,
1,304,,,,0.974958598613739,0.5061224699020386,0.07648283988237381,,,
1,305,,,,0.9726821184158325,0.43589743971824646,0.07937590032815933,,,
1,306,,,,0.9774420261383057,0.5514403581619263,0.06781242042779922,,,
1,307,,,,0.9772350788116455,0.5338982939720154,0.07405270636081696,,,
1,308,,,,0.9753724932670593,0.49789029359817505,0.07299035787582397,,,
1,309,,,,0.9759933948516846,0.508474588394165,0.06893756985664368,,,
1,310,,,,0.9747516512870789,0.49166667461395264,0.07157552987337112,,,
1,311,,,,0.971647322177887,0.42677825689315796,0.07924667000770569,,,
1,312,,,,0.9753724932670593,0.5102880597114563,0.07118585705757141,,,
1,313,,,,0.9759933948516846,0.5245901346206665,0.07864260673522949,,,
1,314,,,,0.9759933948516846,0.5245901346206665,0.07112415134906769,,,
1,315,,,,0.974958598613739,0.5179283022880554,0.07147068530321121,,,
1,316,,,,0.9757864475250244,0.5338645577430725,0.06885991990566254,,,
1,317,,,,0.9762003421783447,0.5454545617103577,0.07853539288043976,,,
1,318,,,,0.9747516512870789,0.5040650367736816,0.07479220628738403,,,
1,319,,,,0.9724751710891724,0.47843137383461,0.08111461251974106,,,
1,320,,,,0.9737169146537781,0.48995983600616455,0.06946217268705368,,,
1,321,,,,0.9764072895050049,0.5511810779571533,0.06811539083719254,,,
1,322,,,,0.976614236831665,0.5461847186088562,0.07478774338960648,,,
1,323,,,,0.9774420261383057,0.5791505575180054,0.0678078755736351,,,
1,324,,,,0.9751655459403992,0.5161290168762207,0.07450628280639648,,,
1,325,,,,0.974958598613739,0.5061224699020386,0.07262024283409119,,,
1,326,,,,0.9741308093070984,0.5059288740158081,0.07507120072841644,,,
1,327,,,,0.9714403748512268,0.4480000138282776,0.07454771548509598,,,
1,328,,,,0.973302960395813,0.4819277226924896,0.0799514427781105,,,
1,329,,,,0.9745447039604187,0.5138339996337891,0.0703192949295044,,,
1,330,,,,0.9782698750495911,0.5783132314682007,0.06504657864570618,,,
1,331,,,,0.974958598613739,0.5179283022880554,0.06994245946407318,,,
1,332,,,,0.9757864475250244,0.5338645577430725,0.07148600369691849,,,
1,333,,,,0.9735099077224731,0.4880000054836273,0.07588803023099899,,,
1,334,,,,0.9770281314849854,0.5469387769699097,0.07225194573402405,,,
1,335,,,,0.9751655459403992,0.5161290168762207,0.07417488843202591,,,
1,336,,,,0.9770281314849854,0.5612648129463196,0.06868491321802139,,,
1,337,,,,0.9799255132675171,0.613545835018158,0.06871028989553452,,,
1,338,,,,0.9776490330696106,0.5748031735420227,0.0657702162861824,,,
1,339,,,,0.9786837697029114,0.5992217659950256,0.06851832568645477,,,
1,340,,,,0.9759933948516846,0.5360000133514404,0.07374043017625809,,,
1,341,,,,0.9764072895050049,0.5546875,0.07186434417963028,,,
1,342,,,,0.974958598613739,0.5179283022880554,0.06946908682584763,,,
1,343,,,,0.9747516512870789,0.5271317958831787,0.07242704182863235,,,
1,344,,,,0.9774420261383057,0.575875461101532,0.06887476146221161,,,
1,345,,,,0.976614236831665,0.5533596873283386,0.06881355494260788,,,
1,346,,,,0.9780629277229309,0.5826771855354309,0.06497102975845337,,,
1,347,,,,0.9755794405937195,0.5317460298538208,0.07049982249736786,,,
1,348,,,,0.976614236831665,0.5349794030189514,0.06833241134881973,,,
1,349,,,,0.9741308093070984,0.5136186480522156,0.07319901138544083,,,
1,350,,,,0.9741308093070984,0.5019920468330383,0.0724986344575882,,,
1,351,,,,0.9755794405937195,0.527999997138977,0.06482642143964767,,,
1,352,,,,0.9743377566337585,0.5118110179901123,0.0697208046913147,,,
1,353,,,,0.9788907170295715,0.6015625,0.06862490624189377,,,
1,354,,,,0.976614236831665,0.5498008131980896,0.06712014228105545,,,
1,355,,,,0.973302960395813,0.4602510333061218,0.07234550267457962,,,
1,356,,,,0.9780629277229309,0.5691056847572327,0.06697575002908707,,,
1,357,,,,0.9762003421783447,0.5306122303009033,0.077195905148983,,,
1,358,,,,0.9778559803962708,0.5560166239738464,0.06718896329402924,,,
1,359,,,,0.974958598613739,0.4979253113269806,0.0728519931435585,,,
1,360,,,,0.973302960395813,0.4602510333061218,0.07610228657722473,,,
1,361,,,,0.9753724932670593,0.5142857432365417,0.06799566745758057,,,
1,362,,,,0.9757864475250244,0.5185185074806213,0.0720524787902832,,,
1,363,,,,0.9755794405937195,0.5203251838684082,0.07073863595724106,,,
1,364,,,,0.9747516512870789,0.48739495873451233,0.0757516622543335,,,
1,365,,,,0.9743377566337585,0.5,0.06810453534126282,,,
1,366,,,,0.9770281314849854,0.5612648129463196,0.07116323709487915,,,
1,367,,,,0.9768211841583252,0.5555555820465088,0.06510236859321594,,,
1,368,,,,0.9782698750495911,0.5643153786659241,0.06637997925281525,,,
1,369,,,,0.976614236831665,0.5387755036354065,0.06614156812429428,,,
1,370,,,,0.9759933948516846,0.5126050710678101,0.0688561201095581,,,
1,371,,,,0.9772350788116455,0.5564516186714172,0.061800267547369,,,
1,372,,,,0.9770281314849854,0.5355648398399353,0.06893333047628403,,,
1,373,,,,0.9730960130691528,0.4583333432674408,0.06719069182872772,,,
1,374,,,,0.976614236831665,0.5425100922584534,0.06672742962837219,,,
1,375,,,,0.9768211841583252,0.5483871102333069,0.06838353723287582,,,
1,376,,,,0.9759933948516846,0.5503876209259033,0.0719587430357933,,,
1,377,,,,0.9745447039604187,0.5138339996337891,0.06850867718458176,,,
1,378,,,,0.9751655459403992,0.5275590419769287,0.06887878477573395,,,
1,379,,,,0.9780629277229309,0.5725806355476379,0.06399662047624588,,,
1,380,,,,0.9762003421783447,0.5490196347236633,0.06615585833787918,,,
1,381,,,,0.976614236831665,0.5603112578392029,0.06437723338603973,,,
1,382,,,,0.9747516512870789,0.5158730149269104,0.06979693472385406,,,
1,383,,,,0.9772350788116455,0.5736433863639832,0.061635617166757584,,,
1,384,,,,0.976614236831665,0.5461847186088562,0.07056895643472672,,,
1,385,,,,0.9780629277229309,0.5859375,0.06569906324148178,,,
1,386,,,,0.9774420261383057,0.575875461101532,0.0697120651602745,,,
1,387,,,,0.9768211841583252,0.5757575631141663,0.06593170762062073,,,
1,388,,,,0.9762003421783447,0.5490196347236633,0.06679859012365341,,,
1,389,,,,0.9762003421783447,0.5559845566749573,0.07095690816640854,,,
1,390,,,,0.9764072895050049,0.5615384578704834,0.06842302531003952,,,
1,391,,,,0.9762003421783447,0.5627376437187195,0.06930232048034668,,,
1,392,,,,0.9751655459403992,0.5121951103210449,0.07357116043567657,,,
1,393,,,,0.974958598613739,0.5140562057495117,0.07239194959402084,,,
1,394,,,,0.9757864475250244,0.5375494360923767,0.07340152561664581,,,
1,395,,,,0.9759933948516846,0.5396825671195984,0.07089918106794357,,,
1,396,,,,0.976614236831665,0.5603112578392029,0.06536447256803513,,,
1,397,,,,0.9788907170295715,0.5920000076293945,0.06753554195165634,,,
1,398,,,,0.9762003421783447,0.5344129800796509,0.06499677151441574,,,
1,399,,,,0.9772350788116455,0.5491803288459778,0.06300477683544159,,,
1,400,,,,0.9759933948516846,0.5206611752510071,0.06799829006195068,,,
1,401,,,,0.9757864475250244,0.5185185074806213,0.06798835098743439,,,
1,402,,,,0.9774420261383057,0.5439330339431763,0.07152501493692398,,,
1,403,,,,0.974958598613739,0.5061224699020386,0.07713671773672104,,,
1,404,,,,0.976614236831665,0.5498008131980896,0.07182005047798157,,,
1,405,,,,0.9784768223762512,0.5630252361297607,0.06889998912811279,,,
1,406,,,,0.9776490330696106,0.550000011920929,0.07078348845243454,,,
1,407,,,,0.9782698750495911,0.5816733241081238,0.0632333979010582,,,
1,408,,,,0.9784768223762512,0.577235758304596,0.06268232315778732,,,
1,409,,,,0.9739238619804382,0.4749999940395355,0.06984730809926987,,,
1,410,,,,0.9795116186141968,0.6086956262588501,0.06391705572605133,,,
1,411,,,,0.9784768223762512,0.5905511975288391,0.06338448077440262,,,
1,412,,,,0.9764072895050049,0.5327869057655334,0.06971875578165054,,,
1,413,,,,0.9755794405937195,0.5123966932296753,0.06860963255167007,,,
1,414,,,,0.9793046116828918,0.60317462682724,0.06490989029407501,,,
1,415,,,,0.9753724932670593,0.5102880597114563,0.07226880639791489,,,
1,416,,,,0.9780629277229309,0.5759999752044678,0.0646451860666275,,,
1,417,,,,0.9710264801979065,0.4488188922405243,0.07939715683460236,,,
1,418,,,,0.9722682237625122,0.4765625,0.07911986857652664,,,
1,419,,,,0.9780629277229309,0.579365074634552,0.06573965400457382,,,
1,420,,,,0.9770281314849854,0.5714285969734192,0.06786216050386429,,,
1,421,,,,0.9797185659408569,0.6171875,0.06308306753635406,,,
1,422,,,,0.9790976643562317,0.5877550840377808,0.06165175512433052,,,
1,423,,,,0.9778559803962708,0.5770751237869263,0.06673730164766312,,,
1,424,,,,0.9784768223762512,0.6030534505844116,0.0641571506857872,,,
1,425,,,,0.9778559803962708,0.5803921818733215,0.06466986984014511,,,
1,426,,,,0.9741308093070984,0.5019920468330383,0.07597921788692474,,,
1,427,,,,0.9780629277229309,0.5725806355476379,0.06572867184877396,,,
1,428,,,,0.9770281314849854,0.5647059082984924,0.06752370297908783,,,
1,429,,,,0.9759933948516846,0.546875,0.06421671062707901,,,
1,430,,,,0.9782698750495911,0.5783132314682007,0.06839744746685028,,,
1,431,,,,0.976614236831665,0.5568627715110779,0.06468813121318817,,,
1,432,,,,0.974958598613739,0.52173912525177,0.06947199255228043,,,
1,433,,,,0.9730960130691528,0.47154471278190613,0.06868957728147507,,,
1,434,,,,0.9770281314849854,0.5680933594703674,0.06561517715454102,,,
1,435,,,,0.9753724932670593,0.5405405163764954,0.06840340793132782,,,
1,436,,,,0.974958598613739,0.5179283022880554,0.06845514476299286,,,
1,437,,,,0.974958598613739,0.5254902243614197,0.0675206184387207,,,
1,438,,,,0.9741308093070984,0.5136186480522156,0.07299470156431198,,,
1,439,,,,0.9819950461387634,0.6640926599502563,0.06292983889579773,,,
1,440,,,,0.9778559803962708,0.5803921818733215,0.06351792812347412,,,
1,441,,,,0.9768211841583252,0.565891444683075,0.0667918473482132,,,
1,442,,,,0.9753724932670593,0.5333333611488342,0.07656928896903992,,,
1,443,,,,0.9776490330696106,0.5748031735420227,0.07133390009403229,,,
1,444,,,,0.9747516512870789,0.5196850299835205,0.06918801367282867,,,
1,445,,,,0.9759933948516846,0.5396825671195984,0.06673935800790787,,,
1,446,,,,0.9737169146537781,0.4940239191055298,0.06944405287504196,,,
1,447,,,,0.9772350788116455,0.5528455376625061,0.07553834468126297,,,
1,448,,,,0.9764072895050049,0.5440000295639038,0.06352043151855469,,,
1,449,,,,0.9805463552474976,0.6240000128746033,0.06559615582227707,,,
1,450,,,,0.9809602499008179,0.640625,0.06232811138033867,,,
1,451,,,,0.9793046116828918,0.5967742204666138,0.06092497333884239,,,
1,452,,,,0.9757864475250244,0.5411764979362488,0.07680995017290115,,,
1,453,,,,0.9772350788116455,0.5634920597076416,0.06605469435453415,,,
1,454,,,,0.9786837697029114,0.5928853750228882,0.0665382370352745,,,
1,455,,,,0.9788907170295715,0.604651153087616,0.06655413657426834,,,
1,456,,,,0.9762003421783447,0.5454545617103577,0.07138295471668243,,,
1,457,,,,0.9753724932670593,0.5333333611488342,0.06547369062900543,,,
1,458,,,,0.9768211841583252,0.5483871102333069,0.0757116973400116,,,
1,459,,,,0.9743377566337585,0.4876033067703247,0.0718633383512497,,,
1,460,,,,0.9803394079208374,0.6215139627456665,0.063552126288414,,,
1,461,,,,0.9759933948516846,0.5538461804389954,0.06641281396150589,,,
1,462,,,,0.9784768223762512,0.59375,0.06515806168317795,,,
1,463,,,,0.9751655459403992,0.5161290168762207,0.06914970278739929,,,
1,464,,,,0.9807533025741577,0.6381322741508484,0.06343292444944382,,,
1,465,,,,0.9772350788116455,0.5703125,0.06416051834821701,,,
1,466,,,,0.9751655459403992,0.53125,0.06800617277622223,,,
1,467,,,,0.976614236831665,0.5533596873283386,0.06439439952373505,,,
1,468,,,,0.9772350788116455,0.5634920597076416,0.06480923295021057,,,
1,469,,,,0.9772350788116455,0.5564516186714172,0.062456101179122925,,,
1,470,,,,0.9782698750495911,0.5783132314682007,0.0623900443315506,,,
1,471,,,,0.9757864475250244,0.5375494360923767,0.07328110188245773,,,
1,472,,,,0.9780629277229309,0.5923076868057251,0.06341871619224548,,,
1,473,,,,0.9745447039604187,0.5020242929458618,0.0750969871878624,,,
1,474,,,,0.9786837697029114,0.5960784554481506,0.06568481773138046,,,
1,475,,,,0.9797185659408569,0.6230769157409668,0.06189398095011711,,,
1,476,,,,0.9797185659408569,0.6111111044883728,0.0628058984875679,,,
1,477,,,,0.9743377566337585,0.5230769515037537,0.06999081373214722,,,
1,478,,,,0.9774420261383057,0.572549045085907,0.06569215655326843,,,
1,479,,,,0.9745447039604187,0.5176470875740051,0.06955572217702866,,,
1,480,,,,0.9780629277229309,0.5954198241233826,0.0650414377450943,,,
1,481,,,,0.9768211841583252,0.5590550899505615,0.061384618282318115,,,
1,482,,,,0.9782698750495911,0.5748987793922424,0.0613669715821743,,,
1,483,,,,0.9813741445541382,0.6484375,0.05777153745293617,,,
1,484,,,,0.974958598613739,0.5363984704017639,0.07177438586950302,,,
1,485,,,,0.9751655459403992,0.5275590419769287,0.06450357288122177,,,
1,486,,,,0.9807533025741577,0.6409266591072083,0.0604376383125782,,,
1,487,,,,0.9745447039604187,0.5214007496833801,0.06980105489492416,,,
1,488,,,,0.9755794405937195,0.527999997138977,0.07103724032640457,,,
1,489,,,,0.9780629277229309,0.5954198241233826,0.06421193480491638,,,
1,490,,,,0.9793046116828918,0.6240601539611816,0.05747086554765701,,,
1,491,,,,0.9759933948516846,0.5433070659637451,0.06629767268896103,,,
1,492,,,,0.9739238619804382,0.5227272510528564,0.06507228314876556,,,
1,493,,,,0.9809602499008179,0.6515151262283325,0.060679152607917786,,,
1,494,,,,0.9813741445541382,0.6538461446762085,0.05867729336023331,,,
1,495,,,,0.981167197227478,0.6374502182006836,0.06233024597167969,,,
1,496,,,,0.9753724932670593,0.529644250869751,0.06978465616703033,,,
1,497,,,,0.9790976643562317,0.6273062825202942,0.0604449063539505,,,
1,498,,,,0.976614236831665,0.5603112578392029,0.06380985677242279,,,
1,499,,,,0.9794915318489075,0.6220472455024719,0.06736042350530624,,,
1,499,,,,,,,0.9778055548667908,0.5882366895675659,0.06519538164138794
2,500,,,,0.9772350788116455,0.5769230723381042,0.06717820465564728,,,
2,501,,,,0.9755794405937195,0.5354330539703369,0.061507269740104675,,,
2,502,,,,0.9757864475250244,0.5411764979362488,0.06473173201084137,,,
2,503,,,,0.9778559803962708,0.5868725776672363,0.06606506556272507,,,
2,504,,,,0.9753724932670593,0.5475285053253174,0.06376753747463226,,,
2,505,,,,0.9778559803962708,0.5836575627326965,0.06285230070352554,,,
2,506,,,,0.9768211841583252,0.5590550899505615,0.06866845488548279,,,
2,507,,,,0.9797185659408569,0.6259542107582092,0.05765669792890549,,,
2,508,,,,0.9809602499008179,0.6567164063453674,0.05935216695070267,,,
2,509,,,,0.9745447039604187,0.5176470875740051,0.06578730791807175,,,
2,510,,,,0.976614236831665,0.5568627715110779,0.06137077510356903,,,
2,511,,,,0.9801324605941772,0.6335877776145935,0.06418541818857193,,,
2,512,,,,0.9772350788116455,0.5669291615486145,0.07078675925731659,,,
2,513,,,,0.9784768223762512,0.5968992114067078,0.06264910101890564,,,
2,514,,,,0.9764072895050049,0.5440000295639038,0.07027120888233185,,,
2,515,,,,0.9751655459403992,0.5419847369194031,0.06545978039503098,,,
2,516,,,,0.9793046116828918,0.6124030947685242,0.06264839321374893,,,
2,517,,,,0.9790976643562317,0.6039215922355652,0.06296024471521378,,,
2,518,,,,0.9764072895050049,0.5546875,0.0647815391421318,,,
2,519,,,,0.9772350788116455,0.5703125,0.0637487918138504,,,
2,520,,,,0.9741308093070984,0.5019920468330383,0.06998173147439957,,,
2,521,,,,0.9815811514854431,0.6590038537979126,0.05606915429234505,,,
2,522,,,,0.9790976643562317,0.6007905006408691,0.06357825547456741,,,
2,523,,,,0.9778559803962708,0.5868725776672363,0.060533493757247925,,,
2,524,,,,0.9793046116828918,0.6153846383094788,0.06485423445701599,,,
2,525,,,,0.9774420261383057,0.575875461101532,0.06928305327892303,,,
2,526,,,,0.9768211841583252,0.5590550899505615,0.06301630288362503,,,
2,527,,,,0.9745447039604187,0.5060241222381592,0.07259014993906021,,,
2,528,,,,0.9795116186141968,0.6117647290229797,0.06267693638801575,,,
2,529,,,,0.9739238619804382,0.5,0.06750639528036118,,,
2,530,,,,0.976614236831665,0.5568627715110779,0.07148707658052444,,,
2,531,,,,0.9780629277229309,0.5923076868057251,0.06069809943437576,,,
2,532,,,,0.9793046116828918,0.6183205842971802,0.06402169167995453,,,
2,533,,,,0.9782698750495911,0.5914396643638611,0.06327924877405167,,,
2,534,,,,0.9786837697029114,0.5896414518356323,0.06543189287185669,,,
2,535,,,,0.9797185659408569,0.6171875,0.0676637515425682,,,
2,536,,,,0.9759933948516846,0.5360000133514404,0.0655335783958435,,,
2,537,,,,0.973302960395813,0.4901185631752014,0.07071645557880402,,,
2,538,,,,0.9770281314849854,0.5612648129463196,0.06362101435661316,,,
2,539,,,,0.976614236831665,0.5603112578392029,0.0687205046415329,,,
2,540,,,,0.9795116186141968,0.6147859692573547,0.05983104556798935,,,
2,541,,,,0.9772350788116455,0.5703125,0.06201915815472603,,,
2,542,,,,0.976614236831665,0.5637065768241882,0.06576813757419586,,,
2,543,,,,0.9762003421783447,0.541832685470581,0.06225074827671051,,,
2,544,,,,0.9770281314849854,0.5873606204986572,0.06093188002705574,,,
2,545,,,,0.9776490330696106,0.578125,0.06075054407119751,,,
2,546,,,,0.9764072895050049,0.5289255976676941,0.06713949143886566,,,
2,547,,,,0.9793046116828918,0.609375,0.06261496245861053,,,
2,548,,,,0.9774420261383057,0.5823754668235779,0.059281088411808014,,,
2,549,,,,0.9774420261383057,0.5691699385643005,0.0670132264494896,,,
2,550,,,,0.9759933948516846,0.5503876209259033,0.06237932667136192,,,
2,551,,,,0.9799255132675171,0.6254826188087463,0.06267742067575455,,,
2,552,,,,0.9772350788116455,0.5833333134651184,0.06145763397216797,,,
2,553,,,,0.9799255132675171,0.6283524632453918,0.05875568464398384,,,
2,554,,,,0.9774420261383057,0.5886792540550232,0.06151900440454483,,,
2,555,,,,0.9764072895050049,0.5476190447807312,0.06460873782634735,,,
2,556,,,,0.981167197227478,0.6486486196517944,0.052200473845005035,,,
2,557,,,,0.9770281314849854,0.5647059082984924,0.05701405927538872,,,
2,558,,,,0.973302960395813,0.4941176474094391,0.06925281137228012,,,
2,559,,,,0.9753724932670593,0.5475285053253174,0.06233222410082817,,,
2,560,,,,0.9790976643562317,0.6159695982933044,0.060151927173137665,,,
2,561,,,,0.9803394079208374,0.6360152959823608,0.05713255703449249,,,
2,562,,,,0.9817880988121033,0.6691729426383972,0.061910029500722885,,,
2,563,,,,0.9772350788116455,0.5864661931991577,0.06524329632520676,,,
2,564,,,,0.9755794405937195,0.5461538434028625,0.07168847322463989,,,
2,565,,,,0.9774420261383057,0.5886792540550232,0.0580744631588459,,,
2,566,,,,0.9793046116828918,0.6124030947685242,0.06052115559577942,,,
2,567,,,,0.9745447039604187,0.5176470875740051,0.06826294213533401,,,
2,568,,,,0.9776490330696106,0.5813953280448914,0.06157781556248665,,,
2,569,,,,0.9759933948516846,0.5538461804389954,0.07106027007102966,,,
2,570,,,,0.9772350788116455,0.5669291615486145,0.06818601489067078,,,
2,571,,,,0.9784768223762512,0.5839999914169312,0.06089846417307854,,,
2,572,,,,0.9803394079208374,0.6332046389579773,0.06044956296682358,,,
2,573,,,,0.9757864475250244,0.5301204919815063,0.07123137265443802,,,
2,574,,,,0.9780629277229309,0.5691056847572327,0.0621248334646225,,,
2,575,,,,0.9788907170295715,0.5887096524238586,0.06207993999123573,,,
2,576,,,,0.9770281314849854,0.5394191145896912,0.06256157904863358,,,
2,577,,,,0.9801324605941772,0.6129032373428345,0.055708955973386765,,,
2,578,,,,0.9780629277229309,0.5725806355476379,0.07150495797395706,,,
2,579,,,,0.9782698750495911,0.5714285969734192,0.06696377694606781,,,
2,580,,,,0.9774420261383057,0.5622490048408508,0.06722243130207062,,,
2,581,,,,0.9778559803962708,0.5900382995605469,0.06731965392827988,,,
2,582,,,,0.9780629277229309,0.579365074634552,0.06677406281232834,,,
2,583,,,,0.9764072895050049,0.5546875,0.06818736344575882,,,
2,584,,,,0.9780629277229309,0.5923076868057251,0.061222050338983536,,,
2,585,,,,0.9751655459403992,0.5275590419769287,0.0667661800980568,,,
2,586,,,,0.9784768223762512,0.5905511975288391,0.060901906341314316,,,
2,587,,,,0.9764072895050049,0.5546875,0.06935741007328033,,,
2,588,,,,0.9782698750495911,0.5977011322975159,0.06273622810840607,,,
2,589,,,,0.9788907170295715,0.6136363744735718,0.06186302751302719,,,
2,590,,,,0.9768211841583252,0.565891444683075,0.06293955445289612,,,
2,591,,,,0.9799255132675171,0.6283524632453918,0.06140923500061035,,,
2,592,,,,0.9770281314849854,0.5714285969734192,0.06419931352138519,,,
2,593,,,,0.9786837697029114,0.6053639650344849,0.05890925973653793,,,
2,594,,,,0.9780629277229309,0.5891472697257996,0.06773077696561813,,,
2,595,,,,0.9770281314849854,0.5747126340866089,0.06745996326208115,,,
2,596,,,,0.9776490330696106,0.5846154093742371,0.060300108045339584,,,
2,597,,,,0.9801324605941772,0.6363636255264282,0.05851098150014877,,,
2,598,,,,0.9801324605941772,0.6220472455024719,0.056953802704811096,,,
2,599,,,,0.9739238619804382,0.5116279125213623,0.06673479080200195,,,
2,600,,,,0.9770281314849854,0.5811320543289185,0.06431172788143158,,,
2,601,,,,0.9799255132675171,0.6339622735977173,0.061441630125045776,,,
2,602,,,,0.9780629277229309,0.5923076868057251,0.06451153010129929,,,
2,603,,,,0.9790976643562317,0.6159695982933044,0.060523394495248795,,,
2,604,,,,0.9795116186141968,0.6264150738716125,0.05953312665224075,,,
2,605,,,,0.9782698750495911,0.6096654534339905,0.06422879546880722,,,
2,606,,,,0.9755794405937195,0.5530303120613098,0.06276312470436096,,,
2,607,,,,0.9793046116828918,0.6212121248245239,0.05431357026100159,,,
2,608,,,,0.9768211841583252,0.572519063949585,0.0662488341331482,,,
2,609,,,,0.9780629277229309,0.5891472697257996,0.061074547469615936,,,
2,610,,,,0.9813741445541382,0.6511628031730652,0.05784028396010399,,,
2,611,,,,0.9778559803962708,0.5900382995605469,0.06409503519535065,,,
2,612,,,,0.9788907170295715,0.604651153087616,0.06206739693880081,,,
2,613,,,,0.9782698750495911,0.5945945978164673,0.06448160111904144,,,
2,614,,,,0.9784768223762512,0.59375,0.06115434691309929,,,
2,615,,,,0.976614236831665,0.5603112578392029,0.06158880516886711,,,
2,616,,,,0.9776490330696106,0.5645161271095276,0.06635942310094833,,,
2,617,,,,0.9774420261383057,0.5622490048408508,0.06306442618370056,,,
2,618,,,,0.9788907170295715,0.6015625,0.06739357113838196,,,
2,619,,,,0.9805463552474976,0.6384615302085876,0.05657912790775299,,,
2,620,,,,0.9768211841583252,0.565891444683075,0.07035154849290848,,,
2,621,,,,0.9759933948516846,0.5322580933570862,0.06324926763772964,,,
2,622,,,,0.9805463552474976,0.6356589198112488,0.057500749826431274,,,
2,623,,,,0.9778559803962708,0.5770751237869263,0.05762191116809845,,,
2,624,,,,0.976614236831665,0.5568627715110779,0.06036355346441269,,,
2,625,,,,0.9751655459403992,0.5384615659713745,0.06403980404138565,,,
2,626,,,,0.9790976643562317,0.6039215922355652,0.06590940803289413,,,
2,627,,,,0.9786837697029114,0.5928853750228882,0.06276839226484299,,,
2,628,,,,0.9788907170295715,0.6106870174407959,0.0617302767932415,,,
2,629,,,,0.9805463552474976,0.646616518497467,0.05785483494400978,,,
2,630,,,,0.9805463552474976,0.6240000128746033,0.05880555510520935,,,
2,631,,,,0.9815811514854431,0.6563706398010254,0.05823099985718727,,,
2,632,,,,0.9790976643562317,0.6100386381149292,0.05970166623592377,,,
2,633,,,,0.9795116186141968,0.6147859692573547,0.06303032487630844,,,
2,634,,,,0.9782698750495911,0.6067415475845337,0.06267327815294266,,,
2,635,,,,0.9793046116828918,0.6153846383094788,0.06058494746685028,,,
2,636,,,,0.9772350788116455,0.5600000023841858,0.05535038560628891,,,
2,637,,,,0.9786837697029114,0.6023166179656982,0.060383595526218414,,,
2,638,,,,0.9809602499008179,0.6592592597007751,0.06493569910526276,,,
2,639,,,,0.9768211841583252,0.5820895433425903,0.06627851724624634,,,
2,640,,,,0.9801324605941772,0.641791045665741,0.055754099041223526,,,
2,641,,,,0.9778559803962708,0.5836575627326965,0.064471535384655,,,
2,642,,,,0.9780629277229309,0.5954198241233826,0.060771968215703964,,,
2,643,,,,0.9793046116828918,0.6153846383094788,0.06092953309416771,,,
2,644,,,,0.9778559803962708,0.5770751237869263,0.05984080955386162,,,
2,645,,,,0.9795116186141968,0.6264150738716125,0.059000834822654724,,,
2,646,,,,0.9776490330696106,0.578125,0.06189071014523506,,,
2,647,,,,0.9795116186141968,0.6235741376876831,0.05776248872280121,,,
2,648,,,,0.9784768223762512,0.5968992114067078,0.059755951166152954,,,
2,649,,,,0.9780629277229309,0.5826771855354309,0.0661667063832283,,,
2,650,,,,0.9803394079208374,0.6441947817802429,0.06377263367176056,,,
2,651,,,,0.9797185659408569,0.6315789222717285,0.05375190079212189,,,
2,652,,,,0.9782698750495911,0.6125461459159851,0.05878579989075661,,,
2,653,,,,0.9776490330696106,0.5846154093742371,0.06220060959458351,,,
2,654,,,,0.9772350788116455,0.580152690410614,0.06471677124500275,,,
2,655,,,,0.9826158881187439,0.6818181872367859,0.05616825819015503,,,
2,656,,,,0.9805463552474976,0.654411792755127,0.05782145634293556,,,
2,657,,,,0.9778559803962708,0.5770751237869263,0.061509788036346436,,,
2,658,,,,0.9803394079208374,0.6274510025978088,0.062368664890527725,,,
2,659,,,,0.9784768223762512,0.59375,0.06421313434839249,,,
2,660,,,,0.9793046116828918,0.6212121248245239,0.059820592403411865,,,
2,661,,,,0.9801324605941772,0.6335877776145935,0.055277105420827866,,,
2,662,,,,0.9786837697029114,0.5928853750228882,0.05833775922656059,,,
2,663,,,,0.9805463552474976,0.6384615302085876,0.059782080352306366,,,
2,664,,,,0.9795116186141968,0.6117647290229797,0.06112213805317879,,,
2,665,,,,0.9778559803962708,0.5803921818733215,0.06132105737924576,,,
2,666,,,,0.9797185659408569,0.6201550364494324,0.057337090373039246,,,
2,667,,,,0.9805463552474976,0.6356589198112488,0.06167794391512871,,,
2,668,,,,0.9774420261383057,0.572549045085907,0.06329641491174698,,,
2,669,,,,0.9809602499008179,0.643410861492157,0.0552484504878521,,,
2,670,,,,0.9784768223762512,0.59375,0.062190163880586624,,,
2,671,,,,0.9768211841583252,0.5757575631141663,0.06213543564081192,,,
2,672,,,,0.9772350788116455,0.5564516186714172,0.06855173408985138,,,
2,673,,,,0.9801324605941772,0.6470588445663452,0.056863993406295776,,,
2,674,,,,0.9747516512870789,0.5271317958831787,0.0667773112654686,,,
2,675,,,,0.9801324605941772,0.644444465637207,0.060385458171367645,,,
2,676,,,,0.9782698750495911,0.5945945978164673,0.06367912143468857,,,
2,677,,,,0.9799255132675171,0.6394051909446716,0.05876270681619644,,,
2,678,,,,0.9801324605941772,0.6390977501869202,0.05645618215203285,,,
2,679,,,,0.9768211841583252,0.565891444683075,0.06617043167352676,,,
2,680,,,,0.9770281314849854,0.5747126340866089,0.061940230429172516,,,
2,681,,,,0.9790976643562317,0.6159695982933044,0.05510055646300316,,,
2,682,,,,0.9776490330696106,0.5939849615097046,0.06254526972770691,,,
2,683,,,,0.9784768223762512,0.6060606241226196,0.06008392572402954,,,
2,684,,,,0.9768211841583252,0.5820895433425903,0.05977379158139229,,,
2,685,,,,0.9813741445541382,0.6538461446762085,0.05736732482910156,,,
2,686,,,,0.9764072895050049,0.5511810779571533,0.06201512739062309,,,
2,687,,,,0.9757864475250244,0.5551331043243408,0.06211808696389198,,,
2,688,,,,0.9807533025741577,0.629482090473175,0.057856880128383636,,,
2,689,,,,0.981167197227478,0.6513410210609436,0.055104274302721024,,,
2,690,,,,0.981167197227478,0.6591760516166687,0.05394214391708374,,,
2,691,,,,0.9774420261383057,0.5691699385643005,0.05690374597907066,,,
2,692,,,,0.9809602499008179,0.6515151262283325,0.058170389384031296,,,
2,693,,,,0.9770281314849854,0.5811320543289185,0.06267130374908447,,,
2,694,,,,0.9795116186141968,0.6206896305084229,0.0583064965903759,,,
2,695,,,,0.9784768223762512,0.6000000238418579,0.060974474996328354,,,
2,696,,,,0.9759933948516846,0.5572519302368164,0.05972377210855484,,,
2,697,,,,0.9778559803962708,0.5931559205055237,0.055073630064725876,,,
2,698,,,,0.9799255132675171,0.6311787366867065,0.0565640851855278,,,
2,699,,,,0.9784768223762512,0.6090225577354431,0.061209503561258316,,,
2,700,,,,0.9788907170295715,0.607692301273346,0.06268016993999481,,,
2,701,,,,0.9784768223762512,0.5968992114067078,0.05982789397239685,,,
2,702,,,,0.9786837697029114,0.6142321825027466,0.05588444322347641,,,
2,703,,,,0.9776490330696106,0.5939849615097046,0.058696355670690536,,,
2,704,,,,0.9809602499008179,0.6461538672447205,0.05924741551280022,,,
2,705,,,,0.9799255132675171,0.6225680708885193,0.05992453545331955,,,
2,706,,,,0.9797185659408569,0.6230769157409668,0.0587213896214962,,,
2,707,,,,0.9799255132675171,0.63670414686203,0.055410586297512054,,,
2,708,,,,0.9803394079208374,0.6468401551246643,0.05981423705816269,,,
2,709,,,,0.9809602499008179,0.6515151262283325,0.05182916671037674,,,
2,710,,,,0.9813741445541382,0.6616541147232056,0.051683034747838974,,,
2,711,,,,0.9797185659408569,0.6370370388031006,0.059495750814676285,,,
2,712,,,,0.9799255132675171,0.6420664191246033,0.05817481502890587,,,
2,713,,,,0.9819950461387634,0.6741573214530945,0.05653173103928566,,,
2,714,,,,0.9768211841583252,0.5757575631141663,0.05820665881037712,,,
2,715,,,,0.9790976643562317,0.6273062825202942,0.06424238532781601,,,
2,716,,,,0.9805463552474976,0.6518518328666687,0.05250302329659462,,,
2,717,,,,0.9782698750495911,0.6037735939025879,0.057614535093307495,,,
2,718,,,,0.9830297827720642,0.7007299065589905,0.05569783225655556,,,
2,719,,,,0.9795116186141968,0.6206896305084229,0.06317460536956787,,,
2,720,,,,0.9797185659408569,0.6315789222717285,0.05629625543951988,,,
2,721,,,,0.9772350788116455,0.580152690410614,0.06246441602706909,,,
2,722,,,,0.9799255132675171,0.6254826188087463,0.061823390424251556,,,
2,723,,,,0.9755794405937195,0.5354330539703369,0.06260470300912857,,,
2,724,,,,0.9801324605941772,0.6496350169181824,0.056242186576128006,,,
2,725,,,,0.9815811514854431,0.6763636469841003,0.0536235012114048,,,
2,726,,,,0.9805463552474976,0.6412213444709778,0.06419768184423447,,,
2,727,,,,0.9784768223762512,0.6000000238418579,0.06233084574341774,,,
2,728,,,,0.9778559803962708,0.5803921818733215,0.05859800800681114,,,
2,729,,,,0.9786837697029114,0.6171003580093384,0.05618596822023392,,,
2,730,,,,0.9788907170295715,0.604651153087616,0.0566771999001503,,,
2,731,,,,0.9780629277229309,0.6102941036224365,0.0617610365152359,,,
2,732,,,,0.9782698750495911,0.5783132314682007,0.06549187749624252,,,
2,733,,,,0.9784768223762512,0.6000000238418579,0.0641910508275032,,,
2,734,,,,0.9799255132675171,0.6339622735977173,0.05872539430856705,,,
2,735,,,,0.9780629277229309,0.5923076868057251,0.05906626209616661,,,
2,736,,,,0.9801324605941772,0.6363636255264282,0.06214907392859459,,,
2,737,,,,0.9807533025741577,0.649056613445282,0.05801953747868538,,,
2,738,,,,0.9797185659408569,0.6201550364494324,0.05905222147703171,,,
2,739,,,,0.9813741445541382,0.6691176295280457,0.05685151368379593,,,
2,740,,,,0.976614236831665,0.5498008131980896,0.06479261815547943,,,
2,741,,,,0.9786837697029114,0.5992217659950256,0.0639757290482521,,,
2,742,,,,0.9805463552474976,0.6492537260055542,0.05720726028084755,,,
2,743,,,,0.9793046116828918,0.6268656849861145,0.061852600425481796,,,
2,744,,,,0.9805463552474976,0.6412213444709778,0.0647016242146492,,,
2,745,,,,0.9795116186141968,0.6319702863693237,0.06065181642770767,,,
2,746,,,,0.9778559803962708,0.6022304892539978,0.06190097704529762,,,
2,747,,,,0.9774420261383057,0.575875461101532,0.06301616132259369,,,
2,748,,,,0.982822835445404,0.6937269568443298,0.05146404355764389,,,
2,749,,,,0.9786370396614075,0.6124030947685242,0.06078062951564789,,,
2,749,,,,,,,0.9792904257774353,0.6265460252761841,0.059581298381090164
3,750,,,,0.9778559803962708,0.5931559205055237,0.0677119717001915,,,
3,751,,,,0.9782698750495911,0.6067415475845337,0.059907376766204834,,,
3,752,,,,0.9824089407920837,0.6886447072029114,0.05365007370710373,,,
3,753,,,,0.9778559803962708,0.6080586314201355,0.058778900653123856,,,
3,754,,,,0.9776490330696106,0.5909090638160706,0.06545325368642807,,,
3,755,,,,0.9805463552474976,0.654411792755127,0.061183713376522064,,,
3,756,,,,0.981167197227478,0.6666666865348816,0.05609634891152382,,,
3,757,,,,0.9801324605941772,0.6335877776145935,0.06008630245923996,,,
3,758,,,,0.9786837697029114,0.6142321825027466,0.06000937521457672,,,
3,759,,,,0.9776490330696106,0.5970149040222168,0.05883688107132912,,,
3,760,,,,0.9782698750495911,0.6007604598999023,0.06334714591503143,,,
3,761,,,,0.9797185659408569,0.6315789222717285,0.0589432418346405,,,
3,762,,,,0.9772350788116455,0.6014492511749268,0.06486202031373978,,,
3,763,,,,0.9780629277229309,0.6015037298202515,0.05713062360882759,,,
3,764,,,,0.9772350788116455,0.580152690410614,0.06827201694250107,,,
3,765,,,,0.9757864475250244,0.5482625365257263,0.06707991659641266,,,
3,766,,,,0.9795116186141968,0.6117647290229797,0.05810651555657387,,,
3,767,,,,0.9759933948516846,0.5572519302368164,0.060537535697221756,,,
3,768,,,,0.9795116186141968,0.6206896305084229,0.06351888924837112,,,
3,769,,,,0.9793046116828918,0.6062992215156555,0.06192285194993019,,,
3,770,,,,0.9799255132675171,0.6196078658103943,0.05558982864022255,,,
3,771,,,,0.9770281314849854,0.5612648129463196,0.057597167789936066,,,
3,772,,,,0.981167197227478,0.6539924144744873,0.05309595167636871,,,
3,773,,,,0.9813741445541382,0.6590909361839294,0.05083329603075981,,,
3,774,,,,0.9784768223762512,0.59375,0.05645202472805977,,,
3,775,,,,0.9797185659408569,0.6201550364494324,0.06206239014863968,,,
3,776,,,,0.9807533025741577,0.6352941393852234,0.05732417479157448,,,
3,777,,,,0.9774420261383057,0.5691699385643005,0.06419407576322556,,,
3,778,,,,0.9793046116828918,0.6124030947685242,0.05568832904100418,,,
3,779,,,,0.9774420261383057,0.575875461101532,0.05760522559285164,,,
3,780,,,,0.9809602499008179,0.6592592597007751,0.04588766396045685,,,
3,781,,,,0.9797185659408569,0.6201550364494324,0.057692497968673706,,,
3,782,,,,0.9778559803962708,0.5836575627326965,0.06381360441446304,,,
3,783,,,,0.981167197227478,0.6666666865348816,0.058044422417879105,,,
3,784,,,,0.9805463552474976,0.6356589198112488,0.05509064346551895,,,
3,785,,,,0.9799255132675171,0.6339622735977173,0.0597415454685688,,,
3,786,,,,0.9840645790100098,0.7200000286102295,0.048216186463832855,,,
3,787,,,,0.976614236831665,0.5670498013496399,0.05935581773519516,,,
3,788,,,,0.9832367300987244,0.7011070251464844,0.054656993597745895,,,
3,789,,,,0.9805463552474976,0.6492537260055542,0.05531654506921768,,,
3,790,,,,0.9774420261383057,0.5823754668235779,0.06169962137937546,,,
3,791,,,,0.9778559803962708,0.5836575627326965,0.05611640587449074,,,
3,792,,,,0.9793046116828918,0.6183205842971802,0.0625225305557251,,,
3,793,,,,0.9790976643562317,0.6273062825202942,0.060844775289297104,,,
3,794,,,,0.9790976643562317,0.6217228174209595,0.05967039614915848,,,
3,795,,,,0.976614236831665,0.5860806107521057,0.06661814451217651,,,
3,796,,,,0.976614236831665,0.5920577645301819,0.06264647096395493,,,
3,797,,,,0.9793046116828918,0.6323529481887817,0.058716367930173874,,,
3,798,,,,0.9840645790100098,0.7179487347602844,0.05404817312955856,,,
3,799,,,,0.9793046116828918,0.6212121248245239,0.05960608646273613,,,
3,800,,,,0.9762003421783447,0.5660377144813538,0.06568098813295364,,,
3,801,,,,0.9813741445541382,0.6715328693389893,0.05223940685391426,,,
3,802,,,,0.9772350788116455,0.5769230723381042,0.06367884576320648,,,
3,803,,,,0.9807533025741577,0.629482090473175,0.05862156301736832,,,
3,804,,,,0.9782698750495911,0.5977011322975159,0.06182568147778511,,,
3,805,,,,0.9826158881187439,0.6818181872367859,0.05343032255768776,,,
3,806,,,,0.9795116186141968,0.5925925970077515,0.05875227600336075,,,
3,807,,,,0.981167197227478,0.6459143757820129,0.05431603267788887,,,
3,808,,,,0.9788907170295715,0.5984252095222473,0.061529770493507385,,,
3,809,,,,0.9784768223762512,0.59375,0.05898088589310646,,,
3,810,,,,0.9799255132675171,0.6283524632453918,0.05790696665644646,,,
3,811,,,,0.9805463552474976,0.6412213444709778,0.061517663300037384,,,
3,812,,,,0.9768211841583252,0.5625,0.061918459832668304,,,
3,813,,,,0.9793046116828918,0.609375,0.060238055884838104,,,
3,814,,,,0.9819950461387634,0.6640926599502563,0.05680522695183754,,,
3,815,,,,0.9764072895050049,0.5476190447807312,0.06445158272981644,,,
3,816,,,,0.9747516512870789,0.5234375,0.06278786808252335,,,
3,817,,,,0.9809602499008179,0.643410861492157,0.05455422401428223,,,
3,818,,,,0.9803394079208374,0.6494464874267578,0.051179707050323486,,,
3,819,,,,0.9797185659408569,0.6171875,0.05583057180047035,,,
3,820,,,,0.9809602499008179,0.6541353464126587,0.05846099182963371,,,
3,821,,,,0.9803394079208374,0.6441947817802429,0.06099335849285126,,,
3,822,,,,0.9801324605941772,0.6390977501869202,0.05783965066075325,,,
3,823,,,,0.9778559803962708,0.5962263941764832,0.06642358005046844,,,
3,824,,,,0.9799255132675171,0.6394051909446716,0.05880918726325035,,,
3,825,,,,0.9817880988121033,0.6788321137428284,0.054402004927396774,,,
3,826,,,,0.9786837697029114,0.6199262142181396,0.05680018663406372,,,
3,827,,,,0.9797185659408569,0.6315789222717285,0.05442344769835472,,,
3,828,,,,0.9793046116828918,0.6268656849861145,0.058401696383953094,,,
3,829,,,,0.9824089407920837,0.6840148568153381,0.05369642376899719,,,
3,830,,,,0.9819950461387634,0.6640926599502563,0.05848594754934311,,,
3,831,,,,0.9793046116828918,0.6240601539611816,0.051567986607551575,,,
3,832,,,,0.9793046116828918,0.6268656849861145,0.053167570382356644,,,
3,833,,,,0.9803394079208374,0.6468401551246643,0.0539616160094738,,,
3,834,,,,0.981167197227478,0.6539924144744873,0.05214300379157066,,,
3,835,,,,0.9780629277229309,0.6015037298202515,0.0566096156835556,,,
3,836,,,,0.981167197227478,0.6513410210609436,0.05784591659903526,,,
3,837,,,,0.9768211841583252,0.5757575631141663,0.06190483272075653,,,
3,838,,,,0.9799255132675171,0.6339622735977173,0.061428625136613846,,,
3,839,,,,0.9819950461387634,0.678966760635376,0.05338899418711662,,,
3,840,,,,0.9770281314849854,0.5747126340866089,0.06456489861011505,,,
3,841,,,,0.9819950461387634,0.6765799522399902,0.056600600481033325,,,
3,842,,,,0.9776490330696106,0.5970149040222168,0.05560708045959473,,,
3,843,,,,0.9793046116828918,0.6268656849861145,0.06152127683162689,,,
3,844,,,,0.9813741445541382,0.6691176295280457,0.05632986128330231,,,
3,845,,,,0.9807533025741577,0.6618182063102722,0.054446086287498474,,,
3,846,,,,0.9801324605941772,0.6307692527770996,0.06110691651701927,,,
3,847,,,,0.9795116186141968,0.6235741376876831,0.054917532950639725,,,
3,848,,,,0.9786837697029114,0.6142321825027466,0.058214250952005386,,,
3,849,,,,0.9786837697029114,0.6113207340240479,0.061357755213975906,,,
3,850,,,,0.9795116186141968,0.6177605986595154,0.05951368436217308,,,
3,851,,,,0.9803394079208374,0.6468401551246643,0.05664166063070297,,,
3,852,,,,0.9784768223762512,0.59375,0.05897917225956917,,,
3,853,,,,0.976614236831665,0.5637065768241882,0.06387446820735931,,,
3,854,,,,0.9807533025741577,0.6516854166984558,0.053658775985240936,,,
3,855,,,,0.9813741445541382,0.6641790866851807,0.0516718253493309,,,
3,856,,,,0.9809602499008179,0.6515151262283325,0.054589126259088516,,,
3,857,,,,0.9784768223762512,0.614814817905426,0.05909789726138115,,,
3,858,,,,0.9784768223762512,0.6060606241226196,0.0594794787466526,,,
3,859,,,,0.9813741445541382,0.6715328693389893,0.055499494075775146,,,
3,860,,,,0.9782698750495911,0.6067415475845337,0.0588814802467823,,,
3,861,,,,0.9778559803962708,0.6051660776138306,0.05677107721567154,,,
3,862,,,,0.9803394079208374,0.6360152959823608,0.05681079626083374,,,
3,863,,,,0.9776490330696106,0.5813953280448914,0.06013689562678337,,,
3,864,,,,0.9813741445541382,0.6739130616188049,0.05406033620238304,,,
3,865,,,,0.9826158881187439,0.6818181872367859,0.05913509055972099,,,
3,866,,,,0.9790976643562317,0.6130267977714539,0.060103271156549454,,,
3,867,,,,0.9795116186141968,0.6206896305084229,0.05837160721421242,,,
3,868,,,,0.9815811514854431,0.6641509532928467,0.05677228420972824,,,
3,869,,,,0.9830297827720642,0.7028985619544983,0.049589529633522034,,,
3,870,,,,0.9803394079208374,0.6468401551246643,0.05497724190354347,,,
3,871,,,,0.9809602499008179,0.6592592597007751,0.053996775299310684,,,
3,872,,,,0.9782698750495911,0.6125461459159851,0.054750677198171616,,,
3,873,,,,0.9774420261383057,0.6007326245307922,0.057164646685123444,,,
3,874,,,,0.9776490330696106,0.5909090638160706,0.06316504627466202,,,
3,875,,,,0.9826158881187439,0.6865671873092651,0.05141659453511238,,,
3,876,,,,0.9793046116828918,0.6124030947685242,0.06379520148038864,,,
3,877,,,,0.9809602499008179,0.6592592597007751,0.05482003465294838,,,
3,878,,,,0.9776490330696106,0.5909090638160706,0.06164679676294327,,,
3,879,,,,0.9793046116828918,0.6124030947685242,0.06060827523469925,,,
3,880,,,,0.9790976643562317,0.6273062825202942,0.05384150892496109,,,
3,881,,,,0.9807533025741577,0.6618182063102722,0.056185442954301834,,,
3,882,,,,0.9795116186141968,0.6319702863693237,0.05990816652774811,,,
3,883,,,,0.9776490330696106,0.5939849615097046,0.062030185014009476,,,
3,884,,,,0.9780629277229309,0.5891472697257996,0.05945561081171036,,,
3,885,,,,0.9778559803962708,0.5962263941764832,0.05453549325466156,,,
3,886,,,,0.9776490330696106,0.5970149040222168,0.0560973584651947,,,
3,887,,,,0.9776490330696106,0.5813953280448914,0.061426009982824326,,,
3,888,,,,0.9788907170295715,0.625,0.05709073320031166,,,
3,889,,,,0.9799255132675171,0.6420664191246033,0.05247753858566284,,,
3,890,,,,0.9801324605941772,0.6390977501869202,0.05782407149672508,,,
3,891,,,,0.9815811514854431,0.6691449880599976,0.05131148546934128,,,
3,892,,,,0.9799255132675171,0.6420664191246033,0.052907973527908325,,,
3,893,,,,0.9826158881187439,0.6818181872367859,0.054419174790382385,,,
3,894,,,,0.9817880988121033,0.6716417670249939,0.05174635723233223,,,
3,895,,,,0.9807533025741577,0.6516854166984558,0.05956229194998741,,,
3,896,,,,0.9793046116828918,0.6212121248245239,0.05850328505039215,,,
3,897,,,,0.9778559803962708,0.5962263941764832,0.06781841069459915,,,
3,898,,,,0.9790976643562317,0.6273062825202942,0.059496715664863586,,,
3,899,,,,0.9772350788116455,0.5985401272773743,0.06290295720100403,,,
3,900,,,,0.981167197227478,0.6513410210609436,0.05736185982823372,,,
3,901,,,,0.9764072895050049,0.5511810779571533,0.056251972913742065,,,
3,902,,,,0.9793046116828918,0.6296296119689941,0.0558324009180069,,,
3,903,,,,0.9780629277229309,0.6102941036224365,0.0552385151386261,,,
3,904,,,,0.9790976643562317,0.6159695982933044,0.0594523586332798,,,
3,905,,,,0.9819950461387634,0.6741573214530945,0.05827644094824791,,,
3,906,,,,0.9803394079208374,0.6520146727561951,0.0547465980052948,,,
3,907,,,,0.9790976643562317,0.624535322189331,0.05835319682955742,,,
3,908,,,,0.9776490330696106,0.5909090638160706,0.0616300143301487,,,
3,909,,,,0.9813741445541382,0.6715328693389893,0.05710459128022194,,,
3,910,,,,0.9805463552474976,0.6618704795837402,0.04873218759894371,,,
3,911,,,,0.9815811514854431,0.6641509532928467,0.054798588156700134,,,
3,912,,,,0.9780629277229309,0.5923076868057251,0.057305656373500824,,,
3,913,,,,0.9799255132675171,0.6311787366867065,0.05846715718507767,,,
3,914,,,,0.9782698750495911,0.5977011322975159,0.06155852600932121,,,
3,915,,,,0.9817880988121033,0.6666666865348816,0.05318894237279892,,,
3,916,,,,0.9803394079208374,0.6360152959823608,0.05543246492743492,,,
3,917,,,,0.9813741445541382,0.6538461446762085,0.05194147676229477,,,
3,918,,,,0.9795116186141968,0.6177605986595154,0.061555154621601105,,,
3,919,,,,0.9803394079208374,0.6360152959823608,0.05569768697023392,,,
3,920,,,,0.9782698750495911,0.5914396643638611,0.06220079958438873,,,
3,921,,,,0.9815811514854431,0.6666666865348816,0.055204275995492935,,,
3,922,,,,0.9807533025741577,0.654275119304657,0.052310191094875336,,,
3,923,,,,0.9834437370300293,0.6992481350898743,0.0517817921936512,,,
3,924,,,,0.9801324605941772,0.6363636255264282,0.05315029248595238,,,
3,925,,,,0.9834437370300293,0.7014925479888916,0.054207365959882736,,,
3,926,,,,0.9836506843566895,0.701886773109436,0.04912228137254715,,,
3,927,,,,0.9832367300987244,0.7032967209815979,0.05301249399781227,,,
3,928,,,,0.9793046116828918,0.6268656849861145,0.060718171298503876,,,
3,929,,,,0.9770281314849854,0.5779467821121216,0.0680723711848259,,,
3,930,,,,0.9776490330696106,0.6058394312858582,0.05209821090102196,,,
3,931,,,,0.9788907170295715,0.6277372241020203,0.05936533585190773,,,
3,932,,,,0.9753724932670593,0.5475285053253174,0.06571353226900101,,,
3,933,,,,0.9793046116828918,0.6268656849861145,0.06081783398985863,,,
3,934,,,,0.9795116186141968,0.6235741376876831,0.053736843168735504,,,
3,935,,,,0.9799255132675171,0.6446886658668518,0.05375802144408226,,,
3,936,,,,0.9797185659408569,0.6315789222717285,0.05471350625157356,,,
3,937,,,,0.9795116186141968,0.6206896305084229,0.05874940752983093,,,
3,938,,,,0.9786837697029114,0.608364999294281,0.0584154948592186,,,
3,939,,,,0.9817880988121033,0.6716417670249939,0.0544353649020195,,,
3,940,,,,0.9797185659408569,0.6315789222717285,0.05698123946785927,,,
3,941,,,,0.9807533025741577,0.6436781883239746,0.06151905283331871,,,
3,942,,,,0.9803394079208374,0.6303501725196838,0.06292691826820374,,,
3,943,,,,0.9784768223762512,0.5839999914169312,0.06374066323041916,,,
3,944,,,,0.9832367300987244,0.6943396329879761,0.04683738201856613,,,
3,945,,,,0.9799255132675171,0.6254826188087463,0.05319621041417122,,,
3,946,,,,0.9813741445541382,0.6691176295280457,0.050462789833545685,,,
3,947,,,,0.982822835445404,0.6937269568443298,0.053830426186323166,,,
3,948,,,,0.9799255132675171,0.6311787366867065,0.05873000621795654,,,
3,949,,,,0.9819950461387634,0.6813187003135681,0.05162368714809418,,,
3,950,,,,0.9813741445541382,0.6641790866851807,0.04917994141578674,,,
3,951,,,,0.9793046116828918,0.6402877569198608,0.06193632632493973,,,
3,952,,,,0.9807533025741577,0.6642599105834961,0.05457364022731781,,,
3,953,,,,0.9799255132675171,0.6339622735977173,0.05606360733509064,,,
3,954,,,,0.9799255132675171,0.6254826188087463,0.04897822439670563,,,
3,955,,,,0.9793046116828918,0.6350364685058594,0.05383409559726715,,,
3,956,,,,0.9770281314849854,0.5811320543289185,0.05997397005558014,,,
3,957,,,,0.9824089407920837,0.6840148568153381,0.050134483724832535,,,
3,958,,,,0.9776490330696106,0.5970149040222168,0.05683272331953049,,,
3,959,,,,0.9807533025741577,0.6618182063102722,0.05889096111059189,,,
3,960,,,,0.9797185659408569,0.6343283653259277,0.05481068044900894,,,
3,961,,,,0.9815811514854431,0.6739926934242249,0.049215056002140045,,,
3,962,,,,0.982822835445404,0.7003610134124756,0.048466525971889496,,,
3,963,,,,0.9788907170295715,0.607692301273346,0.05775607004761696,,,
3,964,,,,0.981167197227478,0.6539924144744873,0.05122065544128418,,,
3,965,,,,0.9778559803962708,0.5931559205055237,0.06176980212330818,,,
3,966,,,,0.981167197227478,0.671480119228363,0.05499986186623573,,,
3,967,,,,0.9805463552474976,0.646616518497467,0.05248642712831497,,,
3,968,,,,0.9830297827720642,0.6985294222831726,0.05409414321184158,,,
3,969,,,,0.9797185659408569,0.6343283653259277,0.0537683479487896,,,
3,970,,,,0.9836506843566895,0.6996197700500488,0.04921597242355347,,,
3,971,,,,0.9815811514854431,0.6691449880599976,0.058565713465213776,,,
3,972,,,,0.9778559803962708,0.5900382995605469,0.06293673813343048,,,
3,973,,,,0.9815811514854431,0.6666666865348816,0.05425551161170006,,,
3,974,,,,0.9813741445541382,0.6616541147232056,0.053505778312683105,,,
3,975,,,,0.9817880988121033,0.6666666865348816,0.05691489949822426,,,
3,976,,,,0.9793046116828918,0.6153846383094788,0.0553775429725647,,,
3,977,,,,0.9793046116828918,0.6124030947685242,0.05429434776306152,,,
3,978,,,,0.9778559803962708,0.6051660776138306,0.0561208538711071,,,
3,979,,,,0.9813741445541382,0.6616541147232056,0.05272262915968895,,,
3,980,,,,0.9799255132675171,0.6225680708885193,0.058620087802410126,,,
3,981,,,,0.9795116186141968,0.6177605986595154,0.06138623505830765,,,
3,982,,,,0.9795116186141968,0.6425992846488953,0.05312427505850792,,,
3,983,,,,0.9836506843566895,0.7127272486686707,0.04776119440793991,,,
3,984,,,,0.9788907170295715,0.607692301273346,0.05753625929355621,,,
3,985,,,,0.9809602499008179,0.6541353464126587,0.0546693354845047,,,
3,986,,,,0.9770281314849854,0.5747126340866089,0.057694632560014725,,,
3,987,,,,0.9762003421783447,0.5724906921386719,0.06203122064471245,,,
3,988,,,,0.9782698750495911,0.5945945978164673,0.05822080746293068,,,
3,989,,,,0.9795116186141968,0.6373626589775085,0.05269254744052887,,,
3,990,,,,0.9788907170295715,0.604651153087616,0.05829564854502678,,,
3,991,,,,0.9809602499008179,0.640625,0.05789937451481819,,,
3,992,,,,0.9795116186141968,0.6235741376876831,0.05963117629289627,,,
3,993,,,,0.9805463552474976,0.6618704795837402,0.05054333060979843,,,
3,994,,,,0.9759933948516846,0.5671641826629639,0.060691580176353455,,,
3,995,,,,0.9807533025741577,0.6436781883239746,0.05611731484532356,,,
3,996,,,,0.9836506843566895,0.7127272486686707,0.05282911658287048,,,
3,997,,,,0.9801324605941772,0.6390977501869202,0.057074494659900665,,,
3,998,,,,0.9778559803962708,0.5992509126663208,0.05791538953781128,,,
3,999,,,,0.9812005758285522,0.6716417670249939,0.05395924299955368,,,
3,999,,,,,,,0.9799933433532715,0.6429042816162109,0.05627748742699623
4,1000,,,,0.9807533025741577,0.6516854166984558,0.05618276074528694,,,
4,1001,,,,0.9815811514854431,0.6666666865348816,0.050267353653907776,,,
4,1002,,,,0.9813741445541382,0.6666666865348816,0.0515521802008152,,,
4,1003,,,,0.9817880988121033,0.6740740537643433,0.05172363296151161,,,
4,1004,,,,0.9795116186141968,0.6264150738716125,0.055277418345212936,,,
4,1005,,,,0.9809602499008179,0.6567164063453674,0.056390490382909775,,,
4,1006,,,,0.9822019934654236,0.6766917109489441,0.0545504093170166,,,
4,1007,,,,0.9790976643562317,0.6217228174209595,0.060200534760951996,,,
4,1008,,,,0.9805463552474976,0.6518518328666687,0.05581694841384888,,,
4,1009,,,,0.976614236831665,0.5767790079116821,0.058082498610019684,,,
4,1010,,,,0.9819950461387634,0.6741573214530945,0.053969766944646835,,,
4,1011,,,,0.9813741445541382,0.6808510422706604,0.052962806075811386,,,
4,1012,,,,0.9805463552474976,0.646616518497467,0.05529637262225151,,,
4,1013,,,,0.9770281314849854,0.584269642829895,0.056321609765291214,,,
4,1014,,,,0.9836506843566895,0.7084870934486389,0.0497581847012043,,,
4,1015,,,,0.9805463552474976,0.6569343209266663,0.05603078007698059,,,
4,1016,,,,0.9819950461387634,0.6859205961227417,0.048163626343011856,,,
4,1017,,,,0.9819950461387634,0.6836363673210144,0.051520273089408875,,,
4,1018,,,,0.981167197227478,0.6566037535667419,0.05970226600766182,,,
4,1019,,,,0.9805463552474976,0.6439393758773804,0.05471930652856827,,,
4,1020,,,,0.9786837697029114,0.6334519386291504,0.05899082124233246,,,
4,1021,,,,0.9799255132675171,0.6311787366867065,0.05577216297388077,,,
4,1022,,,,0.9838576316833496,0.7089552283287048,0.047227032482624054,,,
4,1023,,,,0.9838576316833496,0.7132353186607361,0.045760247856378555,,,
4,1024,,,,0.9807533025741577,0.6568265557289124,0.05478885397315025,,,
4,1025,,,,0.981167197227478,0.6690909266471863,0.05056321248412132,,,
4,1026,,,,0.982822835445404,0.7067137956619263,0.04978414997458458,,,
4,1027,,,,0.9834437370300293,0.7122302055358887,0.051528364419937134,,,
4,1028,,,,0.9815811514854431,0.6691449880599976,0.053313881158828735,,,
4,1029,,,,0.9778559803962708,0.6051660776138306,0.05690629035234451,,,
4,1030,,,,0.9813741445541382,0.6715328693389893,0.053390804678201675,,,
4,1031,,,,0.9830297827720642,0.6962962746620178,0.05168018490076065,,,
4,1032,,,,0.9807533025741577,0.6593406796455383,0.05314666032791138,,,
4,1033,,,,0.9782698750495911,0.6067415475845337,0.05622738599777222,,,
4,1034,,,,0.9757864475250244,0.5682656764984131,0.06268304586410522,,,
4,1035,,,,0.9805463552474976,0.6594203114509583,0.05288465693593025,,,
4,1036,,,,0.9850993156433105,0.7313432693481445,0.046529266983270645,,,
4,1037,,,,0.9784768223762512,0.6338028311729431,0.0587088018655777,,,
4,1038,,,,0.9807533025741577,0.6593406796455383,0.05266214907169342,,,
4,1039,,,,0.9805463552474976,0.6569343209266663,0.05182350054383278,,,
4,1040,,,,0.9832367300987244,0.6966292262077332,0.05456766486167908,,,
4,1041,,,,0.9805463552474976,0.6518518328666687,0.053095120936632156,,,
4,1042,,,,0.9817880988121033,0.6589147448539734,0.05417226254940033,,,
4,1043,,,,0.9772350788116455,0.595588207244873,0.05656324326992035,,,
4,1044,,,,0.9795116186141968,0.6147859692573547,0.05869393050670624,,,
4,1045,,,,0.9797185659408569,0.6370370388031006,0.04885412007570267,,,
4,1046,,,,0.9799255132675171,0.6420664191246033,0.056535504758358,,,
4,1047,,,,0.9822019934654236,0.6766917109489441,0.05055631324648857,,,
4,1048,,,,0.9793046116828918,0.6296296119689941,0.05301651731133461,,,
4,1049,,,,0.9813741445541382,0.6616541147232056,0.053745612502098083,,,
4,1050,,,,0.9776490330696106,0.5909090638160706,0.055947791785001755,,,
4,1051,,,,0.9809602499008179,0.6617646813392639,0.05216654762625694,,,
4,1052,,,,0.9819950461387634,0.6859205961227417,0.0519287995994091,,,
4,1053,,,,0.9826158881187439,0.6865671873092651,0.055182114243507385,,,
4,1054,,,,0.982822835445404,0.7003610134124756,0.05068332329392433,,,
4,1055,,,,0.9797185659408569,0.6423357725143433,0.05653858929872513,,,
4,1056,,,,0.9797185659408569,0.6397058963775635,0.05854404345154762,,,
4,1057,,,,0.9790976643562317,0.6353790760040283,0.05859985575079918,,,
4,1058,,,,0.9805463552474976,0.6492537260055542,0.06089883670210838,,,
4,1059,,,,0.9778559803962708,0.6022304892539978,0.0559525191783905,,,
4,1060,,,,0.9807533025741577,0.649056613445282,0.058077123016119,,,
4,1061,,,,0.9834437370300293,0.7122302055358887,0.053242277354002,,,
4,1062,,,,0.9799255132675171,0.6523297429084778,0.059391722083091736,,,
4,1063,,,,0.9803394079208374,0.6619216799736023,0.054722703993320465,,,
4,1064,,,,0.9790976643562317,0.624535322189331,0.05606776848435402,,,
4,1065,,,,0.9786837697029114,0.608364999294281,0.05978037789463997,,,
4,1066,,,,0.9795116186141968,0.6292135119438171,0.05927593633532524,,,
4,1067,,,,0.9788907170295715,0.625,0.057961784303188324,,,
4,1068,,,,0.9786837697029114,0.6113207340240479,0.058444976806640625,,,
4,1069,,,,0.9801324605941772,0.6307692527770996,0.05657967925071716,,,
4,1070,,,,0.9788907170295715,0.6015625,0.05329499766230583,,,
4,1071,,,,0.9795116186141968,0.6292135119438171,0.05784492567181587,,,
4,1072,,,,0.9807533025741577,0.6516854166984558,0.05590272694826126,,,
4,1073,,,,0.9795116186141968,0.6024096608161926,0.05853249877691269,,,
4,1074,,,,0.9799255132675171,0.6394051909446716,0.056419480592012405,,,
4,1075,,,,0.9815811514854431,0.6641509532928467,0.05378355458378792,,,
4,1076,,,,0.9813741445541382,0.6641790866851807,0.05344569683074951,,,
4,1077,,,,0.9795116186141968,0.6235741376876831,0.05737502872943878,,,
4,1078,,,,0.9778559803962708,0.5900382995605469,0.06091102212667465,,,
4,1079,,,,0.9757864475250244,0.5447470545768738,0.060647010803222656,,,
4,1080,,,,0.9772350788116455,0.5925925970077515,0.062502421438694,,,
4,1081,,,,0.981167197227478,0.6617100238800049,0.05271846055984497,,,
4,1082,,,,0.9801324605941772,0.6390977501869202,0.054615817964076996,,,
4,1083,,,,0.9819950461387634,0.6716980934143066,0.04996088892221451,,,
4,1084,,,,0.9807533025741577,0.6381322741508484,0.05648684874176979,,,
4,1085,,,,0.9803394079208374,0.6520146727561951,0.049475643783807755,,,
4,1086,,,,0.9772350788116455,0.5736433863639832,0.06005172058939934,,,
4,1087,,,,0.9795116186141968,0.6117647290229797,0.06360723823308945,,,
4,1088,,,,0.9782698750495911,0.6181818246841431,0.05698685348033905,,,
4,1089,,,,0.9797185659408569,0.6259542107582092,0.04901204630732536,,,
4,1090,,,,0.9824089407920837,0.6743295192718506,0.05296601727604866,,,
4,1091,,,,0.9788907170295715,0.607692301273346,0.058394547551870346,,,
4,1092,,,,0.9824089407920837,0.6909090876579285,0.04889878258109093,,,
4,1093,,,,0.9819950461387634,0.6765799522399902,0.053047772496938705,,,
4,1094,,,,0.9782698750495911,0.6037735939025879,0.0602525919675827,,,
4,1095,,,,0.9801324605941772,0.6335877776145935,0.056015495210886,,,
4,1096,,,,0.9807533025741577,0.654275119304657,0.05591887608170509,,,
4,1097,,,,0.9782698750495911,0.6236559152603149,0.057767368853092194,,,
4,1098,,,,0.9772350788116455,0.5833333134651184,0.05560413748025894,,,
4,1099,,,,0.9797185659408569,0.6315789222717285,0.05744588002562523,,,
4,1100,,,,0.9784768223762512,0.614814817905426,0.059954915195703506,,,
4,1101,,,,0.9782698750495911,0.6007604598999023,0.059777431190013885,,,
4,1102,,,,0.9807533025741577,0.6593406796455383,0.056156910955905914,,,
4,1103,,,,0.9805463552474976,0.654411792755127,0.05627872794866562,,,
4,1104,,,,0.9797185659408569,0.6397058963775635,0.058257829397916794,,,
4,1105,,,,0.9780629277229309,0.60447758436203,0.057693734765052795,,,
4,1106,,,,0.9842715263366699,0.7185184955596924,0.048161379992961884,,,
4,1107,,,,0.9799255132675171,0.6446886658668518,0.05213304981589317,,,
4,1108,,,,0.9799255132675171,0.63670414686203,0.05566535145044327,,,
4,1109,,,,0.9815811514854431,0.6641509532928467,0.05558480694890022,,,
4,1110,,,,0.9815811514854431,0.6715866923332214,0.051579028367996216,,,
4,1111,,,,0.9790976643562317,0.6188679337501526,0.05586789548397064,,,
4,1112,,,,0.9807533025741577,0.6436781883239746,0.055483900010585785,,,
4,1113,,,,0.981167197227478,0.6459143757820129,0.0570145919919014,,,
4,1114,,,,0.9782698750495911,0.5914396643638611,0.058115433901548386,,,
4,1115,,,,0.9782698750495911,0.5977011322975159,0.05583461374044418,,,
4,1116,,,,0.9782698750495911,0.6007604598999023,0.05678663030266762,,,
4,1117,,,,0.9822019934654236,0.6766917109489441,0.05274741351604462,,,
4,1118,,,,0.982822835445404,0.6867924332618713,0.05138552561402321,,,
4,1119,,,,0.9832367300987244,0.6988847851753235,0.04693088307976723,,,
4,1120,,,,0.9840645790100098,0.7220216393470764,0.048531439155340195,,,
4,1121,,,,0.9776490330696106,0.5939849615097046,0.05706193298101425,,,
4,1122,,,,0.9790976643562317,0.624535322189331,0.05744604393839836,,,
4,1123,,,,0.9795116186141968,0.6373626589775085,0.0568026602268219,,,
4,1124,,,,0.9786837697029114,0.6171003580093384,0.06070984527468681,,,
4,1125,,,,0.9807533025741577,0.6618182063102722,0.053275760263204575,,,
4,1126,,,,0.9803394079208374,0.6520146727561951,0.054772596806287766,,,
4,1127,,,,0.9790976643562317,0.6431095600128174,0.05850720405578613,,,
4,1128,,,,0.9822019934654236,0.695035457611084,0.048546887934207916,,,
4,1129,,,,0.9801324605941772,0.6470588445663452,0.05731385573744774,,,
4,1130,,,,0.9778559803962708,0.6022304892539978,0.0543474480509758,,,
4,1131,,,,0.9803394079208374,0.6415094137191772,0.049332283437252045,,,
4,1132,,,,0.9838576316833496,0.7194244861602783,0.045960716903209686,,,
4,1133,,,,0.9768211841583252,0.5692307949066162,0.0628863051533699,,,
4,1134,,,,0.9815811514854431,0.6739926934242249,0.04970140382647514,,,
4,1135,,,,0.9788907170295715,0.6194030046463013,0.06051958352327347,,,
4,1136,,,,0.9807533025741577,0.6516854166984558,0.05574491620063782,,,
4,1137,,,,0.9822019934654236,0.6742424368858337,0.0550830103456974,,,
4,1138,,,,0.9776490330696106,0.5846154093742371,0.05940135568380356,,,
4,1139,,,,0.9786837697029114,0.6023166179656982,0.055438484996557236,,,
4,1140,,,,0.9809602499008179,0.6488549709320068,0.05423380434513092,,,
4,1141,,,,0.9815811514854431,0.6715866923332214,0.051634013652801514,,,
4,1142,,,,0.981167197227478,0.6566037535667419,0.05235306918621063,,,
4,1143,,,,0.9795116186141968,0.6147859692573547,0.053983572870492935,,,
4,1144,,,,0.981167197227478,0.6617100238800049,0.0518973171710968,,,
4,1145,,,,0.9801324605941772,0.6521739363670349,0.05505270138382912,,,
4,1146,,,,0.9784768223762512,0.6060606241226196,0.05699142441153526,,,
4,1147,,,,0.9795116186141968,0.6425992846488953,0.05498229339718819,,,
4,1148,,,,0.981167197227478,0.6513410210609436,0.05120614543557167,,,
4,1149,,,,0.9782698750495911,0.6037735939025879,0.053373679518699646,,,
4,1150,,,,0.9774420261383057,0.5947955250740051,0.05849443003535271,,,
4,1151,,,,0.9795116186141968,0.6319702863693237,0.05486441031098366,,,
4,1152,,,,0.9772350788116455,0.5864661931991577,0.06227703019976616,,,
4,1153,,,,0.9778559803962708,0.6137183904647827,0.05358139052987099,,,
4,1154,,,,0.9838576316833496,0.7067669034004211,0.04856284707784653,,,
4,1155,,,,0.9805463552474976,0.6518518328666687,0.056972432881593704,,,
4,1156,,,,0.9786837697029114,0.6254545450210571,0.05637926608324051,,,
4,1157,,,,0.9793046116828918,0.6212121248245239,0.05664174258708954,,,
4,1158,,,,0.9809602499008179,0.6567164063453674,0.050610724836587906,,,
4,1159,,,,0.9834437370300293,0.7142857313156128,0.050792526453733444,,,
4,1160,,,,0.9799255132675171,0.6394051909446716,0.05594176426529884,,,
4,1161,,,,0.9826158881187439,0.699999988079071,0.047590695321559906,,,
4,1162,,,,0.9815811514854431,0.6691449880599976,0.05088035389780998,,,
4,1163,,,,0.9809602499008179,0.6642335653305054,0.05571860447525978,,,
4,1164,,,,0.9830297827720642,0.6940298676490784,0.05346870422363281,,,
4,1165,,,,0.9799255132675171,0.6420664191246033,0.05521262809634209,,,
4,1166,,,,0.9762003421783447,0.5787546038627625,0.05945325642824173,,,
4,1167,,,,0.9786837697029114,0.6023166179656982,0.054146938025951385,,,
4,1168,,,,0.9790976643562317,0.624535322189331,0.060462672263383865,,,
4,1169,,,,0.9793046116828918,0.6296296119689941,0.05668189004063606,,,
4,1170,,,,0.9799255132675171,0.6446886658668518,0.052016276866197586,,,
4,1171,,,,0.9830297827720642,0.6985294222831726,0.04911614581942558,,,
4,1172,,,,0.9809602499008179,0.6592592597007751,0.053286369889974594,,,
4,1173,,,,0.9817880988121033,0.6716417670249939,0.050768058747053146,,,
4,1174,,,,0.9797185659408569,0.6343283653259277,0.05715664476156235,,,
4,1175,,,,0.9848923683166504,0.7286245226860046,0.047979917377233505,,,
4,1176,,,,0.9786837697029114,0.6171003580093384,0.055844277143478394,,,
4,1177,,,,0.981167197227478,0.6666666865348816,0.05256900191307068,,,
4,1178,,,,0.9836506843566895,0.7084870934486389,0.04899882152676582,,,
4,1179,,,,0.9790976643562317,0.6188679337501526,0.05531708151102066,,,
4,1180,,,,0.9784768223762512,0.6060606241226196,0.05505456402897835,,,
4,1181,,,,0.9819950461387634,0.6692014932632446,0.05186494067311287,,,
4,1182,,,,0.9803394079208374,0.6360152959823608,0.05385947227478027,,,
4,1183,,,,0.9813741445541382,0.6590909361839294,0.053410764783620834,,,
4,1184,,,,0.9782698750495911,0.5977011322975159,0.05769029259681702,,,
4,1185,,,,0.9809602499008179,0.6541353464126587,0.049117330461740494,,,
4,1186,,,,0.9778559803962708,0.610909104347229,0.05377006530761719,,,
4,1187,,,,0.9826158881187439,0.6818181872367859,0.051209986209869385,,,
4,1188,,,,0.9807533025741577,0.6736842393875122,0.052471939474344254,,,
4,1189,,,,0.9805463552474976,0.6518518328666687,0.05369478836655617,,,
4,1190,,,,0.9790976643562317,0.6217228174209595,0.05498630926012993,,,
4,1191,,,,0.9803394079208374,0.6360152959823608,0.05424090847373009,,,
4,1192,,,,0.9801324605941772,0.641791045665741,0.053653914481401443,,,
4,1193,,,,0.9813741445541382,0.6762589812278748,0.05055394023656845,,,
4,1194,,,,0.9813741445541382,0.6641790866851807,0.05339750647544861,,,
4,1195,,,,0.9784768223762512,0.6258992552757263,0.057790908962488174,,,
4,1196,,,,0.9799255132675171,0.6446886658668518,0.051894932985305786,,,
4,1197,,,,0.9799255132675171,0.6498194932937622,0.05019592121243477,,,
4,1198,,,,0.9819950461387634,0.678966760635376,0.05064186081290245,,,
4,1199,,,,0.9782698750495911,0.6037735939025879,0.0536934919655323,,,
4,1200,,,,0.9778559803962708,0.6022304892539978,0.056616462767124176,,,
4,1201,,,,0.9809602499008179,0.6541353464126587,0.0521809458732605,,,
4,1202,,,,0.9817880988121033,0.6811594367027283,0.05134042352437973,,,
4,1203,,,,0.9793046116828918,0.6350364685058594,0.05654790252447128,,,
4,1204,,,,0.9846854209899902,0.7318840622901917,0.04333039000630379,,,
4,1205,,,,0.9853062629699707,0.7418181896209717,0.04629167169332504,,,
4,1206,,,,0.9788907170295715,0.633093535900116,0.055841390043497086,,,
4,1207,,,,0.9836506843566895,0.7168458700180054,0.04749400541186333,,,
4,1208,,,,0.9817880988121033,0.6834532618522644,0.047195859253406525,,,
4,1209,,,,0.9778559803962708,0.616487443447113,0.05714792758226395,,,
4,1210,,,,0.9790976643562317,0.624535322189331,0.05571325495839119,,,
4,1211,,,,0.9799255132675171,0.6446886658668518,0.058049727231264114,,,
4,1212,,,,0.9809602499008179,0.6592592597007751,0.051542192697525024,,,
4,1213,,,,0.9797185659408569,0.6370370388031006,0.05231897532939911,,,
4,1214,,,,0.9830297827720642,0.7007299065589905,0.048171598464250565,,,
4,1215,,,,0.9797185659408569,0.6449275612831116,0.05368327349424362,,,
4,1216,,,,0.9782698750495911,0.6096654534339905,0.06572802364826202,,,
4,1217,,,,0.9803394079208374,0.6441947817802429,0.053170524537563324,,,
4,1218,,,,0.9824089407920837,0.6863468885421753,0.0533171147108078,,,
4,1219,,,,0.9817880988121033,0.6811594367027283,0.0484338216483593,,,
4,1220,,,,0.9822019934654236,0.6838235259056091,0.048308055847883224,,,
4,1221,,,,0.9797185659408569,0.6370370388031006,0.05069581791758537,,,
4,1222,,,,0.9801324605941772,0.6363636255264282,0.05255161225795746,,,
4,1223,,,,0.9797185659408569,0.6315789222717285,0.05431727319955826,,,
4,1224,,,,0.9805463552474976,0.6569343209266663,0.055492330342531204,,,
4,1225,,,,0.9772350788116455,0.580152690410614,0.057648830115795135,,,
4,1226,,,,0.9782698750495911,0.5977011322975159,0.05528586357831955,,,
4,1227,,,,0.9817880988121033,0.6811594367027283,0.05281667411327362,,,
4,1228,,,,0.981167197227478,0.6690909266471863,0.04848475009202957,,,
4,1229,,,,0.9830297827720642,0.6985294222831726,0.05072763189673424,,,
4,1230,,,,0.9817880988121033,0.6834532618522644,0.051359713077545166,,,
4,1231,,,,0.9801324605941772,0.6470588445663452,0.05767444521188736,,,
4,1232,,,,0.9797185659408569,0.6259542107582092,0.05697324872016907,,,
4,1233,,,,0.9822019934654236,0.6884058117866516,0.05399926379323006,,,
4,1234,,,,0.9840645790100098,0.7116104960441589,0.050134703516960144,,,
4,1235,,,,0.9768211841583252,0.5820895433425903,0.06073726341128349,,,
4,1236,,,,0.9809602499008179,0.6642335653305054,0.05593495815992355,,,
4,1237,,,,0.9786837697029114,0.622710645198822,0.05804777517914772,,,
4,1238,,,,0.9801324605941772,0.6470588445663452,0.05156511813402176,,,
4,1239,,,,0.981167197227478,0.6784452199935913,0.04971671104431152,,,
4,1240,,,,0.9809602499008179,0.6690647602081299,0.056742869317531586,,,
4,1241,,,,0.9780629277229309,0.6241135001182556,0.05751064792275429,,,
4,1242,,,,0.9819950461387634,0.6859205961227417,0.05184886232018471,,,
4,1243,,,,0.9799255132675171,0.6394051909446716,0.051029231399297714,,,
4,1244,,,,0.9817880988121033,0.6716417670249939,0.05385531485080719,,,
4,1245,,,,0.9819950461387634,0.6836363673210144,0.050606902688741684,,,
4,1246,,,,0.9801324605941772,0.6470588445663452,0.05717889592051506,,,
4,1247,,,,0.9788907170295715,0.625,0.056390080600976944,,,
4,1248,,,,0.9844784736633301,0.7292418479919434,0.04659060388803482,,,
4,1249,,,,0.9814141988754272,0.6666666865348816,0.05703921243548393,,,
4,1249,,,,,,,0.9805899858474731,0.6477097868919373,0.05403148755431175
5,1250,,,,0.9840645790100098,0.7116104960441589,0.0470840260386467,,,
5,1251,,,,0.9819950461387634,0.6765799522399902,0.04997607320547104,,,
5,1252,,,,0.9813741445541382,0.6511628031730652,0.051214661449193954,,,
5,1253,,,,0.9805463552474976,0.6439393758773804,0.04904862493276596,,,
5,1254,,,,0.9813741445541382,0.6715328693389893,0.05400864779949188,,,
5,1255,,,,0.982822835445404,0.6937269568443298,0.04845194146037102,,,
5,1256,,,,0.9840645790100098,0.7027027010917664,0.05197028070688248,,,
5,1257,,,,0.9797185659408569,0.6370370388031006,0.05491258576512337,,,
5,1258,,,,0.9840645790100098,0.7158671617507935,0.04755576699972153,,,
5,1259,,,,0.9815811514854431,0.6666666865348816,0.051485031843185425,,,
5,1260,,,,0.9807533025741577,0.649056613445282,0.05235346779227257,,,
5,1261,,,,0.9807533025741577,0.654275119304657,0.05125175416469574,,,
5,1262,,,,0.9809602499008179,0.6592592597007751,0.05409673973917961,,,
5,1263,,,,0.9817880988121033,0.6740740537643433,0.05215419828891754,,,
5,1264,,,,0.9782698750495911,0.6236559152603149,0.05491027981042862,,,
5,1265,,,,0.9799255132675171,0.6523297429084778,0.0519275963306427,,,
5,1266,,,,0.9840645790100098,0.7137546539306641,0.051069341599941254,,,
5,1267,,,,0.9819950461387634,0.6947368383407593,0.04559621587395668,,,
5,1268,,,,0.9807533025741577,0.6690391302108765,0.04775237292051315,,,
5,1269,,,,0.9786837697029114,0.6113207340240479,0.0584215447306633,,,
5,1270,,,,0.9790976643562317,0.6188679337501526,0.05482235178351402,,,
5,1271,,,,0.9809602499008179,0.6592592597007751,0.055116746574640274,,,
5,1272,,,,0.9803394079208374,0.6594982147216797,0.05513668805360794,,,
5,1273,,,,0.9797185659408569,0.6397058963775635,0.049589890986680984,,,
5,1274,,,,0.9844784736633301,0.7169811129570007,0.04506775736808777,,,
5,1275,,,,0.981167197227478,0.6690909266471863,0.05732288584113121,,,
5,1276,,,,0.9793046116828918,0.6376811861991882,0.05318346247076988,,,
5,1277,,,,0.9778559803962708,0.5962263941764832,0.057471659034490585,,,
5,1278,,,,0.9805463552474976,0.6594203114509583,0.05185241624712944,,,
5,1279,,,,0.9803394079208374,0.6545454263687134,0.055083729326725006,,,
5,1280,,,,0.9830297827720642,0.6940298676490784,0.052620548754930496,,,
5,1281,,,,0.9836506843566895,0.7063196897506714,0.047502029687166214,,,
5,1282,,,,0.9805463552474976,0.6569343209266663,0.054087746888399124,,,
5,1283,,,,0.981167197227478,0.6642066240310669,0.05366804078221321,,,
5,1284,,,,0.9807533025741577,0.6593406796455383,0.053997430950403214,,,
5,1285,,,,0.9817880988121033,0.6857143044471741,0.04787065088748932,,,
5,1286,,,,0.9788907170295715,0.6136363744735718,0.05398315191268921,,,
5,1287,,,,0.9788907170295715,0.6194030046463013,0.054418619722127914,,,
5,1288,,,,0.9809602499008179,0.6617646813392639,0.05348851531744003,,,
5,1289,,,,0.9790976643562317,0.6300366520881653,0.05407591164112091,,,
5,1290,,,,0.9797185659408569,0.6343283653259277,0.05315233767032623,,,
5,1291,,,,0.9797185659408569,0.6343283653259277,0.05789409577846527,,,
5,1292,,,,0.9774420261383057,0.5947955250740051,0.05806894600391388,,,
5,1293,,,,0.981167197227478,0.6591760516166687,0.05016554892063141,,,
5,1294,,,,0.9805463552474976,0.6618704795837402,0.05096651241183281,,,
5,1295,,,,0.9782698750495911,0.6037735939025879,0.058054931461811066,,,
5,1296,,,,0.9840645790100098,0.7094339728355408,0.04663801193237305,,,
5,1297,,,,0.9801324605941772,0.6390977501869202,0.05934378504753113,,,
5,1298,,,,0.9795116186141968,0.6319702863693237,0.052554961293935776,,,
5,1299,,,,0.9813741445541382,0.6590909361839294,0.05232948064804077,,,
5,1300,,,,0.9832367300987244,0.7032967209815979,0.052161507308483124,,,
5,1301,,,,0.9830297827720642,0.7132866978645325,0.05044347420334816,,,
5,1302,,,,0.982822835445404,0.6981818079948425,0.04756803810596466,,,
5,1303,,,,0.9788907170295715,0.625,0.05779934674501419,,,
5,1304,,,,0.981167197227478,0.6591760516166687,0.0544002465903759,,,
5,1305,,,,0.9817880988121033,0.6788321137428284,0.04953223839402199,,,
5,1306,,,,0.9807533025741577,0.6642599105834961,0.05336610972881317,,,
5,1307,,,,0.9799255132675171,0.6472727060317993,0.05571127310395241,,,
5,1308,,,,0.9805463552474976,0.654411792755127,0.05274808779358864,,,
5,1309,,,,0.9805463552474976,0.654411792755127,0.05161849781870842,,,
5,1310,,,,0.9834437370300293,0.6992481350898743,0.048461370170116425,,,
5,1311,,,,0.9790976643562317,0.6159695982933044,0.05470535531640053,,,
5,1312,,,,0.9793046116828918,0.6323529481887817,0.053767211735248566,,,
5,1313,,,,0.9830297827720642,0.6962962746620178,0.045653216540813446,,,
5,1314,,,,0.9793046116828918,0.6240601539611816,0.054819222539663315,,,
5,1315,,,,0.9807533025741577,0.6593406796455383,0.05539160966873169,,,
5,1316,,,,0.9807533025741577,0.6568265557289124,0.05378744751214981,,,
5,1317,,,,0.9803394079208374,0.6441947817802429,0.05200425162911415,,,
5,1318,,,,0.9799255132675171,0.6420664191246033,0.05333432927727699,,,
5,1319,,,,0.9813741445541382,0.6666666865348816,0.05183875933289528,,,
5,1320,,,,0.9793046116828918,0.6062992215156555,0.053525496274232864,,,
5,1321,,,,0.9795116186141968,0.6346863508224487,0.052017830312252045,,,
5,1322,,,,0.981167197227478,0.6566037535667419,0.05266665294766426,,,
5,1323,,,,0.9809602499008179,0.6541353464126587,0.05131763964891434,,,
5,1324,,,,0.9819950461387634,0.6859205961227417,0.046647049486637115,,,
5,1325,,,,0.9793046116828918,0.6323529481887817,0.05150294303894043,,,
5,1326,,,,0.9755794405937195,0.5390625,0.06014464423060417,,,
5,1327,,,,0.9815811514854431,0.6739926934242249,0.051480211317539215,,,
5,1328,,,,0.9801324605941772,0.644444465637207,0.05369027331471443,,,
5,1329,,,,0.9826158881187439,0.6978417038917542,0.04807693883776665,,,
5,1330,,,,0.9788907170295715,0.6106870174407959,0.05867033451795578,,,
5,1331,,,,0.9846854209899902,0.7238805890083313,0.04315292835235596,,,
5,1332,,,,0.9784768223762512,0.6204379796981812,0.056013770401477814,,,
5,1333,,,,0.9805463552474976,0.6618704795837402,0.04879189655184746,,,
5,1334,,,,0.9807533025741577,0.6568265557289124,0.054193053394556046,,,
5,1335,,,,0.9801324605941772,0.6521739363670349,0.05889757350087166,,,
5,1336,,,,0.9793046116828918,0.6323529481887817,0.05482691898941994,,,
5,1337,,,,0.9793046116828918,0.6296296119689941,0.05466418340802193,,,
5,1338,,,,0.9801324605941772,0.6496350169181824,0.05136995017528534,,,
5,1339,,,,0.9838576316833496,0.7214285731315613,0.045636847615242004,,,
5,1340,,,,0.9826158881187439,0.6842105388641357,0.051628127694129944,,,
5,1341,,,,0.9815811514854431,0.6787003874778748,0.05094340443611145,,,
5,1342,,,,0.9801324605941772,0.6470588445663452,0.05279214307665825,,,
5,1343,,,,0.9805463552474976,0.6569343209266663,0.05125536024570465,,,
5,1344,,,,0.9803394079208374,0.6520146727561951,0.05932934954762459,,,
5,1345,,,,0.9819950461387634,0.6813187003135681,0.04650740325450897,,,
5,1346,,,,0.9840645790100098,0.7240143418312073,0.04452090337872505,,,
5,1347,,,,0.9834437370300293,0.7037037014961243,0.04967309907078743,,,
5,1348,,,,0.9815811514854431,0.6691449880599976,0.05529377609491348,,,
5,1349,,,,0.981167197227478,0.6539924144744873,0.05093702673912048,,,
5,1350,,,,0.9824089407920837,0.703832745552063,0.051238566637039185,,,
5,1351,,,,0.9838576316833496,0.7253521084785461,0.04902629181742668,,,
5,1352,,,,0.9819950461387634,0.6765799522399902,0.050481535494327545,,,
5,1353,,,,0.9797185659408569,0.6370370388031006,0.04901095852255821,,,
5,1354,,,,0.9807533025741577,0.6593406796455383,0.05241318419575691,,,
5,1355,,,,0.981167197227478,0.6666666865348816,0.05230334401130676,,,
5,1356,,,,0.9793046116828918,0.6268656849861145,0.054320063441991806,,,
5,1357,,,,0.982822835445404,0.6914498209953308,0.04901322349905968,,,
5,1358,,,,0.9784768223762512,0.6030534505844116,0.057484470307826996,,,
5,1359,,,,0.9815811514854431,0.6715866923332214,0.052233364433050156,,,
5,1360,,,,0.9797185659408569,0.6370370388031006,0.06574469804763794,,,
5,1361,,,,0.9834437370300293,0.7142857313156128,0.049305509775877,,,
5,1362,,,,0.9842715263366699,0.7185184955596924,0.045301809906959534,,,
5,1363,,,,0.9817880988121033,0.6857143044471741,0.052738264203071594,,,
5,1364,,,,0.9780629277229309,0.6074073910713196,0.058619316667318344,,,
5,1365,,,,0.982822835445404,0.6981818079948425,0.04741918295621872,,,
5,1366,,,,0.9813741445541382,0.6715328693389893,0.051449064165353775,,,
5,1367,,,,0.9801324605941772,0.644444465637207,0.05580970272421837,,,
5,1368,,,,0.9813741445541382,0.6739130616188049,0.05182735249400139,,,
5,1369,,,,0.9793046116828918,0.6453900933265686,0.05702248588204384,,,
5,1370,,,,0.9842715263366699,0.7226277589797974,0.05022077262401581,,,
5,1371,,,,0.9826158881187439,0.7042253613471985,0.04642670974135399,,,
5,1372,,,,0.9784768223762512,0.6060606241226196,0.058340370655059814,,,
5,1373,,,,0.9822019934654236,0.6814814805984497,0.05167129263281822,,,
5,1374,,,,0.9807533025741577,0.654275119304657,0.053806960582733154,,,
5,1375,,,,0.9795116186141968,0.6399999856948853,0.05069517344236374,,,
5,1376,,,,0.9819950461387634,0.678966760635376,0.04725998267531395,,,
5,1377,,,,0.9830297827720642,0.6985294222831726,0.04706684499979019,,,
5,1378,,,,0.9850993156433105,0.7446808218955994,0.04564407095313072,,,
5,1379,,,,0.9786837697029114,0.6308243870735168,0.05101145803928375,,,
5,1380,,,,0.9795116186141968,0.6264150738716125,0.05919767916202545,,,
5,1381,,,,0.9801324605941772,0.644444465637207,0.053085509687662125,,,
5,1382,,,,0.9795116186141968,0.6399999856948853,0.054785337299108505,,,
5,1383,,,,0.9805463552474976,0.654411792755127,0.052448343485593796,,,
5,1384,,,,0.9788907170295715,0.6304348111152649,0.048413313925266266,,,
5,1385,,,,0.9826158881187439,0.6888889074325562,0.0547027587890625,,,
5,1386,,,,0.9795116186141968,0.6399999856948853,0.04934544116258621,,,
5,1387,,,,0.9840645790100098,0.7220216393470764,0.04990324378013611,,,
5,1388,,,,0.9830297827720642,0.7071428298950195,0.04895450547337532,,,
5,1389,,,,0.9815811514854431,0.685512363910675,0.05394554138183594,,,
5,1390,,,,0.9803394079208374,0.6360152959823608,0.05413433164358139,,,
5,1391,,,,0.9824089407920837,0.6863468885421753,0.0550023689866066,,,
5,1392,,,,0.9836506843566895,0.7148014307022095,0.04501508176326752,,,
5,1393,,,,0.981167197227478,0.6666666865348816,0.0507408045232296,,,
5,1394,,,,0.9790976643562317,0.6327272653579712,0.05493968725204468,,,
5,1395,,,,0.9768211841583252,0.572519063949585,0.05994805693626404,,,
5,1396,,,,0.9813741445541382,0.6808510422706604,0.052259717136621475,,,
5,1397,,,,0.9790976643562317,0.624535322189331,0.05677151679992676,,,
5,1398,,,,0.9842715263366699,0.7266187071800232,0.04775337874889374,,,
5,1399,,,,0.9801324605941772,0.644444465637207,0.055116742849349976,,,
5,1400,,,,0.9826158881187439,0.695652186870575,0.051053326576948166,,,
5,1401,,,,0.9793046116828918,0.6350364685058594,0.05751265585422516,,,
5,1402,,,,0.9822019934654236,0.6928571462631226,0.05222431570291519,,,
5,1403,,,,0.9803394079208374,0.6619216799736023,0.04975960776209831,,,
5,1404,,,,0.9826158881187439,0.6934306621551514,0.0491679348051548,,,
5,1405,,,,0.9799255132675171,0.6420664191246033,0.05107163265347481,,,
5,1406,,,,0.9822019934654236,0.6906474828720093,0.047741979360580444,,,
5,1407,,,,0.9813741445541382,0.6666666865348816,0.05444265156984329,,,
5,1408,,,,0.9819950461387634,0.6881720423698425,0.04973211511969566,,,
5,1409,,,,0.9813741445541382,0.6762589812278748,0.04919940605759621,,,
5,1410,,,,0.9836506843566895,0.7127272486686707,0.04914839565753937,,,
5,1411,,,,0.9782698750495911,0.6153846383094788,0.05488951504230499,,,
5,1412,,,,0.9786837697029114,0.6199262142181396,0.05599783733487129,,,
5,1413,,,,0.9813741445541382,0.6715328693389893,0.04968168959021568,,,
5,1414,,,,0.9822019934654236,0.6766917109489441,0.05159895122051239,,,
5,1415,,,,0.9840645790100098,0.7137546539306641,0.05016504228115082,,,
5,1416,,,,0.9793046116828918,0.6478873491287231,0.04727287217974663,,,
5,1417,,,,0.9809602499008179,0.6515151262283325,0.05211880803108215,,,
5,1418,,,,0.9805463552474976,0.6412213444709778,0.0530778244137764,,,
5,1419,,,,0.9813741445541382,0.6808510422706604,0.05759631469845772,,,
5,1420,,,,0.9830297827720642,0.7050359845161438,0.0485609769821167,,,
5,1421,,,,0.9846854209899902,0.7338129281997681,0.04635871574282646,,,
5,1422,,,,0.9803394079208374,0.6441947817802429,0.0538448691368103,,,
5,1423,,,,0.9834437370300293,0.7122302055358887,0.05087558925151825,,,
5,1424,,,,0.9819950461387634,0.6925795078277588,0.04907071962952614,,,
5,1425,,,,0.9801324605941772,0.6390977501869202,0.0593828484416008,,,
5,1426,,,,0.9826158881187439,0.6911764740943909,0.04903555288910866,,,
5,1427,,,,0.9822019934654236,0.6838235259056091,0.05422012507915497,,,
5,1428,,,,0.981167197227478,0.6642066240310669,0.053630195558071136,,,
5,1429,,,,0.9836506843566895,0.7208480834960938,0.046124085783958435,,,
5,1430,,,,0.9782698750495911,0.6067415475845337,0.05320610851049423,,,
5,1431,,,,0.9830297827720642,0.7112675905227661,0.05054493620991707,,,
5,1432,,,,0.9815811514854431,0.6739926934242249,0.050962138921022415,,,
5,1433,,,,0.9815811514854431,0.6715866923332214,0.05096171423792839,,,
5,1434,,,,0.9848923683166504,0.7345454692840576,0.047867994755506516,,,
5,1435,,,,0.9846854209899902,0.7218044996261597,0.05141445994377136,,,
5,1436,,,,0.981167197227478,0.6539924144744873,0.05249778926372528,,,
5,1437,,,,0.9813741445541382,0.6739130616188049,0.04859018325805664,,,
5,1438,,,,0.981167197227478,0.6591760516166687,0.053469039499759674,,,
5,1439,,,,0.9819950461387634,0.6859205961227417,0.050781190395355225,,,
5,1440,,,,0.9805463552474976,0.6618704795837402,0.05015227198600769,,,
5,1441,,,,0.9836506843566895,0.704119861125946,0.0470987930893898,,,
5,1442,,,,0.9780629277229309,0.6214285492897034,0.05482106655836105,,,
5,1443,,,,0.9826158881187439,0.6888889074325562,0.05053502693772316,,,
5,1444,,,,0.9815811514854431,0.6691449880599976,0.05357130989432335,,,
5,1445,,,,0.9819950461387634,0.6859205961227417,0.051015131175518036,,,
5,1446,,,,0.9834437370300293,0.7101449370384216,0.04784224554896355,,,
5,1447,,,,0.9826158881187439,0.695652186870575,0.05328759551048279,,,
5,1448,,,,0.9822019934654236,0.6928571462631226,0.04733812436461449,,,
5,1449,,,,0.9805463552474976,0.646616518497467,0.054426658898591995,,,
5,1450,,,,0.9813741445541382,0.6666666865348816,0.05454137921333313,,,
5,1451,,,,0.9807533025741577,0.6618182063102722,0.05274302884936333,,,
5,1452,,,,0.9782698750495911,0.6181818246841431,0.05796978250145912,,,
5,1453,,,,0.9813741445541382,0.6666666865348816,0.054547518491744995,,,
5,1454,,,,0.9826158881187439,0.6888889074325562,0.04960103705525398,,,
5,1455,,,,0.9809602499008179,0.6642335653305054,0.05196318402886391,,,
5,1456,,,,0.9815811514854431,0.6739926934242249,0.0500471368432045,,,
5,1457,,,,0.9801324605941772,0.6496350169181824,0.05141803249716759,,,
5,1458,,,,0.9819950461387634,0.6813187003135681,0.053948648273944855,,,
5,1459,,,,0.9813741445541382,0.6762589812278748,0.05715373903512955,,,
5,1460,,,,0.9774420261383057,0.5823754668235779,0.06269451230764389,,,
5,1461,,,,0.9795116186141968,0.6319702863693237,0.05723021551966667,,,
5,1462,,,,0.9805463552474976,0.6492537260055542,0.05663970112800598,,,
5,1463,,,,0.9788907170295715,0.633093535900116,0.06030028313398361,,,
5,1464,,,,0.9805463552474976,0.6492537260055542,0.05221476033329964,,,
5,1465,,,,0.9780629277229309,0.6131386756896973,0.05419114604592323,,,
5,1466,,,,0.9795116186141968,0.6399999856948853,0.05553364381194115,,,
5,1467,,,,0.9797185659408569,0.6397058963775635,0.056593332439661026,,,
5,1468,,,,0.9805463552474976,0.6713286638259888,0.051739901304244995,,,
5,1469,,,,0.9805463552474976,0.6594203114509583,0.052131287753582,,,
5,1470,,,,0.9826158881187439,0.6911764740943909,0.05359150096774101,,,
5,1471,,,,0.9817880988121033,0.6716417670249939,0.05155336484313011,,,
5,1472,,,,0.9786837697029114,0.6171003580093384,0.054688308387994766,,,
5,1473,,,,0.9834437370300293,0.7101449370384216,0.04789695516228676,,,
5,1474,,,,0.9834437370300293,0.7058823704719543,0.047165609896183014,,,
5,1475,,,,0.9795116186141968,0.6319702863693237,0.05491500347852707,,,
5,1476,,,,0.9815811514854431,0.6691449880599976,0.05624407157301903,,,
5,1477,,,,0.9809602499008179,0.6642335653305054,0.05129334703087807,,,
5,1478,,,,0.9826158881187439,0.6978417038917542,0.04741335287690163,,,
5,1479,,,,0.9817880988121033,0.6740740537643433,0.05342239886522293,,,
5,1480,,,,0.982822835445404,0.6959707140922546,0.04952528327703476,,,
5,1481,,,,0.9805463552474976,0.6594203114509583,0.052236150950193405,,,
5,1482,,,,0.9799255132675171,0.6420664191246033,0.05629965290427208,,,
5,1483,,,,0.9803394079208374,0.6570397019386292,0.0531059093773365,,,
5,1484,,,,0.9799255132675171,0.63670414686203,0.05520427227020264,,,
5,1485,,,,0.9836506843566895,0.7208480834960938,0.05092981457710266,,,
5,1486,,,,0.9784768223762512,0.6231883764266968,0.05332033336162567,,,
5,1487,,,,0.9815811514854431,0.6787003874778748,0.05077129602432251,,,
5,1488,,,,0.982822835445404,0.7003610134124756,0.05100296437740326,,,
5,1489,,,,0.9803394079208374,0.6545454263687134,0.05216238647699356,,,
5,1490,,,,0.9782698750495911,0.6209385991096497,0.054106757044792175,,,
5,1491,,,,0.9807533025741577,0.6666666865348816,0.05398121103644371,,,
5,1492,,,,0.9793046116828918,0.6212121248245239,0.05203865095973015,,,
5,1493,,,,0.9805463552474976,0.6594203114509583,0.054522041231393814,,,
5,1494,,,,0.9832367300987244,0.7096773982048035,0.0418485663831234,,,
5,1495,,,,0.9815811514854431,0.6787003874778748,0.05175444483757019,,,
5,1496,,,,0.9813741445541382,0.6739130616188049,0.053904034197330475,,,
5,1497,,,,0.9786837697029114,0.6171003580093384,0.05924908071756363,,,
5,1498,,,,0.9795116186141968,0.6425992846488953,0.05196661502122879,,,
5,1499,,,,0.982482373714447,0.6870229244232178,0.04784229025244713,,,
5,1499,,,,,,,0.9809876680374146,0.6650115251541138,0.05249539762735367
6,1500,,,,0.9793046116828918,0.6350364685058594,0.051495760679244995,,,
6,1501,,,,0.9842715263366699,0.7185184955596924,0.053106535226106644,,,
6,1502,,,,0.9809602499008179,0.6617646813392639,0.05058494955301285,,,
6,1503,,,,0.976614236831665,0.5767790079116821,0.057576678693294525,,,
6,1504,,,,0.9815811514854431,0.6739926934242249,0.05691341310739517,,,
6,1505,,,,0.9809602499008179,0.6592592597007751,0.05118428170681,,,
6,1506,,,,0.9809602499008179,0.6642335653305054,0.053594790399074554,,,
6,1507,,,,0.9807533025741577,0.6593406796455383,0.05303880572319031,,,
6,1508,,,,0.9809602499008179,0.6666666865348816,0.04880969226360321,,,
6,1509,,,,0.982822835445404,0.7025089859962463,0.04680190235376358,,,
6,1510,,,,0.9795116186141968,0.6501767039299011,0.049347568303346634,,,
6,1511,,,,0.9822019934654236,0.6791045069694519,0.049699727445840836,,,
6,1512,,,,0.9807533025741577,0.6593406796455383,0.055769819766283035,,,
6,1513,,,,0.9807533025741577,0.6690391302108765,0.05085776001214981,,,
6,1514,,,,0.9815811514854431,0.6763636469841003,0.05144910141825676,,,
6,1515,,,,0.9774420261383057,0.5977859497070312,0.059344902634620667,,,
6,1516,,,,0.9826158881187439,0.6934306621551514,0.04875003919005394,,,
6,1517,,,,0.9815811514854431,0.6787003874778748,0.051512811332941055,,,
6,1518,,,,0.981167197227478,0.6761565804481506,0.05442001670598984,,,
6,1519,,,,0.9790976643562317,0.6405693888664246,0.053690776228904724,,,
6,1520,,,,0.9813741445541382,0.6739130616188049,0.05402439832687378,,,
6,1521,,,,0.9780629277229309,0.6074073910713196,0.06158982217311859,,,
6,1522,,,,0.9824089407920837,0.6886447072029114,0.0526893325150013,,,
6,1523,,,,0.982822835445404,0.7003610134124756,0.04836772009730339,,,
6,1524,,,,0.9786837697029114,0.622710645198822,0.05640484020113945,,,
6,1525,,,,0.9819950461387634,0.6813187003135681,0.04927439987659454,,,
6,1526,,,,0.9826158881187439,0.6888889074325562,0.05295554921030998,,,
6,1527,,,,0.9836506843566895,0.7127272486686707,0.05030285194516182,,,
6,1528,,,,0.9801324605941772,0.641791045665741,0.05118071287870407,,,
6,1529,,,,0.9826158881187439,0.6793892979621887,0.05125192552804947,,,
6,1530,,,,0.9797185659408569,0.6370370388031006,0.05485991761088371,,,
6,1531,,,,0.9803394079208374,0.6494464874267578,0.049241259694099426,,,
6,1532,,,,0.9815811514854431,0.6810035705566406,0.05361909419298172,,,
6,1533,,,,0.9830297827720642,0.6985294222831726,0.05378754064440727,,,
6,1534,,,,0.982822835445404,0.6844106316566467,0.046568408608436584,,,
6,1535,,,,0.9801324605941772,0.6279069781303406,0.0569375716149807,,,
6,1536,,,,0.9813741445541382,0.6616541147232056,0.048194240778684616,,,
6,1537,,,,0.981167197227478,0.6666666865348816,0.053758785128593445,,,
6,1538,,,,0.9801324605941772,0.6390977501869202,0.055878277868032455,,,
6,1539,,,,0.9801324605941772,0.6470588445663452,0.05474471300840378,,,
6,1540,,,,0.9834437370300293,0.7037037014961243,0.046985697001218796,,,
6,1541,,,,0.9807533025741577,0.6568265557289124,0.05444193258881569,,,
6,1542,,,,0.9822019934654236,0.6906474828720093,0.051102884113788605,,,
6,1543,,,,0.9826158881187439,0.6842105388641357,0.046197012066841125,,,
6,1544,,,,0.9824089407920837,0.6931408047676086,0.05275087058544159,,,
6,1545,,,,0.982822835445404,0.7025089859962463,0.05184941738843918,,,
6,1546,,,,0.982822835445404,0.7108014225959778,0.04847753793001175,,,
6,1547,,,,0.9799255132675171,0.6472727060317993,0.0572073720395565,,,
6,1548,,,,0.9826158881187439,0.7042253613471985,0.04750822111964226,,,
6,1549,,,,0.982822835445404,0.7025089859962463,0.04674031212925911,,,
6,1550,,,,0.9807533025741577,0.6759582161903381,0.04944111034274101,,,
6,1551,,,,0.982822835445404,0.7025089859962463,0.04423348233103752,,,
6,1552,,,,0.9822019934654236,0.6993007063865662,0.05119745433330536,,,
6,1553,,,,0.9838576316833496,0.717391312122345,0.04918694123625755,,,
6,1554,,,,0.9832367300987244,0.7096773982048035,0.049126770347356796,,,
6,1555,,,,0.9817880988121033,0.6879432797431946,0.04627284035086632,,,
6,1556,,,,0.9815811514854431,0.6715866923332214,0.04641207680106163,,,
6,1557,,,,0.9795116186141968,0.6373626589775085,0.055036917328834534,,,
6,1558,,,,0.9826158881187439,0.7042253613471985,0.04625016823410988,,,
6,1559,,,,0.9813741445541382,0.6762589812278748,0.04928426444530487,,,
6,1560,,,,0.9815811514854431,0.6877192854881287,0.05068160220980644,,,
6,1561,,,,0.9817880988121033,0.6764705777168274,0.048741184175014496,,,
6,1562,,,,0.982822835445404,0.6937269568443298,0.04900346323847771,,,
6,1563,,,,0.9801324605941772,0.644444465637207,0.055956095457077026,,,
6,1564,,,,0.9826158881187439,0.7021276354789734,0.046630993485450745,,,
6,1565,,,,0.9801324605941772,0.6363636255264282,0.05429048091173172,,,
6,1566,,,,0.9822019934654236,0.6766917109489441,0.05129958316683769,,,
6,1567,,,,0.981167197227478,0.6642066240310669,0.05100075155496597,,,
6,1568,,,,0.9830297827720642,0.6917293071746826,0.049343742430210114,,,
6,1569,,,,0.9805463552474976,0.654411792755127,0.05179993063211441,,,
6,1570,,,,0.9836506843566895,0.7106227278709412,0.047473177313804626,,,
6,1571,,,,0.981167197227478,0.6642066240310669,0.053596433252096176,,,
6,1572,,,,0.981167197227478,0.6513410210609436,0.054745737463235855,,,
6,1573,,,,0.9801324605941772,0.6470588445663452,0.05444762855768204,,,
6,1574,,,,0.9809602499008179,0.6642335653305054,0.0513404943048954,,,
6,1575,,,,0.9813741445541382,0.6715328693389893,0.05043288692831993,,,
6,1576,,,,0.9819950461387634,0.690391480922699,0.04622559994459152,,,
6,1577,,,,0.9809602499008179,0.6690647602081299,0.05022263154387474,,,
6,1578,,,,0.982822835445404,0.6959707140922546,0.04544777050614357,,,
6,1579,,,,0.9793046116828918,0.6296296119689941,0.06014358997344971,,,
6,1580,,,,0.9784768223762512,0.614814817905426,0.05638930946588516,,,
6,1581,,,,0.9836506843566895,0.7127272486686707,0.048944681882858276,,,
6,1582,,,,0.9807533025741577,0.6618182063102722,0.05238981917500496,,,
6,1583,,,,0.9830297827720642,0.7132866978645325,0.04818308725953102,,,
6,1584,,,,0.9826158881187439,0.7103448510169983,0.05075580254197121,,,
6,1585,,,,0.981167197227478,0.671480119228363,0.04817865788936615,,,
6,1586,,,,0.9830297827720642,0.7050359845161438,0.05259057879447937,,,
6,1587,,,,0.9815811514854431,0.6763636469841003,0.05177595093846321,,,
6,1588,,,,0.9813741445541382,0.6739130616188049,0.050072576850652695,,,
6,1589,,,,0.9830297827720642,0.7007299065589905,0.04874313995242119,,,
6,1590,,,,0.9853062629699707,0.7399267554283142,0.04369116201996803,,,
6,1591,,,,0.9782698750495911,0.6096654534339905,0.058658018708229065,,,
6,1592,,,,0.9797185659408569,0.6370370388031006,0.0502270832657814,,,
6,1593,,,,0.9790976643562317,0.6353790760040283,0.04827193170785904,,,
6,1594,,,,0.9805463552474976,0.6569343209266663,0.05190146714448929,,,
6,1595,,,,0.9836506843566895,0.7063196897506714,0.048506107181310654,,,
6,1596,,,,0.9793046116828918,0.6402877569198608,0.052223868668079376,,,
6,1597,,,,0.9801324605941772,0.6521739363670349,0.05172121152281761,,,
6,1598,,,,0.9838576316833496,0.7253521084785461,0.045492950826883316,,,
6,1599,,,,0.982822835445404,0.6981818079948425,0.04740777611732483,,,
6,1600,,,,0.9826158881187439,0.6911764740943909,0.05226103588938713,,,
6,1601,,,,0.9793046116828918,0.6428571343421936,0.05162183940410614,,,
6,1602,,,,0.9805463552474976,0.6492537260055542,0.05436306074261665,,,
6,1603,,,,0.9844784736633301,0.7330960631370544,0.04461017996072769,,,
6,1604,,,,0.9826158881187439,0.6978417038917542,0.05016469210386276,,,
6,1605,,,,0.9850993156433105,0.739130437374115,0.04182593896985054,,,
6,1606,,,,0.9830297827720642,0.7132866978645325,0.04523687809705734,,,
6,1607,,,,0.9797185659408569,0.6423357725143433,0.05313822627067566,,,
6,1608,,,,0.9803394079208374,0.6619216799736023,0.05162383243441582,,,
6,1609,,,,0.9809602499008179,0.6592592597007751,0.05008293315768242,,,
6,1610,,,,0.9840645790100098,0.7279151678085327,0.04278504103422165,,,
6,1611,,,,0.9826158881187439,0.7021276354789734,0.051093559712171555,,,
6,1612,,,,0.9826158881187439,0.6865671873092651,0.04736359044909477,,,
6,1613,,,,0.9805463552474976,0.654411792755127,0.049353837966918945,,,
6,1614,,,,0.9801324605941772,0.641791045665741,0.049265310168266296,,,
6,1615,,,,0.9817880988121033,0.6764705777168274,0.050067927688360214,,,
6,1616,,,,0.9809602499008179,0.6642335653305054,0.05131550878286362,,,
6,1617,,,,0.9805463552474976,0.6642857193946838,0.05503185838460922,,,
6,1618,,,,0.9813741445541382,0.6666666865348816,0.04718051850795746,,,
6,1619,,,,0.9830297827720642,0.7028985619544983,0.045236580073833466,,,
6,1620,,,,0.9819950461387634,0.6836363673210144,0.0474572479724884,,,
6,1621,,,,0.9817880988121033,0.6811594367027283,0.05383390933275223,,,
6,1622,,,,0.9815811514854431,0.6666666865348816,0.05447537824511528,,,
6,1623,,,,0.9813741445541382,0.6691176295280457,0.05192366987466812,,,
6,1624,,,,0.981167197227478,0.6666666865348816,0.04953064024448395,,,
6,1625,,,,0.9805463552474976,0.6439393758773804,0.05294908955693245,,,
6,1626,,,,0.982822835445404,0.6937269568443298,0.05426081642508507,,,
6,1627,,,,0.9795116186141968,0.6292135119438171,0.05619683116674423,,,
6,1628,,,,0.9824089407920837,0.6931408047676086,0.05461638420820236,,,
6,1629,,,,0.9853062629699707,0.7455196976661682,0.046832967549562454,,,
6,1630,,,,0.9813741445541382,0.6715328693389893,0.04692665860056877,,,
6,1631,,,,0.9838576316833496,0.7214285731315613,0.04499706253409386,,,
6,1632,,,,0.9836506843566895,0.7106227278709412,0.05005593225359917,,,
6,1633,,,,0.9842715263366699,0.7226277589797974,0.04645540937781334,,,
6,1634,,,,0.9830297827720642,0.6985294222831726,0.04877445846796036,,,
6,1635,,,,0.9797185659408569,0.6315789222717285,0.0537380576133728,,,
6,1636,,,,0.9846854209899902,0.7412587404251099,0.04047727957367897,,,
6,1637,,,,0.9805463552474976,0.6618704795837402,0.04817725718021393,,,
6,1638,,,,0.9807533025741577,0.6713780760765076,0.049542561173439026,,,
6,1639,,,,0.9819950461387634,0.6836363673210144,0.05372270941734314,,,
6,1640,,,,0.9817880988121033,0.6879432797431946,0.04867193102836609,,,
6,1641,,,,0.9786837697029114,0.6308243870735168,0.05573158338665962,,,
6,1642,,,,0.9788907170295715,0.633093535900116,0.06155873090028763,,,
6,1643,,,,0.9815811514854431,0.6832740306854248,0.051090043038129807,,,
6,1644,,,,0.981167197227478,0.6690909266471863,0.05045488476753235,,,
6,1645,,,,0.9840645790100098,0.7298245429992676,0.046146053820848465,,,
6,1646,,,,0.9797185659408569,0.6397058963775635,0.056468166410923004,,,
6,1647,,,,0.9832367300987244,0.7011070251464844,0.04944171756505966,,,
6,1648,,,,0.9797185659408569,0.6499999761581421,0.05403207242488861,,,
6,1649,,,,0.9803394079208374,0.6387832760810852,0.054346609860658646,,,
6,1650,,,,0.9826158881187439,0.6865671873092651,0.04816926643252373,,,
6,1651,,,,0.9805463552474976,0.6713286638259888,0.05090374872088432,,,
6,1652,,,,0.9817880988121033,0.6740740537643433,0.05335855856537819,,,
6,1653,,,,0.9795116186141968,0.6319702863693237,0.05263511836528778,,,
6,1654,,,,0.9803394079208374,0.6594982147216797,0.04821209982037544,,,
6,1655,,,,0.9834437370300293,0.716312050819397,0.04641737416386604,,,
6,1656,,,,0.9813741445541382,0.6691176295280457,0.05321631580591202,,,
6,1657,,,,0.981167197227478,0.6617100238800049,0.05192135274410248,,,
6,1658,,,,0.9803394079208374,0.6545454263687134,0.05263812467455864,,,
6,1659,,,,0.9836506843566895,0.7063196897506714,0.04842488840222359,,,
6,1660,,,,0.9807533025741577,0.6593406796455383,0.05023548752069473,,,
6,1661,,,,0.9793046116828918,0.6376811861991882,0.05128803849220276,,,
6,1662,,,,0.9830297827720642,0.6985294222831726,0.04892032593488693,,,
6,1663,,,,0.9826158881187439,0.7042253613471985,0.04399225488305092,,,
6,1664,,,,0.9790976643562317,0.6353790760040283,0.05475352331995964,,,
6,1665,,,,0.982822835445404,0.7046263217926025,0.04829986020922661,,,
6,1666,,,,0.9793046116828918,0.6453900933265686,0.04765457659959793,,,
6,1667,,,,0.9826158881187439,0.6978417038917542,0.05162471905350685,,,
6,1668,,,,0.9813741445541382,0.6691176295280457,0.05489281192421913,,,
6,1669,,,,0.9819950461387634,0.6859205961227417,0.046553127467632294,,,
6,1670,,,,0.9782698750495911,0.6181818246841431,0.05613484978675842,,,
6,1671,,,,0.9809602499008179,0.6541353464126587,0.05047991871833801,,,
6,1672,,,,0.9795116186141968,0.6451612710952759,0.050616566091775894,,,
6,1673,,,,0.9840645790100098,0.7200000286102295,0.045438993722200394,,,
6,1674,,,,0.9809602499008179,0.6642335653305054,0.053954288363456726,,,
6,1675,,,,0.9819950461387634,0.6925795078277588,0.04427140951156616,,,
6,1676,,,,0.9817880988121033,0.6716417670249939,0.04577694833278656,,,
6,1677,,,,0.9809602499008179,0.6666666865348816,0.055758584290742874,,,
6,1678,,,,0.9850993156433105,0.748251736164093,0.04311615973711014,,,
6,1679,,,,0.9803394079208374,0.6494464874267578,0.06013670563697815,,,
6,1680,,,,0.9822019934654236,0.6884058117866516,0.0484141930937767,,,
6,1681,,,,0.9805463552474976,0.6569343209266663,0.053334783762693405,,,
6,1682,,,,0.9809602499008179,0.6567164063453674,0.05420203506946564,,,
6,1683,,,,0.9817880988121033,0.6834532618522644,0.051717739552259445,,,
6,1684,,,,0.9797185659408569,0.6474820375442505,0.05665382370352745,,,
6,1685,,,,0.9799255132675171,0.6283524632453918,0.0506867989897728,,,
6,1686,,,,0.9797185659408569,0.6474820375442505,0.05239378288388252,,,
6,1687,,,,0.9826158881187439,0.6865671873092651,0.04875282943248749,,,
6,1688,,,,0.9819950461387634,0.6925795078277588,0.05031796172261238,,,
6,1689,,,,0.9784768223762512,0.6090225577354431,0.05342946946620941,,,
6,1690,,,,0.9850993156433105,0.7446808218955994,0.04271304979920387,,,
6,1691,,,,0.9809602499008179,0.6642335653305054,0.048793964087963104,,,
6,1692,,,,0.9832367300987244,0.7054545283317566,0.04651644825935364,,,
6,1693,,,,0.9803394079208374,0.6494464874267578,0.05075496435165405,,,
6,1694,,,,0.9848923683166504,0.7383512258529663,0.04476005211472511,,,
6,1695,,,,0.9861341118812561,0.7581227421760559,0.04514593258500099,,,
6,1696,,,,0.9826158881187439,0.699999988079071,0.050466205924749374,,,
6,1697,,,,0.981167197227478,0.671480119228363,0.05327026546001434,,,
6,1698,,,,0.9809602499008179,0.6592592597007751,0.052751075476408005,,,
6,1699,,,,0.9824089407920837,0.6953405141830444,0.04899175092577934,,,
6,1700,,,,0.9819950461387634,0.6836363673210144,0.04923383891582489,,,
6,1701,,,,0.9822019934654236,0.6838235259056091,0.046855609863996506,,,
6,1702,,,,0.9844784736633301,0.7368420958518982,0.04444551840424538,,,
6,1703,,,,0.982822835445404,0.7025089859962463,0.05079730227589607,,,
6,1704,,,,0.9790976643562317,0.6379928588867188,0.051934730261564255,,,
6,1705,,,,0.9788907170295715,0.633093535900116,0.05195651948451996,,,
6,1706,,,,0.9817880988121033,0.6740740537643433,0.04849172756075859,,,
6,1707,,,,0.982822835445404,0.7003610134124756,0.05422665551304817,,,
6,1708,,,,0.9826158881187439,0.6934306621551514,0.04601634666323662,,,
6,1709,,,,0.9817880988121033,0.6716417670249939,0.0501096174120903,,,
6,1710,,,,0.9807533025741577,0.6642599105834961,0.05406840890645981,,,
6,1711,,,,0.9803394079208374,0.6360152959823608,0.0547037199139595,,,
6,1712,,,,0.9834437370300293,0.7101449370384216,0.04735400900244713,,,
6,1713,,,,0.9817880988121033,0.6666666865348816,0.050704482942819595,,,
6,1714,,,,0.9863410592079163,0.7659574747085571,0.04558928310871124,,,
6,1715,,,,0.9842715263366699,0.7304964661598206,0.042293623089790344,,,
6,1716,,,,0.9809602499008179,0.6617646813392639,0.05257479473948479,,,
6,1717,,,,0.9834437370300293,0.7142857313156128,0.046985507011413574,,,
6,1718,,,,0.9788907170295715,0.6194030046463013,0.05250447615981102,,,
6,1719,,,,0.982822835445404,0.7003610134124756,0.04905584454536438,,,
6,1720,,,,0.9797185659408569,0.6449275612831116,0.0521547794342041,,,
6,1721,,,,0.9846854209899902,0.73758864402771,0.04464126005768776,,,
6,1722,,,,0.982822835445404,0.7003610134124756,0.05046997219324112,,,
6,1723,,,,0.9817880988121033,0.6879432797431946,0.04832019656896591,,,
6,1724,,,,0.9840645790100098,0.725978672504425,0.04525552690029144,,,
6,1725,,,,0.981167197227478,0.6666666865348816,0.05485928803682327,,,
6,1726,,,,0.9815811514854431,0.6715866923332214,0.05247397720813751,,,
6,1727,,,,0.9799255132675171,0.6548042893409729,0.054800305515527725,,,
6,1728,,,,0.9826158881187439,0.6888889074325562,0.049667149782180786,,,
6,1729,,,,0.9830297827720642,0.6985294222831726,0.04880424588918686,,,
6,1730,,,,0.9815811514854431,0.6877192854881287,0.04963739216327667,,,
6,1731,,,,0.9838576316833496,0.7194244861602783,0.04707934334874153,,,
6,1732,,,,0.9822019934654236,0.6884058117866516,0.05283183231949806,,,
6,1733,,,,0.9850993156433105,0.7372262477874756,0.04790826141834259,,,
6,1734,,,,0.9790976643562317,0.6273062825202942,0.056112099438905716,,,
6,1735,,,,0.9817880988121033,0.6879432797431946,0.0464695505797863,,,
6,1736,,,,0.9824089407920837,0.6953405141830444,0.049355436116456985,,,
6,1737,,,,0.9797185659408569,0.6287878751754761,0.05566610395908356,,,
6,1738,,,,0.9815811514854431,0.6715866923332214,0.055196501314640045,,,
6,1739,,,,0.9813741445541382,0.6691176295280457,0.0535188652575016,,,
6,1740,,,,0.9803394079208374,0.6520146727561951,0.053120169788599014,,,
6,1741,,,,0.9830297827720642,0.7007299065589905,0.04874233901500702,,,
6,1742,,,,0.9853062629699707,0.7455196976661682,0.0422758013010025,,,
6,1743,,,,0.9815811514854431,0.661596953868866,0.05424606800079346,,,
6,1744,,,,0.9826158881187439,0.6888889074325562,0.05145609378814697,,,
6,1745,,,,0.9807533025741577,0.6463878154754639,0.0502137616276741,,,
6,1746,,,,0.9822019934654236,0.6838235259056091,0.05106694623827934,,,
6,1747,,,,0.9807533025741577,0.6618182063102722,0.054496753960847855,,,
6,1748,,,,0.9819950461387634,0.690391480922699,0.04495903104543686,,,
6,1749,,,,0.9801324605941772,0.6593406796455383,0.0513077937066555,,,
6,1749,,,,,,,0.9816704392433167,0.6799039244651794,0.0509958416223526
7,1750,,,,0.9834437370300293,0.7202796936035156,0.04548272117972374,,,
7,1751,,,,0.9815811514854431,0.6739926934242249,0.04573603346943855,,,
7,1752,,,,0.9842715263366699,0.720588207244873,0.043373361229896545,,,
7,1753,,,,0.9805463552474976,0.6518518328666687,0.049864694476127625,,,
7,1754,,,,0.9844784736633301,0.7191011309623718,0.049487486481666565,,,
7,1755,,,,0.9815811514854431,0.6739926934242249,0.05215543136000633,,,
7,1756,,,,0.9836506843566895,0.7188612222671509,0.044966306537389755,,,
7,1757,,,,0.9813741445541382,0.6691176295280457,0.05075867846608162,,,
7,1758,,,,0.9793046116828918,0.6323529481887817,0.053111013025045395,,,
7,1759,,,,0.9824089407920837,0.6816479563713074,0.04961202293634415,,,
7,1760,,,,0.9838576316833496,0.717391312122345,0.04922957718372345,,,
7,1761,,,,0.9850993156433105,0.7446808218955994,0.039858244359493256,,,
7,1762,,,,0.9819950461387634,0.6765799522399902,0.04588985815644264,,,
7,1763,,,,0.981167197227478,0.6761565804481506,0.05335517227649689,,,
7,1764,,,,0.9838576316833496,0.7272727489471436,0.04599505290389061,,,
7,1765,,,,0.9795116186141968,0.6373626589775085,0.05515071377158165,,,
7,1766,,,,0.9805463552474976,0.6666666865348816,0.05239617079496384,,,
7,1767,,,,0.9826158881187439,0.699999988079071,0.052502814680337906,,,
7,1768,,,,0.9824089407920837,0.6975088715553284,0.05091749131679535,,,
7,1769,,,,0.9813741445541382,0.6785714030265808,0.04987724497914314,,,
7,1770,,,,0.9842715263366699,0.7323943376541138,0.0486152358353138,,,
7,1771,,,,0.9832367300987244,0.71378093957901,0.046201471239328384,,,
7,1772,,,,0.9817880988121033,0.6788321137428284,0.05089929699897766,,,
7,1773,,,,0.981167197227478,0.6690909266471863,0.05136631801724434,,,
7,1774,,,,0.9809602499008179,0.6760563254356384,0.04535279795527458,,,
7,1775,,,,0.9815811514854431,0.6691449880599976,0.048280879855155945,,,
7,1776,,,,0.9836506843566895,0.7127272486686707,0.04587651789188385,,,
7,1777,,,,0.9819950461387634,0.6813187003135681,0.0489526093006134,,,
7,1778,,,,0.9803394079208374,0.6619216799736023,0.05699944123625755,,,
7,1779,,,,0.9817880988121033,0.6901408433914185,0.05022241547703743,,,
7,1780,,,,0.982822835445404,0.6959707140922546,0.04676160588860512,,,
7,1781,,,,0.9836506843566895,0.7188612222671509,0.04534415528178215,,,
7,1782,,,,0.9822019934654236,0.6861313581466675,0.052913375198841095,,,
7,1783,,,,0.9822019934654236,0.6791045069694519,0.05024595931172371,,,
7,1784,,,,0.9840645790100098,0.725978672504425,0.04339345544576645,,,
7,1785,,,,0.9805463552474976,0.6518518328666687,0.05028676986694336,,,
7,1786,,,,0.9826158881187439,0.7083333134651184,0.04853197932243347,,,
7,1787,,,,0.9809602499008179,0.6617646813392639,0.05008489638566971,,,
7,1788,,,,0.9807533025741577,0.6666666865348816,0.05849669128656387,,,
7,1789,,,,0.9840645790100098,0.7179487347602844,0.046617764979600906,,,
7,1790,,,,0.9842715263366699,0.7226277589797974,0.04279885068535805,,,
7,1791,,,,0.9834437370300293,0.7101449370384216,0.0491911880671978,,,
7,1792,,,,0.9778559803962708,0.616487443447113,0.05172951892018318,,,
7,1793,,,,0.9824089407920837,0.6863468885421753,0.05061161145567894,,,
7,1794,,,,0.9809602499008179,0.6642335653305054,0.04736778885126114,,,
7,1795,,,,0.9846854209899902,0.7338129281997681,0.04305373504757881,,,
7,1796,,,,0.9803394079208374,0.6619216799736023,0.0567411333322525,,,
7,1797,,,,0.9830297827720642,0.7092198729515076,0.04565040022134781,,,
7,1798,,,,0.9819950461387634,0.6813187003135681,0.049846403300762177,,,
7,1799,,,,0.9819950461387634,0.6741573214530945,0.049744777381420135,,,
7,1800,,,,0.9824089407920837,0.6886447072029114,0.04690561071038246,,,
7,1801,,,,0.9830297827720642,0.6940298676490784,0.04863348975777626,,,
7,1802,,,,0.9842715263366699,0.720588207244873,0.046396370977163315,,,
7,1803,,,,0.9793046116828918,0.6428571343421936,0.05269360542297363,,,
7,1804,,,,0.981167197227478,0.6690909266471863,0.0484609492123127,,,
7,1805,,,,0.9803394079208374,0.6520146727561951,0.05453799292445183,,,
7,1806,,,,0.982822835445404,0.6981818079948425,0.04452171549201012,,,
7,1807,,,,0.9844784736633301,0.7311828136444092,0.04674898460507393,,,
7,1808,,,,0.982822835445404,0.7025089859962463,0.05025353655219078,,,
7,1809,,,,0.9844784736633301,0.723247230052948,0.04559602588415146,,,
7,1810,,,,0.982822835445404,0.6867924332618713,0.048615556210279465,,,
7,1811,,,,0.9817880988121033,0.6764705777168274,0.04546041414141655,,,
7,1812,,,,0.9788907170295715,0.6222222447395325,0.0531308688223362,,,
7,1813,,,,0.9786837697029114,0.6281588673591614,0.05259931460022926,,,
7,1814,,,,0.9813741445541382,0.6715328693389893,0.05416436865925789,,,
7,1815,,,,0.9813741445541382,0.6785714030265808,0.050384294241666794,,,
7,1816,,,,0.9793046116828918,0.6428571343421936,0.051456551998853683,,,
7,1817,,,,0.982822835445404,0.6981818079948425,0.047420091927051544,,,
7,1818,,,,0.9822019934654236,0.6861313581466675,0.0494244284927845,,,
7,1819,,,,0.9795116186141968,0.6451612710952759,0.05404861271381378,,,
7,1820,,,,0.9793046116828918,0.6323529481887817,0.05290399491786957,,,
7,1821,,,,0.9848923683166504,0.7402135133743286,0.04776517674326897,,,
7,1822,,,,0.9807533025741577,0.6642599105834961,0.04998822882771492,,,
7,1823,,,,0.9824089407920837,0.6909090876579285,0.051502473652362823,,,
7,1824,,,,0.9788907170295715,0.633093535900116,0.05647430568933487,,,
7,1825,,,,0.981167197227478,0.6738350987434387,0.048559848219156265,,,
7,1826,,,,0.9834437370300293,0.7183098793029785,0.04666116461157799,,,
7,1827,,,,0.9809602499008179,0.6617646813392639,0.0478944256901741,,,
7,1828,,,,0.9801324605941772,0.6521739363670349,0.05275227501988411,,,
7,1829,,,,0.982822835445404,0.7025089859962463,0.04878225550055504,,,
7,1830,,,,0.9819950461387634,0.6881720423698425,0.050473473966121674,,,
7,1831,,,,0.9805463552474976,0.654411792755127,0.04755334556102753,,,
7,1832,,,,0.9786837697029114,0.6113207340240479,0.05520204082131386,,,
7,1833,,,,0.9793046116828918,0.6350364685058594,0.05377864092588425,,,
7,1834,,,,0.9813741445541382,0.6691176295280457,0.047872088849544525,,,
7,1835,,,,0.9822019934654236,0.6838235259056091,0.051152851432561874,,,
7,1836,,,,0.9822019934654236,0.6838235259056091,0.04360063374042511,,,
7,1837,,,,0.9797185659408569,0.6370370388031006,0.05047354847192764,,,
7,1838,,,,0.9824089407920837,0.6931408047676086,0.05190981552004814,,,
7,1839,,,,0.9844784736633301,0.7272727489471436,0.051528096199035645,,,
7,1840,,,,0.9830297827720642,0.6985294222831726,0.046566449105739594,,,
7,1841,,,,0.9809602499008179,0.6592592597007751,0.05278894677758217,,,
7,1842,,,,0.9850993156433105,0.7446808218955994,0.04100603610277176,,,
7,1843,,,,0.9817880988121033,0.6788321137428284,0.04726416990160942,,,
7,1844,,,,0.9819950461387634,0.678966760635376,0.05063463747501373,,,
7,1845,,,,0.9830297827720642,0.7028985619544983,0.04803358018398285,,,
7,1846,,,,0.9817880988121033,0.6834532618522644,0.04678536579012871,,,
7,1847,,,,0.9807533025741577,0.6593406796455383,0.04937689006328583,,,
7,1848,,,,0.9836506843566895,0.7208480834960938,0.04904503375291824,,,
7,1849,,,,0.9848923683166504,0.7456446290016174,0.040084730833768845,,,
7,1850,,,,0.9815811514854431,0.6810035705566406,0.04819124564528465,,,
7,1851,,,,0.9832367300987244,0.7075812220573425,0.045760635286569595,,,
7,1852,,,,0.9799255132675171,0.6548042893409729,0.05224530026316643,,,
7,1853,,,,0.9834437370300293,0.716312050819397,0.042757950723171234,,,
7,1854,,,,0.9836506843566895,0.7168458700180054,0.04864196106791496,,,
7,1855,,,,0.9805463552474976,0.6569343209266663,0.05342470109462738,,,
7,1856,,,,0.9801324605941772,0.6470588445663452,0.055589932948350906,,,
7,1857,,,,0.9840645790100098,0.7279151678085327,0.045072607696056366,,,
7,1858,,,,0.9838576316833496,0.7214285731315613,0.05025448650121689,,,
7,1859,,,,0.9770281314849854,0.602150559425354,0.054965708404779434,,,
7,1860,,,,0.9790976643562317,0.6273062825202942,0.0537092462182045,,,
7,1861,,,,0.9826158881187439,0.6842105388641357,0.0501730740070343,,,
7,1862,,,,0.9782698750495911,0.6067415475845337,0.05733872577548027,,,
7,1863,,,,0.9840645790100098,0.7179487347602844,0.046631328761577606,,,
7,1864,,,,0.9813741445541382,0.6739130616188049,0.05155899375677109,,,
7,1865,,,,0.982822835445404,0.6981818079948425,0.049101512879133224,,,
7,1866,,,,0.9797185659408569,0.6474820375442505,0.051923904567956924,,,
7,1867,,,,0.9799255132675171,0.6311787366867065,0.05355262756347656,,,
7,1868,,,,0.9834437370300293,0.6992481350898743,0.045773621648550034,,,
7,1869,,,,0.9834437370300293,0.7142857313156128,0.0503716915845871,,,
7,1870,,,,0.9830297827720642,0.7007299065589905,0.04716332629323006,,,
7,1871,,,,0.9817880988121033,0.6811594367027283,0.05148101598024368,,,
7,1872,,,,0.9815811514854431,0.6810035705566406,0.056355174630880356,,,
7,1873,,,,0.9830297827720642,0.7028985619544983,0.04836561158299446,,,
7,1874,,,,0.9803394079208374,0.6594982147216797,0.051936522126197815,,,
7,1875,,,,0.982822835445404,0.7087719440460205,0.04710464924573898,,,
7,1876,,,,0.9815811514854431,0.6739926934242249,0.04620625823736191,,,
7,1877,,,,0.9790976643562317,0.6327272653579712,0.05528377369046211,,,
7,1878,,,,0.9801324605941772,0.6496350169181824,0.05398203432559967,,,
7,1879,,,,0.9840645790100098,0.725978672504425,0.04371350631117821,,,
7,1880,,,,0.981167197227478,0.6690909266471863,0.05160345882177353,,,
7,1881,,,,0.9793046116828918,0.6551724076271057,0.05075059458613396,,,
7,1882,,,,0.9801324605941772,0.641791045665741,0.05485197901725769,,,
7,1883,,,,0.9815811514854431,0.6920415163040161,0.049626559019088745,,,
7,1884,,,,0.9809602499008179,0.6592592597007751,0.04847218468785286,,,
7,1885,,,,0.9786837697029114,0.622710645198822,0.05493492633104324,,,
7,1886,,,,0.9815811514854431,0.6715866923332214,0.0493987500667572,,,
7,1887,,,,0.9788907170295715,0.6357142925262451,0.048882320523262024,,,
7,1888,,,,0.9788907170295715,0.6277372241020203,0.055308058857917786,,,
7,1889,,,,0.9842715263366699,0.720588207244873,0.042400993406772614,,,
7,1890,,,,0.9819950461387634,0.6813187003135681,0.05176540091633797,,,
7,1891,,,,0.9822019934654236,0.6906474828720093,0.04875798895955086,,,
7,1892,,,,0.9838576316833496,0.7194244861602783,0.046227049082517624,,,
7,1893,,,,0.9817880988121033,0.6834532618522644,0.04603765159845352,,,
7,1894,,,,0.9853062629699707,0.7526132464408875,0.044413886964321136,,,
7,1895,,,,0.9780629277229309,0.6131386756896973,0.055664751678705215,,,
7,1896,,,,0.9834437370300293,0.7122302055358887,0.05315585434436798,,,
7,1897,,,,0.982822835445404,0.7108014225959778,0.04857072979211807,,,
7,1898,,,,0.9817880988121033,0.6879432797431946,0.04435230419039726,,,
7,1899,,,,0.9793046116828918,0.6376811861991882,0.05338255688548088,,,
7,1900,,,,0.9857202172279358,0.7490909099578857,0.04443211853504181,,,
7,1901,,,,0.9776490330696106,0.6029411554336548,0.05442335829138756,,,
7,1902,,,,0.9846854209899902,0.7357142567634583,0.04574432224035263,,,
7,1903,,,,0.9799255132675171,0.6498194932937622,0.05513542890548706,,,
7,1904,,,,0.9842715263366699,0.7121211886405945,0.046904247254133224,,,
7,1905,,,,0.981167197227478,0.6666666865348816,0.05288004130125046,,,
7,1906,,,,0.9830297827720642,0.7007299065589905,0.04497293755412102,,,
7,1907,,,,0.9822019934654236,0.6861313581466675,0.04722706228494644,,,
7,1908,,,,0.9869619011878967,0.7835051417350769,0.04216138646006584,,,
7,1909,,,,0.9815811514854431,0.6832740306854248,0.05055655911564827,,,
7,1910,,,,0.9824089407920837,0.703832745552063,0.053920138627290726,,,
7,1911,,,,0.9813741445541382,0.6715328693389893,0.05039377510547638,,,
7,1912,,,,0.9817880988121033,0.6764705777168274,0.049753136932849884,,,
7,1913,,,,0.9840645790100098,0.7240143418312073,0.04520272836089134,,,
7,1914,,,,0.9815811514854431,0.6715866923332214,0.04896468296647072,,,
7,1915,,,,0.9834437370300293,0.7222222089767456,0.04737522453069687,,,
7,1916,,,,0.982822835445404,0.7046263217926025,0.04752359539270401,,,
7,1917,,,,0.9853062629699707,0.7508772015571594,0.048510387539863586,,,
7,1918,,,,0.9809602499008179,0.6760563254356384,0.05122809484601021,,,
7,1919,,,,0.9807533025741577,0.6618182063102722,0.054975129663944244,,,
7,1920,,,,0.9817880988121033,0.6944444179534912,0.05210301652550697,,,
7,1921,,,,0.9790976643562317,0.6353790760040283,0.05519075691699982,,,
7,1922,,,,0.9836506843566895,0.7188612222671509,0.04607461020350456,,,
7,1923,,,,0.9848923683166504,0.7402135133743286,0.042431049048900604,,,
7,1924,,,,0.9846854209899902,0.7430555820465088,0.0424039363861084,,,
7,1925,,,,0.9817880988121033,0.6716417670249939,0.049079447984695435,,,
7,1926,,,,0.9797185659408569,0.6449275612831116,0.05217497795820236,,,
7,1927,,,,0.9853062629699707,0.7418181896209717,0.04585283622145653,,,
7,1928,,,,0.9853062629699707,0.743682324886322,0.043100349605083466,,,
7,1929,,,,0.9762003421783447,0.581818163394928,0.058559663593769073,,,
7,1930,,,,0.9809602499008179,0.6642335653305054,0.050709545612335205,,,
7,1931,,,,0.9834437370300293,0.7101449370384216,0.04500295966863632,,,
7,1932,,,,0.982822835445404,0.7067137956619263,0.04440532624721527,,,
7,1933,,,,0.9822019934654236,0.6928571462631226,0.046892955899238586,,,
7,1934,,,,0.9819950461387634,0.6813187003135681,0.048117514699697495,,,
7,1935,,,,0.9782698750495911,0.6181818246841431,0.05723324045538902,,,
7,1936,,,,0.9788907170295715,0.6357142925262451,0.053722724318504333,,,
7,1937,,,,0.9817880988121033,0.6834532618522644,0.05193229764699936,,,
7,1938,,,,0.9807533025741577,0.6690391302108765,0.04928172007203102,,,
7,1939,,,,0.9832367300987244,0.7054545283317566,0.04860760271549225,,,
7,1940,,,,0.9813741445541382,0.6715328693389893,0.050355199724435806,,,
7,1941,,,,0.9832367300987244,0.6988847851753235,0.04415247589349747,,,
7,1942,,,,0.9813741445541382,0.6739130616188049,0.04613226279616356,,,
7,1943,,,,0.9815811514854431,0.6787003874778748,0.05095317214727402,,,
7,1944,,,,0.9815811514854431,0.6739926934242249,0.04811345785856247,,,
7,1945,,,,0.9813741445541382,0.6762589812278748,0.04624857380986214,,,
7,1946,,,,0.9840645790100098,0.725978672504425,0.043317846953868866,,,
7,1947,,,,0.9830297827720642,0.7071428298950195,0.04559817910194397,,,
7,1948,,,,0.9813741445541382,0.6785714030265808,0.050066493451595306,,,
7,1949,,,,0.9822019934654236,0.6861313581466675,0.045165643095970154,,,
7,1950,,,,0.9842715263366699,0.7226277589797974,0.04601503908634186,,,
7,1951,,,,0.9813741445541382,0.6739130616188049,0.045998863875865936,,,
7,1952,,,,0.9807533025741577,0.6666666865348816,0.05158885195851326,,,
7,1953,,,,0.9813741445541382,0.6785714030265808,0.045789189636707306,,,
7,1954,,,,0.9813741445541382,0.6875,0.04181718826293945,,,
7,1955,,,,0.981167197227478,0.671480119228363,0.054523393511772156,,,
7,1956,,,,0.9850993156433105,0.7446808218955994,0.044107574969530106,,,
7,1957,,,,0.9830297827720642,0.7112675905227661,0.046458128839731216,,,
7,1958,,,,0.9774420261383057,0.6202090382575989,0.05560922995209694,,,
7,1959,,,,0.9793046116828918,0.6478873491287231,0.05592718720436096,,,
7,1960,,,,0.9813741445541382,0.6715328693389893,0.05050608515739441,,,
7,1961,,,,0.9842715263366699,0.7266187071800232,0.049611568450927734,,,
7,1962,,,,0.9807533025741577,0.649056613445282,0.050980012863874435,,,
7,1963,,,,0.9813741445541382,0.6691176295280457,0.04701146483421326,,,
7,1964,,,,0.9842715263366699,0.7304964661598206,0.04271134361624718,,,
7,1965,,,,0.9836506843566895,0.7168458700180054,0.04652087017893791,,,
7,1966,,,,0.9795116186141968,0.6501767039299011,0.05359794944524765,,,
7,1967,,,,0.9830297827720642,0.7007299065589905,0.047301582992076874,,,
7,1968,,,,0.9826158881187439,0.695652186870575,0.04973984137177467,,,
7,1969,,,,0.9824089407920837,0.6886447072029114,0.048588890582323074,,,
7,1970,,,,0.9793046116828918,0.6240601539611816,0.05799483507871628,,,
7,1971,,,,0.9824089407920837,0.6953405141830444,0.05400067940354347,,,
7,1972,,,,0.9853062629699707,0.7491165995597839,0.04257810860872269,,,
7,1973,,,,0.9838576316833496,0.7153284549713135,0.04495346173644066,,,
7,1974,,,,0.9832367300987244,0.71378093957901,0.050479110330343246,,,
7,1975,,,,0.981167197227478,0.6761565804481506,0.052536413073539734,,,
7,1976,,,,0.9819950461387634,0.6859205961227417,0.048900701105594635,,,
7,1977,,,,0.9819950461387634,0.6859205961227417,0.049383744597435,,,
7,1978,,,,0.982822835445404,0.7025089859962463,0.047828685492277145,,,
7,1979,,,,0.9836506843566895,0.7127272486686707,0.04783018305897713,,,
7,1980,,,,0.9803394079208374,0.6666666865348816,0.05345849692821503,,,
7,1981,,,,0.9830297827720642,0.7028985619544983,0.045504163950681686,,,
7,1982,,,,0.9819950461387634,0.690391480922699,0.04747997224330902,,,
7,1983,,,,0.9793046116828918,0.6323529481887817,0.05213642865419388,,,
7,1984,,,,0.9840645790100098,0.7240143418312073,0.04521629959344864,,,
7,1985,,,,0.9801324605941772,0.6595744490623474,0.04962960258126259,,,
7,1986,,,,0.9801324605941772,0.6496350169181824,0.04832593724131584,,,
7,1987,,,,0.9830297827720642,0.7092198729515076,0.04518798738718033,,,
7,1988,,,,0.9826158881187439,0.6978417038917542,0.05035805702209473,,,
7,1989,,,,0.9834437370300293,0.7202796936035156,0.04947970435023308,,,
7,1990,,,,0.981167197227478,0.6591760516166687,0.05189386382699013,,,
7,1991,,,,0.9826158881187439,0.6934306621551514,0.045998066663742065,,,
7,1992,,,,0.9786837697029114,0.622710645198822,0.05396378040313721,,,
7,1993,,,,0.9830297827720642,0.7028985619544983,0.04509000852704048,,,
7,1994,,,,0.9817880988121033,0.6788321137428284,0.05137117952108383,,,
7,1995,,,,0.9815811514854431,0.685512363910675,0.05214206874370575,,,
7,1996,,,,0.9850993156433105,0.7333333492279053,0.04341083765029907,,,
7,1997,,,,0.9855132699012756,0.7517730593681335,0.04329518601298332,,,
7,1998,,,,0.9824089407920837,0.6863468885421753,0.05085182562470436,,,
7,1999,,,,0.9835505485534668,0.7094339728355408,0.04837092012166977,,,
7,1999,,,,,,,0.9817168712615967,0.6832331418991089,0.0499749593436718
8,2000,,,,0.9809602499008179,0.6666666865348816,0.04825684428215027,,,
8,2001,,,,0.982822835445404,0.7003610134124756,0.04600895568728447,,,
8,2002,,,,0.982822835445404,0.6937269568443298,0.04970708116889,,,
8,2003,,,,0.9824089407920837,0.6909090876579285,0.050381775945425034,,,
8,2004,,,,0.9836506843566895,0.7106227278709412,0.05188689008355141,,,
8,2005,,,,0.9834437370300293,0.7058823704719543,0.04873901605606079,,,
8,2006,,,,0.9807533025741577,0.6618182063102722,0.0550432913005352,,,
8,2007,,,,0.982822835445404,0.7003610134124756,0.04840628430247307,,,
8,2008,,,,0.9850993156433105,0.748251736164093,0.05014539510011673,,,
8,2009,,,,0.9801324605941772,0.6619718074798584,0.04818417504429817,,,
8,2010,,,,0.9844784736633301,0.723247230052948,0.04696887359023094,,,
8,2011,,,,0.9815811514854431,0.6763636469841003,0.053544435650110245,,,
8,2012,,,,0.9832367300987244,0.7054545283317566,0.048855263739824295,,,
8,2013,,,,0.9836506843566895,0.7168458700180054,0.04892899841070175,,,
8,2014,,,,0.9842715263366699,0.7226277589797974,0.043569836765527725,,,
8,2015,,,,0.9830297827720642,0.7050359845161438,0.04822120815515518,,,
8,2016,,,,0.9830297827720642,0.7007299065589905,0.04587295278906822,,,
8,2017,,,,0.9863410592079163,0.7625899314880371,0.045041121542453766,,,
8,2018,,,,0.982822835445404,0.7046263217926025,0.04420088976621628,,,
8,2019,,,,0.9817880988121033,0.6740740537643433,0.05064834654331207,,,
8,2020,,,,0.982822835445404,0.7046263217926025,0.04960713908076286,,,
8,2021,,,,0.9826158881187439,0.6911764740943909,0.0499311201274395,,,
8,2022,,,,0.9832367300987244,0.7096773982048035,0.04371805861592293,,,
8,2023,,,,0.9836506843566895,0.7188612222671509,0.045580729842185974,,,
8,2024,,,,0.9815811514854431,0.6810035705566406,0.04987108334898949,,,
8,2025,,,,0.9822019934654236,0.6906474828720093,0.04845438152551651,,,
8,2026,,,,0.981167197227478,0.680701732635498,0.05038583651185036,,,
8,2027,,,,0.9840645790100098,0.7279151678085327,0.04567999392747879,,,
8,2028,,,,0.9801324605941772,0.6619718074798584,0.050293248146772385,,,
8,2029,,,,0.9832367300987244,0.7075812220573425,0.04615091532468796,,,
8,2030,,,,0.9782698750495911,0.6209385991096497,0.05526535212993622,,,
8,2031,,,,0.9832367300987244,0.7032967209815979,0.04971381649374962,,,
8,2032,,,,0.9822019934654236,0.6838235259056091,0.045830246061086655,,,
8,2033,,,,0.9824089407920837,0.6953405141830444,0.04560847580432892,,,
8,2034,,,,0.9822019934654236,0.6971830725669861,0.04683080315589905,,,
8,2035,,,,0.9855132699012756,0.75,0.04224115237593651,,,
8,2036,,,,0.9842715263366699,0.7285714149475098,0.04910933971405029,,,
8,2037,,,,0.9819950461387634,0.6881720423698425,0.05032304301857948,,,
8,2038,,,,0.9838576316833496,0.7234042286872864,0.05343599617481232,,,
8,2039,,,,0.982822835445404,0.7003610134124756,0.049030154943466187,,,
8,2040,,,,0.9824089407920837,0.6909090876579285,0.04839584231376648,,,
8,2041,,,,0.9805463552474976,0.654411792755127,0.05302887037396431,,,
8,2042,,,,0.9803394079208374,0.6520146727561951,0.05019964650273323,,,
8,2043,,,,0.9819950461387634,0.6947368383407593,0.04847749322652817,,,
8,2044,,,,0.9809602499008179,0.6541353464126587,0.051717206835746765,,,
8,2045,,,,0.9817880988121033,0.6811594367027283,0.05044541507959366,,,
8,2046,,,,0.9809602499008179,0.6642335653305054,0.05260133370757103,,,
8,2047,,,,0.9807533025741577,0.6642599105834961,0.04840250685811043,,,
8,2048,,,,0.9815811514854431,0.6691449880599976,0.04686923325061798,,,
8,2049,,,,0.9815811514854431,0.6810035705566406,0.04858119785785675,,,
8,2050,,,,0.9857202172279358,0.750902533531189,0.04422195255756378,,,
8,2051,,,,0.9815811514854431,0.6810035705566406,0.04687326028943062,,,
8,2052,,,,0.9836506843566895,0.7148014307022095,0.04708222672343254,,,
8,2053,,,,0.9813741445541382,0.6762589812278748,0.0523282028734684,,,
8,2054,,,,0.9834437370300293,0.7183098793029785,0.046050041913986206,,,
8,2055,,,,0.9832367300987244,0.7075812220573425,0.04909077659249306,,,
8,2056,,,,0.9834437370300293,0.7142857313156128,0.04937195032835007,,,
8,2057,,,,0.981167197227478,0.6784452199935913,0.046647414565086365,,,
8,2058,,,,0.9842715263366699,0.7323943376541138,0.041246574372053146,,,
8,2059,,,,0.9834437370300293,0.7101449370384216,0.04641259089112282,,,
8,2060,,,,0.9826158881187439,0.695652186870575,0.051936075091362,,,
8,2061,,,,0.9834437370300293,0.7202796936035156,0.045829106122255325,,,
8,2062,,,,0.9822019934654236,0.695035457611084,0.04403816536068916,,,
8,2063,,,,0.9803394079208374,0.6570397019386292,0.05065461993217468,,,
8,2064,,,,0.982822835445404,0.6937269568443298,0.049122154712677,,,
8,2065,,,,0.981167197227478,0.6690909266471863,0.047346677631139755,,,
8,2066,,,,0.981167197227478,0.6566037535667419,0.04904983192682266,,,
8,2067,,,,0.9826158881187439,0.7021276354789734,0.043129220604896545,,,
8,2068,,,,0.9817880988121033,0.6788321137428284,0.04970872774720192,,,
8,2069,,,,0.9838576316833496,0.7253521084785461,0.04643772915005684,,,
8,2070,,,,0.9797185659408569,0.6549295783042908,0.053780246526002884,,,
8,2071,,,,0.9813741445541382,0.6739130616188049,0.05038612708449364,,,
8,2072,,,,0.9801324605941772,0.6643356680870056,0.051857709884643555,,,
8,2073,,,,0.9840645790100098,0.725978672504425,0.04492681473493576,,,
8,2074,,,,0.9832367300987244,0.7117437720298767,0.049185335636138916,,,
8,2075,,,,0.9826158881187439,0.695652186870575,0.047349754720926285,,,
8,2076,,,,0.981167197227478,0.6784452199935913,0.051323823630809784,,,
8,2077,,,,0.9815811514854431,0.6810035705566406,0.04902374744415283,,,
8,2078,,,,0.9826158881187439,0.6978417038917542,0.04926030710339546,,,
8,2079,,,,0.9813741445541382,0.6715328693389893,0.048161186277866364,,,
8,2080,,,,0.9799255132675171,0.6498194932937622,0.04948000982403755,,,
8,2081,,,,0.9830297827720642,0.7152777910232544,0.044847823679447174,,,
8,2082,,,,0.9801324605941772,0.6521739363670349,0.05433079972863197,,,
8,2083,,,,0.9813741445541382,0.6715328693389893,0.05218549817800522,,,
8,2084,,,,0.9822019934654236,0.695035457611084,0.045831192284822464,,,
8,2085,,,,0.9805463552474976,0.6713286638259888,0.04715799540281296,,,
8,2086,,,,0.9803394079208374,0.6494464874267578,0.04608839005231857,,,
8,2087,,,,0.982822835445404,0.7046263217926025,0.049383971840143204,,,
8,2088,,,,0.9842715263366699,0.7226277589797974,0.04336245730519295,,,
8,2089,,,,0.9842715263366699,0.7226277589797974,0.04456483945250511,,,
8,2090,,,,0.9807533025741577,0.6593406796455383,0.05514336749911308,,,
8,2091,,,,0.9834437370300293,0.7142857313156128,0.04524778574705124,,,
8,2092,,,,0.9840645790100098,0.7220216393470764,0.04371354356408119,,,
8,2093,,,,0.9824089407920837,0.6953405141830444,0.045259468257427216,,,
8,2094,,,,0.9805463552474976,0.6518518328666687,0.050578728318214417,,,
8,2095,,,,0.9817880988121033,0.6879432797431946,0.0498923733830452,,,
8,2096,,,,0.9834437370300293,0.7222222089767456,0.043293628841638565,,,
8,2097,,,,0.982822835445404,0.7025089859962463,0.04474649950861931,,,
8,2098,,,,0.9842715263366699,0.7266187071800232,0.04424941539764404,,,
8,2099,,,,0.9795116186141968,0.6476868391036987,0.057769522070884705,,,
8,2100,,,,0.981167197227478,0.6690909266471863,0.04956529662013054,,,
8,2101,,,,0.9844784736633301,0.7330960631370544,0.04494991898536682,,,
8,2102,,,,0.981167197227478,0.671480119228363,0.052693627774715424,,,
8,2103,,,,0.9824089407920837,0.6996466517448425,0.047156669199466705,,,
8,2104,,,,0.9790976643562317,0.6405693888664246,0.05486989766359329,,,
8,2105,,,,0.982822835445404,0.7046263217926025,0.04931249842047691,,,
8,2106,,,,0.9861341118812561,0.7632508873939514,0.03927653282880783,,,
8,2107,,,,0.982822835445404,0.7025089859962463,0.048159580677747726,,,
8,2108,,,,0.9834437370300293,0.7080292105674744,0.04886653274297714,,,
8,2109,,,,0.9815811514854431,0.6763636469841003,0.047450438141822815,,,
8,2110,,,,0.9840645790100098,0.7200000286102295,0.04407254233956337,,,
8,2111,,,,0.9844784736633301,0.7311828136444092,0.046614985913038254,,,
8,2112,,,,0.9815811514854431,0.6715866923332214,0.04967545345425606,,,
8,2113,,,,0.9834437370300293,0.7101449370384216,0.04572230204939842,,,
8,2114,,,,0.9836506843566895,0.7063196897506714,0.044322192668914795,,,
8,2115,,,,0.9822019934654236,0.6971830725669861,0.04415177181363106,,,
8,2116,,,,0.9834437370300293,0.7278911471366882,0.044423382729291916,,,
8,2117,,,,0.9826158881187439,0.6978417038917542,0.049328602850437164,,,
8,2118,,,,0.9824089407920837,0.7058823704719543,0.04581443965435028,,,
8,2119,,,,0.9778559803962708,0.610909104347229,0.057273562997579575,,,
8,2120,,,,0.9834437370300293,0.7142857313156128,0.04262848570942879,,,
8,2121,,,,0.9817880988121033,0.6764705777168274,0.0507635772228241,,,
8,2122,,,,0.9836506843566895,0.7188612222671509,0.04806743562221527,,,
8,2123,,,,0.9869619011878967,0.774193525314331,0.036588914692401886,,,
8,2124,,,,0.9795116186141968,0.6319702863693237,0.052726536989212036,,,
8,2125,,,,0.9803394079208374,0.6520146727561951,0.05452530086040497,,,
8,2126,,,,0.9817880988121033,0.6615384817123413,0.05014321208000183,,,
8,2127,,,,0.9755794405937195,0.5755395889282227,0.052768148481845856,,,
8,2128,,,,0.9817880988121033,0.6764705777168274,0.051139529794454575,,,
8,2129,,,,0.9809602499008179,0.6642335653305054,0.052099164575338364,,,
8,2130,,,,0.9822019934654236,0.6766917109489441,0.05044493079185486,,,
8,2131,,,,0.9819950461387634,0.6947368383407593,0.04720861464738846,,,
8,2132,,,,0.9807533025741577,0.6463878154754639,0.0520305372774601,,,
8,2133,,,,0.9834437370300293,0.7183098793029785,0.046720974147319794,,,
8,2134,,,,0.982822835445404,0.7067137956619263,0.042842257767915726,,,
8,2135,,,,0.9824089407920837,0.6931408047676086,0.049460530281066895,,,
8,2136,,,,0.9803394079208374,0.6619216799736023,0.04870476573705673,,,
8,2137,,,,0.9822019934654236,0.6861313581466675,0.04795307666063309,,,
8,2138,,,,0.9824089407920837,0.7017543911933899,0.0458638034760952,,,
8,2139,,,,0.982822835445404,0.7067137956619263,0.04626145213842392,,,
8,2140,,,,0.9803394079208374,0.6594982147216797,0.04966435581445694,,,
8,2141,,,,0.9805463552474976,0.6569343209266663,0.05366457998752594,,,
8,2142,,,,0.9836506843566895,0.7208480834960938,0.04373251646757126,,,
8,2143,,,,0.9830297827720642,0.7112675905227661,0.04938482493162155,,,
8,2144,,,,0.9844784736633301,0.7386759519577026,0.04237540811300278,,,
8,2145,,,,0.9793046116828918,0.6350364685058594,0.052723586559295654,,,
8,2146,,,,0.9813741445541382,0.6853147149085999,0.04617088660597801,,,
8,2147,,,,0.9857202172279358,0.754448413848877,0.04184184968471527,,,
8,2148,,,,0.9801324605941772,0.641791045665741,0.056493956595659256,,,
8,2149,,,,0.9809602499008179,0.6666666865348816,0.051512710750103,,,
8,2150,,,,0.982822835445404,0.6981818079948425,0.04690006002783775,,,
8,2151,,,,0.9813741445541382,0.6715328693389893,0.04986293241381645,,,
8,2152,,,,0.9826158881187439,0.699999988079071,0.04716119542717934,,,
8,2153,,,,0.9803394079208374,0.6619216799736023,0.05382789671421051,,,
8,2154,,,,0.9836506843566895,0.7148014307022095,0.04387112334370613,,,
8,2155,,,,0.9855132699012756,0.75,0.042840804904699326,,,
8,2156,,,,0.9846854209899902,0.7412587404251099,0.041075725108385086,,,
8,2157,,,,0.9805463552474976,0.6690140962600708,0.05235177278518677,,,
8,2158,,,,0.9813741445541382,0.6785714030265808,0.046379752457141876,,,
8,2159,,,,0.9784768223762512,0.6285714507102966,0.05357736721634865,,,
8,2160,,,,0.982822835445404,0.7067137956619263,0.04616589471697807,,,
8,2161,,,,0.9790976643562317,0.6300366520881653,0.050454314798116684,,,
8,2162,,,,0.9834437370300293,0.7241379022598267,0.04555321857333183,,,
8,2163,,,,0.9805463552474976,0.6736111044883728,0.048913490027189255,,,
8,2164,,,,0.9817880988121033,0.6740740537643433,0.047577884048223495,,,
8,2165,,,,0.9799255132675171,0.6498194932937622,0.05225454270839691,,,
8,2166,,,,0.9824089407920837,0.6931408047676086,0.04887712374329567,,,
8,2167,,,,0.9819950461387634,0.6813187003135681,0.049575235694646835,,,
8,2168,,,,0.9815811514854431,0.685512363910675,0.05466059595346451,,,
8,2169,,,,0.9846854209899902,0.73758864402771,0.04688597097992897,,,
8,2170,,,,0.9793046116828918,0.6428571343421936,0.05343346297740936,,,
8,2171,,,,0.9848923683166504,0.7402135133743286,0.04231036826968193,,,
8,2172,,,,0.9803394079208374,0.6545454263687134,0.04636454954743385,,,
8,2173,,,,0.9836506843566895,0.7208480834960938,0.04235024005174637,,,
8,2174,,,,0.981167197227478,0.6666666865348816,0.048198044300079346,,,
8,2175,,,,0.9780629277229309,0.6187050342559814,0.05414852127432823,,,
8,2176,,,,0.9832367300987244,0.7054545283317566,0.04441777244210243,,,
8,2177,,,,0.9813741445541382,0.6785714030265808,0.048627570271492004,,,
8,2178,,,,0.9838576316833496,0.717391312122345,0.04758136346936226,,,
8,2179,,,,0.9824089407920837,0.6953405141830444,0.049428824335336685,,,
8,2180,,,,0.9819950461387634,0.690391480922699,0.05432058125734329,,,
8,2181,,,,0.9799255132675171,0.6394051909446716,0.05384877324104309,,,
8,2182,,,,0.9846854209899902,0.7394366264343262,0.044699497520923615,,,
8,2183,,,,0.9817880988121033,0.698630154132843,0.04913980886340141,,,
8,2184,,,,0.9826158881187439,0.7062937021255493,0.045780815184116364,,,
8,2185,,,,0.9805463552474976,0.6492537260055542,0.05250706523656845,,,
8,2186,,,,0.9813741445541382,0.6616541147232056,0.05305147543549538,,,
8,2187,,,,0.982822835445404,0.7087719440460205,0.044731397181749344,,,
8,2188,,,,0.9799255132675171,0.6548042893409729,0.04468988627195358,,,
8,2189,,,,0.9842715263366699,0.7304964661598206,0.04612567648291588,,,
8,2190,,,,0.982822835445404,0.7046263217926025,0.04960756003856659,,,
8,2191,,,,0.9817880988121033,0.6879432797431946,0.05036265030503273,,,
8,2192,,,,0.9797185659408569,0.6449275612831116,0.049606580287218094,,,
8,2193,,,,0.9836506843566895,0.7063196897506714,0.04510973021388054,,,
8,2194,,,,0.9797185659408569,0.6423357725143433,0.055049553513526917,,,
8,2195,,,,0.9834437370300293,0.7142857313156128,0.044887423515319824,,,
8,2196,,,,0.9826158881187439,0.699999988079071,0.048375651240348816,,,
8,2197,,,,0.9782698750495911,0.6366782188415527,0.04902687296271324,,,
8,2198,,,,0.9826158881187439,0.6911764740943909,0.04890768602490425,,,
8,2199,,,,0.982822835445404,0.7003610134124756,0.04565457999706268,,,
8,2200,,,,0.9799255132675171,0.6420664191246033,0.05174727737903595,,,
8,2201,,,,0.9813741445541382,0.6739130616188049,0.04753050580620766,,,
8,2202,,,,0.9809602499008179,0.6642335653305054,0.04903348162770271,,,
8,2203,,,,0.9786837697029114,0.6199262142181396,0.05500166863203049,,,
8,2204,,,,0.9840645790100098,0.725978672504425,0.04636281728744507,,,
8,2205,,,,0.9830297827720642,0.7050359845161438,0.046251967549324036,,,
8,2206,,,,0.9840645790100098,0.7179487347602844,0.04778200387954712,,,
8,2207,,,,0.9844784736633301,0.7211896181106567,0.04759850725531578,,,
8,2208,,,,0.9801324605941772,0.644444465637207,0.04805126041173935,,,
8,2209,,,,0.9844784736633301,0.7368420958518982,0.04316739737987518,,,
8,2210,,,,0.9838576316833496,0.7253521084785461,0.04666290432214737,,,
8,2211,,,,0.9797185659408569,0.6423357725143433,0.05032508075237274,,,
8,2212,,,,0.9832367300987244,0.7075812220573425,0.04788818210363388,,,
8,2213,,,,0.9834437370300293,0.7183098793029785,0.04389285668730736,,,
8,2214,,,,0.9817880988121033,0.6834532618522644,0.048341795802116394,,,
8,2215,,,,0.9799255132675171,0.6472727060317993,0.05110834538936615,,,
8,2216,,,,0.9824089407920837,0.703832745552063,0.04600907117128372,,,
8,2217,,,,0.9803394079208374,0.6689895391464233,0.04707232490181923,,,
8,2218,,,,0.9824089407920837,0.6975088715553284,0.04545671120285988,,,
8,2219,,,,0.9836506843566895,0.7127272486686707,0.04931093007326126,,,
8,2220,,,,0.9815811514854431,0.6810035705566406,0.05075665935873985,,,
8,2221,,,,0.9850993156433105,0.7352941036224365,0.04057614505290985,,,
8,2222,,,,0.9834437370300293,0.7142857313156128,0.04680361971259117,,,
8,2223,,,,0.9815811514854431,0.6810035705566406,0.047114353626966476,,,
8,2224,,,,0.982822835445404,0.6914498209953308,0.04681572690606117,,,
8,2225,,,,0.9819950461387634,0.6859205961227417,0.04581845551729202,,,
8,2226,,,,0.9848923683166504,0.732600748538971,0.04378657788038254,,,
8,2227,,,,0.985927164554596,0.7518247961997986,0.044925883412361145,,,
8,2228,,,,0.9793046116828918,0.6240601539611816,0.05426086112856865,,,
8,2229,,,,0.9836506843566895,0.7148014307022095,0.048426125198602676,,,
8,2230,,,,0.9805463552474976,0.6594203114509583,0.048165418207645416,,,
8,2231,,,,0.9846854209899902,0.7299270033836365,0.04707685858011246,,,
8,2232,,,,0.9805463552474976,0.6713286638259888,0.048790596425533295,,,
8,2233,,,,0.9836506843566895,0.7208480834960938,0.04857904836535454,,,
8,2234,,,,0.9826158881187439,0.7042253613471985,0.052103932946920395,,,
8,2235,,,,0.9832367300987244,0.7197231650352478,0.04127669334411621,,,
8,2236,,,,0.9795116186141968,0.6425992846488953,0.05278041586279869,,,
8,2237,,,,0.9805463552474976,0.6594203114509583,0.047155849635601044,,,
8,2238,,,,0.9840645790100098,0.7200000286102295,0.04722226411104202,,,
8,2239,,,,0.9838576316833496,0.7272727489471436,0.04535231739282608,,,
8,2240,,,,0.9840645790100098,0.7200000286102295,0.04782489687204361,,,
8,2241,,,,0.9803394079208374,0.6619216799736023,0.04851678013801575,,,
8,2242,,,,0.9826158881187439,0.6865671873092651,0.045776449143886566,,,
8,2243,,,,0.9815811514854431,0.6832740306854248,0.054037559777498245,,,
8,2244,,,,0.9830297827720642,0.7132866978645325,0.0450485423207283,,,
8,2245,,,,0.9832367300987244,0.7117437720298767,0.04434497654438019,,,
8,2246,,,,0.9846854209899902,0.7394366264343262,0.040366627275943756,,,
8,2247,,,,0.9850993156433105,0.7372262477874756,0.04464803636074066,,,
8,2248,,,,0.9848923683166504,0.7402135133743286,0.04841620847582817,,,
8,2249,,,,0.9835505485534668,0.7200000286102295,0.044552311301231384,,,
8,2249,,,,,,,0.9822934865951538,0.694787323474884,0.048925235867500305
9,2250,,,,0.9832367300987244,0.7054545283317566,0.05039642006158829,,,
9,2251,,,,0.9848923683166504,0.7420494556427002,0.04427330195903778,,,
9,2252,,,,0.9815811514854431,0.6691449880599976,0.04880715534090996,,,
9,2253,,,,0.9822019934654236,0.6928571462631226,0.045624732971191406,,,
9,2254,,,,0.9840645790100098,0.7240143418312073,0.042247507721185684,,,
9,2255,,,,0.9830297827720642,0.6985294222831726,0.04782313480973244,,,
9,2256,,,,0.9865480065345764,0.7601476311683655,0.03979603946208954,,,
9,2257,,,,0.9807533025741577,0.6666666865348816,0.048042621463537216,,,
9,2258,,,,0.981167197227478,0.6642066240310669,0.04562539979815483,,,
9,2259,,,,0.9830297827720642,0.7092198729515076,0.04492959752678871,,,
9,2260,,,,0.9830297827720642,0.7071428298950195,0.046966295689344406,,,
9,2261,,,,0.9838576316833496,0.717391312122345,0.04790131747722626,,,
9,2262,,,,0.9850993156433105,0.7464788556098938,0.047197021543979645,,,
9,2263,,,,0.9834437370300293,0.7202796936035156,0.04550480842590332,,,
9,2264,,,,0.9844784736633301,0.7368420958518982,0.04426760971546173,,,
9,2265,,,,0.9850993156433105,0.7372262477874756,0.04304357245564461,,,
9,2266,,,,0.9824089407920837,0.6975088715553284,0.045850660651922226,,,
9,2267,,,,0.9888244867324829,0.8085106611251831,0.03827952593564987,,,
9,2268,,,,0.9797185659408569,0.652482271194458,0.05048839747905731,,,
9,2269,,,,0.9809602499008179,0.6714285612106323,0.0540892630815506,,,
9,2270,,,,0.9815811514854431,0.685512363910675,0.047506652772426605,,,
9,2271,,,,0.9844784736633301,0.7311828136444092,0.03959619253873825,,,
9,2272,,,,0.9853062629699707,0.7455196976661682,0.04156029596924782,,,
9,2273,,,,0.9842715263366699,0.7304964661598206,0.04624313861131668,,,
9,2274,,,,0.9813741445541382,0.6808510422706604,0.04763150215148926,,,
9,2275,,,,0.9809602499008179,0.6642335653305054,0.049643442034721375,,,
9,2276,,,,0.981167197227478,0.6690909266471863,0.05328281968832016,,,
9,2277,,,,0.9848923683166504,0.7420494556427002,0.04326033219695091,,,
9,2278,,,,0.9807533025741577,0.6568265557289124,0.05568094924092293,,,
9,2279,,,,0.9846854209899902,0.7357142567634583,0.04781388118863106,,,
9,2280,,,,0.9830297827720642,0.7050359845161438,0.049965742975473404,,,
9,2281,,,,0.9836506843566895,0.7208480834960938,0.0482051819562912,,,
9,2282,,,,0.9836506843566895,0.7148014307022095,0.04557260870933533,,,
9,2283,,,,0.9813741445541382,0.6691176295280457,0.058130256831645966,,,
9,2284,,,,0.9807533025741577,0.6666666865348816,0.052669767290353775,,,
9,2285,,,,0.9790976643562317,0.6353790760040283,0.05448172613978386,,,
9,2286,,,,0.9790976643562317,0.6327272653579712,0.05603763088583946,,,
9,2287,,,,0.9819950461387634,0.6836363673210144,0.046230170875787735,,,
9,2288,,,,0.9801324605941772,0.6546762585639954,0.048751361668109894,,,
9,2289,,,,0.9807533025741577,0.6642599105834961,0.04741894081234932,,,
9,2290,,,,0.9797185659408569,0.652482271194458,0.049717772752046585,,,
9,2291,,,,0.9817880988121033,0.6834532618522644,0.04589420557022095,,,
9,2292,,,,0.9803394079208374,0.6415094137191772,0.05352902039885521,,,
9,2293,,,,0.9805463552474976,0.6642857193946838,0.04889741167426109,,,
9,2294,,,,0.9805463552474976,0.6439393758773804,0.05255372077226639,,,
9,2295,,,,0.9838576316833496,0.7253521084785461,0.040600601583719254,,,
9,2296,,,,0.9861341118812561,0.7581227421760559,0.0417657308280468,,,
9,2297,,,,0.9822019934654236,0.695035457611084,0.04257133603096008,,,
9,2298,,,,0.9850993156433105,0.7410072088241577,0.04680880531668663,,,
9,2299,,,,0.9826158881187439,0.695652186870575,0.051752109080553055,,,
9,2300,,,,0.9832367300987244,0.7096773982048035,0.04676717892289162,,,
9,2301,,,,0.9836506843566895,0.7208480834960938,0.04303300380706787,,,
9,2302,,,,0.9836506843566895,0.7208480834960938,0.04701940342783928,,,
9,2303,,,,0.9784768223762512,0.6204379796981812,0.05301397293806076,,,
9,2304,,,,0.9799255132675171,0.6446886658668518,0.05142959952354431,,,
9,2305,,,,0.9803394079208374,0.6779661178588867,0.0545646958053112,,,
9,2306,,,,0.9850993156433105,0.7428571581840515,0.04391969367861748,,,
9,2307,,,,0.9815811514854431,0.6763636469841003,0.04934321716427803,,,
9,2308,,,,0.9834437370300293,0.7202796936035156,0.04162925109267235,,,
9,2309,,,,0.9830297827720642,0.7112675905227661,0.04356783255934715,,,
9,2310,,,,0.9834437370300293,0.7101449370384216,0.04822000861167908,,,
9,2311,,,,0.985927164554596,0.7518247961997986,0.040522947907447815,,,
9,2312,,,,0.9822019934654236,0.6993007063865662,0.04300116375088692,,,
9,2313,,,,0.9788907170295715,0.6357142925262451,0.05445621907711029,,,
9,2314,,,,0.9813741445541382,0.6762589812278748,0.05241602286696434,,,
9,2315,,,,0.9826158881187439,0.7021276354789734,0.04684911668300629,,,
9,2316,,,,0.9819950461387634,0.6925795078277588,0.045341309159994125,,,
9,2317,,,,0.9797185659408569,0.6474820375442505,0.05677078664302826,,,
9,2318,,,,0.9803394079208374,0.6570397019386292,0.051169369369745255,,,
9,2319,,,,0.9844784736633301,0.7311828136444092,0.04284968227148056,,,
9,2320,,,,0.9803394079208374,0.6570397019386292,0.05158912390470505,,,
9,2321,,,,0.9848923683166504,0.7402135133743286,0.04252420738339424,,,
9,2322,,,,0.9830297827720642,0.7050359845161438,0.04907942935824394,,,
9,2323,,,,0.9836506843566895,0.7148014307022095,0.04181503877043724,,,
9,2324,,,,0.9855132699012756,0.75,0.044309090822935104,,,
9,2325,,,,0.982822835445404,0.7087719440460205,0.04502975568175316,,,
9,2326,,,,0.9807533025741577,0.6690391302108765,0.05252096429467201,,,
9,2327,,,,0.9857202172279358,0.7595818638801575,0.04213226959109306,,,
9,2328,,,,0.9824089407920837,0.6953405141830444,0.04779897630214691,,,
9,2329,,,,0.982822835445404,0.7087719440460205,0.04426100105047226,,,
9,2330,,,,0.9844784736633301,0.7272727489471436,0.050121769309043884,,,
9,2331,,,,0.981167197227478,0.6851211190223694,0.04619770124554634,,,
9,2332,,,,0.9840645790100098,0.725978672504425,0.04410750791430473,,,
9,2333,,,,0.9857202172279358,0.750902533531189,0.041487522423267365,,,
9,2334,,,,0.9834437370300293,0.7183098793029785,0.04516534134745598,,,
9,2335,,,,0.9826158881187439,0.6934306621551514,0.048866916447877884,,,
9,2336,,,,0.9850993156433105,0.7464788556098938,0.0435674823820591,,,
9,2337,,,,0.9799255132675171,0.6523297429084778,0.05312792584300041,,,
9,2338,,,,0.9819950461387634,0.678966760635376,0.04912259429693222,,,
9,2339,,,,0.981167197227478,0.671480119228363,0.05134042352437973,,,
9,2340,,,,0.9846854209899902,0.7357142567634583,0.0447811633348465,,,
9,2341,,,,0.9824089407920837,0.6953405141830444,0.04712367057800293,,,
9,2342,,,,0.9850993156433105,0.7428571581840515,0.04654279351234436,,,
9,2343,,,,0.9826158881187439,0.699999988079071,0.04560377821326256,,,
9,2344,,,,0.9807533025741577,0.6642599105834961,0.05100691691040993,,,
9,2345,,,,0.9817880988121033,0.6788321137428284,0.05217067897319794,,,
9,2346,,,,0.9842715263366699,0.7285714149475098,0.04448885843157768,,,
9,2347,,,,0.9834437370300293,0.716312050819397,0.04630449414253235,,,
9,2348,,,,0.9840645790100098,0.7158671617507935,0.04643672704696655,,,
9,2349,,,,0.9819950461387634,0.6881720423698425,0.05013945698738098,,,
9,2350,,,,0.9853062629699707,0.7473309636116028,0.04239320382475853,,,
9,2351,,,,0.9803394079208374,0.6570397019386292,0.05018346756696701,,,
9,2352,,,,0.982822835445404,0.6959707140922546,0.048622842878103256,,,
9,2353,,,,0.9795116186141968,0.6451612710952759,0.05228832736611366,,,
9,2354,,,,0.9807533025741577,0.6618182063102722,0.04854460060596466,,,
9,2355,,,,0.9809602499008179,0.6642335653305054,0.0472494401037693,,,
9,2356,,,,0.9832367300987244,0.6988847851753235,0.04528935253620148,,,
9,2357,,,,0.9824089407920837,0.6909090876579285,0.05068689212203026,,,
9,2358,,,,0.9853062629699707,0.7508772015571594,0.04241133853793144,,,
9,2359,,,,0.9801324605941772,0.6521739363670349,0.05063115805387497,,,
9,2360,,,,0.9844784736633301,0.7386759519577026,0.041439592838287354,,,
9,2361,,,,0.9824089407920837,0.6996466517448425,0.04947083815932274,,,
9,2362,,,,0.981167197227478,0.6761565804481506,0.0467899888753891,,,
9,2363,,,,0.9861341118812561,0.7681660652160645,0.04128561541438103,,,
9,2364,,,,0.9826158881187439,0.7021276354789734,0.047664523124694824,,,
9,2365,,,,0.9838576316833496,0.7291666865348816,0.04846932366490364,,,
9,2366,,,,0.981167197227478,0.6761565804481506,0.049287304282188416,,,
9,2367,,,,0.9799255132675171,0.6498194932937622,0.05348243936896324,,,
9,2368,,,,0.9850993156433105,0.751724123954773,0.04291972517967224,,,
9,2369,,,,0.9813741445541382,0.6666666865348816,0.052425265312194824,,,
9,2370,,,,0.9822019934654236,0.6906474828720093,0.042150985449552536,,,
9,2371,,,,0.9809602499008179,0.6714285612106323,0.05017097666859627,,,
9,2372,,,,0.9826158881187439,0.699999988079071,0.04475865140557289,,,
9,2373,,,,0.9807533025741577,0.6642599105834961,0.05022996664047241,,,
9,2374,,,,0.9822019934654236,0.6928571462631226,0.04485588148236275,,,
9,2375,,,,0.982822835445404,0.7003610134124756,0.04622480273246765,,,
9,2376,,,,0.9832367300987244,0.7032967209815979,0.04489906132221222,,,
9,2377,,,,0.9844784736633301,0.7422680258750916,0.04217414930462837,,,
9,2378,,,,0.9824089407920837,0.6996466517448425,0.04506520926952362,,,
9,2379,,,,0.9803394079208374,0.6494464874267578,0.05315372720360756,,,
9,2380,,,,0.9842715263366699,0.7323943376541138,0.04232261702418327,,,
9,2381,,,,0.9830297827720642,0.7092198729515076,0.046825479716062546,,,
9,2382,,,,0.9803394079208374,0.6545454263687134,0.048660460859537125,,,
9,2383,,,,0.9838576316833496,0.7153284549713135,0.04833222180604935,,,
9,2384,,,,0.9803394079208374,0.6619216799736023,0.05406077951192856,,,
9,2385,,,,0.9815811514854431,0.6832740306854248,0.05005467310547829,,,
9,2386,,,,0.9832367300987244,0.7075812220573425,0.04677322506904602,,,
9,2387,,,,0.9819950461387634,0.690391480922699,0.046689312905073166,,,
9,2388,,,,0.9838576316833496,0.7153284549713135,0.04676230996847153,,,
9,2389,,,,0.9793046116828918,0.6323529481887817,0.0535183884203434,,,
9,2390,,,,0.9809602499008179,0.6666666865348816,0.04888308420777321,,,
9,2391,,,,0.9830297827720642,0.7007299065589905,0.04654236510396004,,,
9,2392,,,,0.9822019934654236,0.6906474828720093,0.048734668642282486,,,
9,2393,,,,0.9836506843566895,0.704119861125946,0.043877098709344864,,,
9,2394,,,,0.9809602499008179,0.6592592597007751,0.04639475792646408,,,
9,2395,,,,0.9824089407920837,0.6931408047676086,0.04502906650304794,,,
9,2396,,,,0.9830297827720642,0.7092198729515076,0.04077637195587158,,,
9,2397,,,,0.987582802772522,0.7887324094772339,0.042191747575998306,,,
9,2398,,,,0.9834437370300293,0.716312050819397,0.043829746544361115,,,
9,2399,,,,0.9838576316833496,0.7194244861602783,0.04198858514428139,,,
9,2400,,,,0.9830297827720642,0.7132866978645325,0.04338586702942848,,,
9,2401,,,,0.9826158881187439,0.695652186870575,0.04942680522799492,,,
9,2402,,,,0.9834437370300293,0.7183098793029785,0.04486875981092453,,,
9,2403,,,,0.9813741445541382,0.6762589812278748,0.04926871880888939,,,
9,2404,,,,0.982822835445404,0.7067137956619263,0.04086354002356529,,,
9,2405,,,,0.9842715263366699,0.7414966225624084,0.042532455176115036,,,
9,2406,,,,0.982822835445404,0.7087719440460205,0.04569854959845543,,,
9,2407,,,,0.9813741445541382,0.6853147149085999,0.04824875667691231,,,
9,2408,,,,0.9824089407920837,0.6975088715553284,0.04843306541442871,,,
9,2409,,,,0.9842715263366699,0.7379310131072998,0.0374467633664608,,,
9,2410,,,,0.9850993156433105,0.7372262477874756,0.04472383111715317,,,
9,2411,,,,0.9830297827720642,0.7152777910232544,0.040618542581796646,,,
9,2412,,,,0.9861341118812561,0.7632508873939514,0.043058063834905624,,,
9,2413,,,,0.9817880988121033,0.6811594367027283,0.04561087116599083,,,
9,2414,,,,0.9819950461387634,0.690391480922699,0.04904264584183693,,,
9,2415,,,,0.9795116186141968,0.6501767039299011,0.0484478622674942,,,
9,2416,,,,0.9824089407920837,0.6931408047676086,0.04350845888257027,,,
9,2417,,,,0.9813741445541382,0.6917808055877686,0.04587569087743759,,,
9,2418,,,,0.9826158881187439,0.699999988079071,0.0472588874399662,,,
9,2419,,,,0.9824089407920837,0.6909090876579285,0.04624255374073982,,,
9,2420,,,,0.981167197227478,0.6666666865348816,0.05094742402434349,,,
9,2421,,,,0.9795116186141968,0.6526315808296204,0.048854514956474304,,,
9,2422,,,,0.9826158881187439,0.7021276354789734,0.04829482361674309,,,
9,2423,,,,0.9857202172279358,0.750902533531189,0.04314328357577324,,,
9,2424,,,,0.9850993156433105,0.7428571581840515,0.045365240424871445,,,
9,2425,,,,0.9815811514854431,0.6810035705566406,0.049889203161001205,,,
9,2426,,,,0.9807533025741577,0.6642599105834961,0.0458984375,,,
9,2427,,,,0.9853062629699707,0.7455196976661682,0.04503200575709343,,,
9,2428,,,,0.9813741445541382,0.6853147149085999,0.04669521749019623,,,
9,2429,,,,0.9830297827720642,0.6940298676490784,0.05264662951231003,,,
9,2430,,,,0.9815811514854431,0.6763636469841003,0.048015255481004715,,,
9,2431,,,,0.9803394079208374,0.6570397019386292,0.052708953619003296,,,
9,2432,,,,0.9809602499008179,0.6690647602081299,0.048189952969551086,,,
9,2433,,,,0.9824089407920837,0.6863468885421753,0.04643789306282997,,,
9,2434,,,,0.9832367300987244,0.71378093957901,0.04241655766963959,,,
9,2435,,,,0.9834437370300293,0.7122302055358887,0.047821879386901855,,,
9,2436,,,,0.9848923683166504,0.7383512258529663,0.04331614449620247,,,
9,2437,,,,0.981167197227478,0.6690909266471863,0.046186745166778564,,,
9,2438,,,,0.9799255132675171,0.6523297429084778,0.052026066929101944,,,
9,2439,,,,0.9822019934654236,0.6838235259056091,0.04742887243628502,,,
9,2440,,,,0.9815811514854431,0.6832740306854248,0.052431460469961166,,,
9,2441,,,,0.9786837697029114,0.6254545450210571,0.05090830847620964,,,
9,2442,,,,0.9809602499008179,0.6642335653305054,0.054250773042440414,,,
9,2443,,,,0.9855132699012756,0.7586206793785095,0.04160764813423157,,,
9,2444,,,,0.9846854209899902,0.7430555820465088,0.04270395636558533,,,
9,2445,,,,0.9807533025741577,0.6736842393875122,0.048707298934459686,,,
9,2446,,,,0.9817880988121033,0.6901408433914185,0.05310036987066269,,,
9,2447,,,,0.9819950461387634,0.690391480922699,0.05174487829208374,,,
9,2448,,,,0.9840645790100098,0.7298245429992676,0.04273092374205589,,,
9,2449,,,,0.9819950461387634,0.690391480922699,0.05141913518309593,,,
9,2450,,,,0.9815811514854431,0.6715866923332214,0.04960179328918457,,,
9,2451,,,,0.9846854209899902,0.7357142567634583,0.043844807893037796,,,
9,2452,,,,0.9832367300987244,0.7157894968986511,0.04813564196228981,,,
9,2453,,,,0.9790976643562317,0.6405693888664246,0.05034760385751724,,,
9,2454,,,,0.9826158881187439,0.6934306621551514,0.04808519408106804,,,
9,2455,,,,0.9826158881187439,0.699999988079071,0.04384938254952431,,,
9,2456,,,,0.9855132699012756,0.7482014298439026,0.044343482702970505,,,
9,2457,,,,0.9838576316833496,0.7194244861602783,0.04432206600904465,,,
9,2458,,,,0.9803394079208374,0.6545454263687134,0.05015803501009941,,,
9,2459,,,,0.9824089407920837,0.6931408047676086,0.0482611209154129,,,
9,2460,,,,0.9844784736633301,0.7349823117256165,0.04339524731040001,,,
9,2461,,,,0.9848923683166504,0.7364621162414551,0.0425984226167202,,,
9,2462,,,,0.9844784736633301,0.7349823117256165,0.04368213564157486,,,
9,2463,,,,0.9809602499008179,0.6714285612106323,0.04846379533410072,,,
9,2464,,,,0.9844784736633301,0.7330960631370544,0.04609672725200653,,,
9,2465,,,,0.9830297827720642,0.7092198729515076,0.04564280062913895,,,
9,2466,,,,0.9840645790100098,0.733564019203186,0.04052600637078285,,,
9,2467,,,,0.9840645790100098,0.7220216393470764,0.04552963748574257,,,
9,2468,,,,0.9830297827720642,0.7152777910232544,0.04804616421461105,,,
9,2469,,,,0.9834437370300293,0.7080292105674744,0.043001558631658554,,,
9,2470,,,,0.9853062629699707,0.7508772015571594,0.038870204240083694,,,
9,2471,,,,0.9834437370300293,0.7222222089767456,0.04585607722401619,,,
9,2472,,,,0.9815811514854431,0.6832740306854248,0.0449598953127861,,,
9,2473,,,,0.9815811514854431,0.6810035705566406,0.04875709116458893,,,
9,2474,,,,0.9803394079208374,0.6735395193099976,0.04953891038894653,,,
9,2475,,,,0.9822019934654236,0.7013888955116272,0.04514865204691887,,,
9,2476,,,,0.9817880988121033,0.6879432797431946,0.05283411964774132,,,
9,2477,,,,0.9826158881187439,0.7062937021255493,0.04973800107836723,,,
9,2478,,,,0.9844784736633301,0.7349823117256165,0.04268541559576988,,,
9,2479,,,,0.9824089407920837,0.6975088715553284,0.046602629125118256,,,
9,2480,,,,0.9855132699012756,0.75,0.0439407154917717,,,
9,2481,,,,0.982822835445404,0.6981818079948425,0.04929933324456215,,,
9,2482,,,,0.9836506843566895,0.7168458700180054,0.04676821455359459,,,
9,2483,,,,0.9838576316833496,0.7194244861602783,0.04554065689444542,,,
9,2484,,,,0.9834437370300293,0.7183098793029785,0.04469511657953262,,,
9,2485,,,,0.9838576316833496,0.7132353186607361,0.04433755576610565,,,
9,2486,,,,0.9801324605941772,0.6546762585639954,0.04984377697110176,,,
9,2487,,,,0.9815811514854431,0.6739926934242249,0.049427229911088943,,,
9,2488,,,,0.9807533025741577,0.6593406796455383,0.05143740400671959,,,
9,2489,,,,0.9844784736633301,0.7292418479919434,0.04098585993051529,,,
9,2490,,,,0.9832367300987244,0.7117437720298767,0.043950628489255905,,,
9,2491,,,,0.9830297827720642,0.7132866978645325,0.04331020265817642,,,
9,2492,,,,0.9803394079208374,0.6666666865348816,0.05171594396233559,,,
9,2493,,,,0.9836506843566895,0.7208480834960938,0.04729590564966202,,,
9,2494,,,,0.9850993156433105,0.748251736164093,0.04119277000427246,,,
9,2495,,,,0.9830297827720642,0.6962962746620178,0.04691804200410843,,,
9,2496,,,,0.9832367300987244,0.7157894968986511,0.04401921480894089,,,
9,2497,,,,0.9815811514854431,0.6832740306854248,0.049136605113744736,,,
9,2498,,,,0.9788907170295715,0.6382978558540344,0.05222753807902336,,,
9,2499,,,,0.982482373714447,0.7071428298950195,0.04943034052848816,,,
9,2499,,,,,,,0.9822205305099487,0.6942586898803711,0.04825418442487717
10,2500,0.9819055199623108,0.6878593564033508,0.048801105469465256,,,,,,
