epoch,step,test_acc,test_f1,test_loss,train_acc,train_f1,train_loss,val_acc,val_f1,val_loss
0,0,,,,0.5003765225410461,0.044636428356170654,0.7058627605438232,,,
0,1,,,,0.5491340160369873,0.05298537015914917,0.6925906538963318,,,
0,2,,,,0.5786897540092468,0.05169491469860077,0.6811403036117554,,,
0,3,,,,0.6114457845687866,0.06606335192918777,0.6699818968772888,,,
0,4,,,,0.6393072009086609,0.0626223087310791,0.658236026763916,,,
0,5,,,,0.6760165691375732,0.06922660768032074,0.6458479762077332,,,
0,6,,,,0.6993599534034729,0.07097149640321732,0.6361761093139648,,,
0,7,,,,0.7285391688346863,0.0919395461678505,0.6241133213043213,,,
0,8,,,,0.7548945546150208,0.08567415922880173,0.6126856803894043,,,
0,9,,,,0.7784262299537659,0.0911196917295456,0.602587878704071,,,
0,10,,,,0.805911123752594,0.10581092536449432,0.5899950265884399,,,
0,11,,,,0.8298192620277405,0.12233009934425354,0.5766116976737976,,,
0,12,,,,0.850338876247406,0.12541253864765167,0.5640487670898438,,,
0,13,,,,0.8640813231468201,0.12378640472888947,0.5461393594741821,,,
0,14,,,,0.8844126462936401,0.15890410542488098,0.5358275175094604,,,
0,15,,,,0.9015436768531799,0.18153364956378937,0.5196360945701599,,,
0,16,,,,0.9147213697433472,0.1982300877571106,0.49820712208747864,,,
0,17,,,,0.9205572009086609,0.20973782241344452,0.48548221588134766,,,
0,18,,,,0.9263930916786194,0.190476194024086,0.4753177762031555,,,
0,19,,,,0.9369352459907532,0.23690204322338104,0.4455268383026123,,,
0,20,,,,0.9427710771560669,0.26213592290878296,0.4427242875099182,,,
0,21,,,,0.946536123752594,0.22826087474822998,0.4181099236011505,,,
0,22,,,,0.9523720145225525,0.29131653904914856,0.4124857187271118,,,
0,23,,,,0.9580195546150208,0.33033034205436707,0.390246719121933,,,
0,24,,,,0.9559487700462341,0.2594936788082123,0.3788723945617676,,,
0,25,,,,0.9557605385780334,0.23948219418525696,0.36629074811935425,,,
0,26,,,,0.9614081382751465,0.27561837434768677,0.3487977385520935,,,
0,27,,,,0.9668674468994141,0.3333333432674408,0.33103910088539124,,,
0,28,,,,0.9676204919815063,0.328125,0.3187367916107178,,,
0,29,,,,0.9715737700462341,0.3628692030906677,0.29334449768066406,,,
0,30,,,,0.9721385836601257,0.36206895112991333,0.2731304168701172,,,
0,31,,,,0.9683734774589539,0.269565224647522,0.27183017134666443,,,
0,32,,,,0.9732680916786194,0.3660714328289032,0.24965529143810272,,,
0,33,,,,0.9745858311653137,0.39461883902549744,0.2373865842819214,,,
0,34,,,,0.9727033376693726,0.3497757911682129,0.22806532680988312,,,
0,35,,,,0.9723268151283264,0.32258063554763794,0.22397276759147644,,,
0,36,,,,0.9732680916786194,0.34259259700775146,0.20811492204666138,,,
0,37,,,,0.9732680916786194,0.33018869161605835,0.19781647622585297,,,
0,38,,,,0.9749623537063599,0.3636363744735718,0.1840895563364029,,,
0,39,,,,0.9728915691375732,0.32710281014442444,0.17729951441287994,,,
0,40,,,,0.9747741222381592,0.3679245412349701,0.17419414222240448,,,
0,41,,,,0.974397599697113,0.33980581164360046,0.16621850430965424,,,
0,42,,,,0.9723268151283264,0.28985506296157837,0.15701352059841156,,,
0,43,,,,0.9723268151283264,0.28985506296157837,0.1489388793706894,,,
0,44,,,,0.974397599697113,0.35849055647850037,0.1359451413154602,,,
0,45,,,,0.9728915691375732,0.3333333432674408,0.14141222834587097,,,
0,46,,,,0.9747741222381592,0.3679245412349701,0.13105018436908722,,,
0,47,,,,0.9738328456878662,0.34741783142089844,0.12811245024204254,,,
0,48,,,,0.9732680916786194,0.36036035418510437,0.12721644341945648,,,
0,49,,,,0.9721385836601257,0.3272727131843567,0.12286825478076935,,,
0,50,,,,0.9759036302566528,0.41818180680274963,0.11735047399997711,,,
0,51,,,,0.9759036302566528,0.4285714328289032,0.11458959430456161,,,
0,52,,,,0.9734563231468201,0.36771300435066223,0.11648789793252945,,,
0,53,,,,0.9738328456878662,0.3766816258430481,0.11234104633331299,,,
0,54,,,,0.9736445546150208,0.35779815912246704,0.10761982202529907,,,
0,55,,,,0.9732680916786194,0.3660714328289032,0.10510729253292084,,,
0,56,,,,0.9766566157341003,0.45132744312286377,0.10054482519626617,,,
0,57,,,,0.9728915691375732,0.3571428656578064,0.10789719969034195,,,
0,58,,,,0.9740210771560669,0.37272727489471436,0.1025102511048317,,,
0,59,,,,0.9738328456878662,0.3766816258430481,0.0978904739022255,,,
0,60,,,,0.9747741222381592,0.41228070855140686,0.0977642759680748,,,
0,61,,,,0.9749623537063599,0.40888887643814087,0.09622573852539062,,,
0,62,,,,0.9738328456878662,0.3876652121543884,0.0969061553478241,,,
0,63,,,,0.9706325531005859,0.29729729890823364,0.09408207982778549,,,
0,64,,,,0.9740210771560669,0.3839285671710968,0.09733916819095612,,,
0,65,,,,0.9727033376693726,0.3497757911682129,0.095698282122612,,,
0,66,,,,0.9749623537063599,0.4140969216823578,0.09371719509363174,,,
0,67,,,,0.975338876247406,0.43290042877197266,0.09115277975797653,,,
0,68,,,,0.9760918617248535,0.4304932653903961,0.09290127456188202,,,
0,69,,,,0.9747741222381592,0.4017857015132904,0.08606705069541931,,,
0,70,,,,0.9768449068069458,0.458149790763855,0.08532961457967758,,,
0,71,,,,0.9770331382751465,0.469565212726593,0.0890929326415062,,,
0,72,,,,0.9740210771560669,0.3947368562221527,0.08659274131059647,,,
0,73,,,,0.9764683842658997,0.4588744640350342,0.09153181314468384,,,
0,74,,,,0.9751505851745605,0.43103447556495667,0.08807693421840668,,,
0,75,,,,0.9781626462936401,0.504273533821106,0.08843740820884705,,,
0,76,,,,0.9755271077156067,0.43478259444236755,0.08780622482299805,,,
0,77,,,,0.9755271077156067,0.43478259444236755,0.09042612463235855,,,
0,78,,,,0.9749623537063599,0.42918455600738525,0.08779225498437881,,,
0,79,,,,0.9755271077156067,0.429824560880661,0.08153175562620163,,,
0,80,,,,0.974397599697113,0.4137931168079376,0.08639100193977356,,,
0,81,,,,0.9745858311653137,0.40528634190559387,0.08945722132921219,,,
0,82,,,,0.9762800931930542,0.4521739184856415,0.08343478292226791,,,
0,83,,,,0.9742093086242676,0.3911111056804657,0.08552257716655731,,,
0,84,,,,0.9760918617248535,0.41474655270576477,0.08060015738010406,,,
0,85,,,,0.9736445546150208,0.35779815912246704,0.08386401832103729,,,
0,86,,,,0.9770331382751465,0.4245283007621765,0.08764073252677917,,,
0,87,,,,0.9768449068069458,0.43317973613739014,0.08467762172222137,,,
0,88,,,,0.9736445546150208,0.36936935782432556,0.09296795725822449,,,
0,89,,,,0.9734563231468201,0.3788546323776245,0.08833425492048264,,,
0,90,,,,0.9745858311653137,0.3601895868778229,0.08246318250894547,,,
0,91,,,,0.9745858311653137,0.3835616409778595,0.08487633615732193,,,
0,92,,,,0.9760918617248535,0.40930232405662537,0.08525516837835312,,,
0,93,,,,0.9749623537063599,0.35748791694641113,0.08163327723741531,,,
0,94,,,,0.9728915691375732,0.3076923191547394,0.08615028858184814,,,
0,95,,,,0.9757153391838074,0.39436620473861694,0.08164147287607193,,,
0,96,,,,0.9766566157341003,0.4095238149166107,0.07971901446580887,,,
0,97,,,,0.9751505851745605,0.38317757844924927,0.08291502296924591,,,
0,98,,,,0.9770331382751465,0.4134615361690521,0.07979025691747665,,,
0,99,,,,0.9738328456878662,0.3219512104988098,0.08070968091487885,,,
0,100,,,,0.9770331382751465,0.4245283007621765,0.0747370719909668,,,
0,101,,,,0.9768449068069458,0.3819095492362976,0.08192236721515656,,,
0,102,,,,0.9717620611190796,0.31192660331726074,0.09237885475158691,,,
0,103,,,,0.9760918617248535,0.3981042802333832,0.0771476998925209,,,
0,104,,,,0.9751505851745605,0.37735849618911743,0.0808708444237709,,,
0,105,,,,0.977786123752594,0.4326923191547394,0.07594560086727142,,,
0,106,,,,0.9757153391838074,0.4162895977497101,0.08617759495973587,,,
0,107,,,,0.9747741222381592,0.3679245412349701,0.08310537040233612,,,
0,108,,,,0.9745858311653137,0.3661971688270569,0.08784323930740356,,,
0,109,,,,0.975338876247406,0.41777777671813965,0.07936305552721024,,,
0,110,,,,0.9757153391838074,0.42152467370033264,0.0801655501127243,,,
0,111,,,,0.974397599697113,0.4137931168079376,0.08134789764881134,,,
0,112,,,,0.9783508777618408,0.4888888895511627,0.07684355229139328,,,
0,113,,,,0.975338876247406,0.42794761061668396,0.07787837088108063,,,
0,114,,,,0.9781626462936401,0.504273533821106,0.08155833184719086,,,
0,115,,,,0.977786123752594,0.4913793206214905,0.07956778258085251,,,
0,116,,,,0.9772213697433472,0.48945146799087524,0.07730589061975479,,,
0,117,,,,0.9745858311653137,0.4351464509963989,0.08548036217689514,,,
0,118,,,,0.9760918617248535,0.45957446098327637,0.08647162467241287,,,
0,119,,,,0.9755271077156067,0.45378151535987854,0.0803486704826355,,,
0,120,,,,0.975338876247406,0.4472573697566986,0.08009052276611328,,,
0,121,,,,0.9742093086242676,0.4170212745666504,0.07899545133113861,,,
0,122,,,,0.9751505851745605,0.4453781545162201,0.08369173854589462,,,
0,123,,,,0.9794804453849792,0.5439330339431763,0.0717802569270134,,,
0,124,,,,0.9759036302566528,0.462184876203537,0.07994268089532852,,,
0,125,,,,0.9759036302566528,0.46666666865348816,0.07984349876642227,,,
0,126,,,,0.9730798006057739,0.3914893567562103,0.08159463107585907,,,
0,127,,,,0.9772213697433472,0.4979253113269806,0.07466007769107819,,,
0,128,,,,0.9785391688346863,0.5289255976676941,0.07689130306243896,,,
0,129,,,,0.9760918617248535,0.4641350209712982,0.08019795268774033,,,
0,130,,,,0.9760918617248535,0.4730290472507477,0.07863616943359375,,,
0,131,,,,0.9757153391838074,0.4556961953639984,0.08166255056858063,,,
0,132,,,,0.9755271077156067,0.4583333432674408,0.08332497626543045,,,
0,133,,,,0.9751505851745605,0.43589743971824646,0.08528438210487366,,,
0,134,,,,0.9755271077156067,0.4396551847457886,0.08247192203998566,,,
0,135,,,,0.9762800931930542,0.4568965435028076,0.07831744104623795,,,
0,136,,,,0.9770331382751465,0.47863247990608215,0.08083383738994598,,,
0,137,,,,0.9768449068069458,0.4721029996871948,0.07297168672084808,,,
0,138,,,,0.9749623537063599,0.4435146450996399,0.07661917805671692,,,
0,139,,,,0.9755271077156067,0.4444444477558136,0.0778813362121582,,,
0,140,,,,0.9745858311653137,0.3835616409778595,0.07574096322059631,,,
0,141,,,,0.9774096608161926,0.4871794879436493,0.07676654309034348,,,
0,142,,,,0.9764683842658997,0.4444444477558136,0.07946691662073135,,,
0,143,,,,0.9762800931930542,0.4615384638309479,0.07213404774665833,,,
0,144,,,,0.9762800931930542,0.4615384638309479,0.07811824977397919,,,
0,145,,,,0.9760918617248535,0.48163264989852905,0.07659725099802017,,,
0,146,,,,0.9762800931930542,0.47058823704719543,0.07469192147254944,,,
0,147,,,,0.9751505851745605,0.43589743971824646,0.07928542792797089,,,
0,148,,,,0.9751505851745605,0.44999998807907104,0.08116520941257477,,,
0,149,,,,0.975338876247406,0.44255319237709045,0.08179990947246552,,,
0,150,,,,0.9757153391838074,0.4556961953639984,0.07951704412698746,,,
0,151,,,,0.9762800931930542,0.4615384638309479,0.08268529176712036,,,
0,152,,,,0.9768449068069458,0.4853556454181671,0.08213866502046585,,,
0,153,,,,0.9751505851745605,0.4406779706478119,0.07754573225975037,,,
0,154,,,,0.9766566157341003,0.4876033067703247,0.07535900175571442,,,
0,155,,,,0.9770331382751465,0.47863247990608215,0.07752059400081635,,,
0,156,,,,0.978727400302887,0.5232067704200745,0.07544060796499252,,,
0,157,,,,0.9747741222381592,0.417391300201416,0.07784067839384079,,,
0,158,,,,0.9736445546150208,0.4166666567325592,0.07889673113822937,,,
0,159,,,,0.975338876247406,0.44255319237709045,0.0778517872095108,,,
0,160,,,,0.9740210771560669,0.4000000059604645,0.07906334102153778,,,
0,161,,,,0.9781626462936401,0.504273533821106,0.07377815246582031,,,
0,162,,,,0.9759036302566528,0.4576271176338196,0.07717811316251755,,,
0,163,,,,0.9766566157341003,0.470085471868515,0.07869034260511398,,,
0,164,,,,0.9747741222381592,0.41228070855140686,0.08217708766460419,,,
0,165,,,,0.9766566157341003,0.46086955070495605,0.07040558755397797,,,
0,166,,,,0.9775978922843933,0.4757709205150604,0.0722132995724678,,,
0,167,,,,0.9762800931930542,0.4375,0.07385316491127014,,,
0,168,,,,0.9766566157341003,0.45614033937454224,0.07210320234298706,,,
0,169,,,,0.9764683842658997,0.44933921098709106,0.07628415524959564,,,
0,170,,,,0.9764683842658997,0.44933921098709106,0.07646746188402176,,,
0,171,,,,0.9760918617248535,0.44541484117507935,0.07437199354171753,,,
0,172,,,,0.9757153391838074,0.4266666769981384,0.07395529001951218,,,
0,173,,,,0.9792921543121338,0.5089285969734192,0.06746889650821686,,,
0,174,,,,0.9757153391838074,0.4109589159488678,0.08185135573148727,,,
0,175,,,,0.9768449068069458,0.4533333480358124,0.07441665977239609,,,
0,176,,,,0.9766566157341003,0.4655172526836395,0.07591131329536438,,,
0,177,,,,0.9757153391838074,0.4266666769981384,0.07103254646062851,,,
0,178,,,,0.9738328456878662,0.35944700241088867,0.08756459504365921,,,
0,179,,,,0.9757153391838074,0.4266666769981384,0.07835664600133896,,,
0,180,,,,0.9762800931930542,0.4749999940395355,0.07345219701528549,,,
0,181,,,,0.9785391688346863,0.4864864945411682,0.06898213177919388,,,
0,182,,,,0.9762800931930542,0.4568965435028076,0.07877558469772339,,,
0,183,,,,0.9774096608161926,0.49152541160583496,0.07741108536720276,,,
0,184,,,,0.9781626462936401,0.5126050710678101,0.07135002315044403,,,
0,185,,,,0.9759036302566528,0.4796747863292694,0.0737779289484024,,,
0,186,,,,0.9766566157341003,0.4789915978908539,0.07305825501680374,,,
0,187,,,,0.9740210771560669,0.42975205183029175,0.07359456270933151,,,
0,188,,,,0.9734563231468201,0.4244897961616516,0.07437299191951752,,,
0,189,,,,0.9766566157341003,0.4833333194255829,0.07641740143299103,,,
0,190,,,,0.9766566157341003,0.4789915978908539,0.07469594478607178,,,
0,191,,,,0.9759036302566528,0.4710743725299835,0.07071875035762787,,,
0,192,,,,0.9785391688346863,0.5327869057655334,0.06940799206495285,,,
0,193,,,,0.9772213697433472,0.48945146799087524,0.07018633186817169,,,
0,194,,,,0.9757153391838074,0.4602510333061218,0.07564808428287506,,,
0,195,,,,0.9757153391838074,0.4777328073978424,0.06785658001899719,,,
0,196,,,,0.9764683842658997,0.4897959232330322,0.07391143590211868,,,
0,197,,,,0.9751505851745605,0.4590163826942444,0.07817421108484268,,,
0,198,,,,0.9736445546150208,0.4166666567325592,0.07464869320392609,,,
0,199,,,,0.9785391688346863,0.5043478012084961,0.07428504526615143,,,
0,200,,,,0.9742093086242676,0.4017467200756073,0.0826314315199852,,,
0,201,,,,0.9775978922843933,0.4892703890800476,0.07513263821601868,,,
0,202,,,,0.977786123752594,0.4913793206214905,0.07617496699094772,,,
0,203,,,,0.9772213697433472,0.4806866943836212,0.06994093209505081,,,
0,204,,,,0.9783508777618408,0.5064377784729004,0.07100202143192291,,,
0,205,,,,0.9751505851745605,0.426086962223053,0.07003085315227509,,,
0,206,,,,0.9770331382751465,0.49166667461395264,0.071654312312603,,,
0,207,,,,0.9760918617248535,0.4730290472507477,0.06918419897556305,,,
0,208,,,,0.9751505851745605,0.4406779706478119,0.07655026018619537,,,
0,209,,,,0.9768449068069458,0.4938271641731262,0.07148530334234238,,,
0,210,,,,0.9766566157341003,0.4833333194255829,0.07783548533916473,,,
0,211,,,,0.9764683842658997,0.46351930499076843,0.07362452894449234,,,
0,212,,,,0.9762800931930542,0.4521739184856415,0.07412154227495193,,,
0,213,,,,0.9785391688346863,0.5043478012084961,0.06901256740093231,,,
0,214,,,,0.9762800931930542,0.4661017060279846,0.07148116081953049,,,
0,215,,,,0.977786123752594,0.49572649598121643,0.07358837872743607,,,
0,216,,,,0.9770331382751465,0.47863247990608215,0.07560296356678009,,,
0,217,,,,0.9764683842658997,0.4588744640350342,0.07597137987613678,,,
0,218,,,,0.9760918617248535,0.45493561029434204,0.07139319181442261,,,
0,219,,,,0.9747741222381592,0.4273504316806793,0.07438260316848755,,,
0,220,,,,0.9762800931930542,0.4793388545513153,0.07315980643033981,,,
0,221,,,,0.9779744148254395,0.5063291192054749,0.07306373864412308,,,
0,222,,,,0.9770331382751465,0.469565212726593,0.06754989176988602,,,
0,223,,,,0.9792921543121338,0.5416666865348816,0.06871289014816284,,,
0,224,,,,0.9772213697433472,0.4806866943836212,0.06954353302717209,,,
0,225,,,,0.9789156913757324,0.5409836173057556,0.06787998229265213,,,
0,226,,,,0.9770331382751465,0.49166667461395264,0.07436420023441315,,,
0,227,,,,0.9747741222381592,0.4508196711540222,0.07809221744537354,,,
0,228,,,,0.9732680916786194,0.40336135029792786,0.07116711884737015,,,
0,229,,,,0.9779744148254395,0.5185185074806213,0.06708817183971405,,,
0,230,,,,0.977786123752594,0.48245614767074585,0.07432601600885391,,,
0,231,,,,0.9766566157341003,0.4833333194255829,0.07484669983386993,,,
0,232,,,,0.975338876247406,0.45188283920288086,0.07622034847736359,,,
0,233,,,,0.9760918617248535,0.44541484117507935,0.06916961818933487,,,
0,234,,,,0.9768449068069458,0.47659575939178467,0.07101686298847198,,,
0,235,,,,0.9775978922843933,0.4936170279979706,0.06495591253042221,,,
0,236,,,,0.9789156913757324,0.5254237055778503,0.06205572187900543,,,
0,237,,,,0.9772213697433472,0.4669603407382965,0.07153428345918655,,,
0,238,,,,0.9775978922843933,0.4892703890800476,0.06573064625263214,,,
0,239,,,,0.9732680916786194,0.39316239953041077,0.08261097967624664,,,
0,240,,,,0.9774096608161926,0.47826087474823,0.07052654772996902,,,
0,241,,,,0.9798569083213806,0.5560166239738464,0.06423678994178772,,,
0,242,,,,0.9789156913757324,0.5333333611488342,0.062356866896152496,,,
0,243,,,,0.9759036302566528,0.4576271176338196,0.06873631477355957,,,
0,244,,,,0.9742093086242676,0.40692639350891113,0.07480469346046448,,,
0,245,,,,0.9747741222381592,0.41228070855140686,0.06696026772260666,,,
0,246,,,,0.9792921543121338,0.5258620977401733,0.06531107425689697,,,
0,247,,,,0.9760918617248535,0.45493561029434204,0.07021794468164444,,,
0,248,,,,0.9775978922843933,0.5062240958213806,0.06869028508663177,,,
0,249,,,,0.9764865636825562,0.48510637879371643,0.06808021664619446,,,
0,249,,,,,,,0.9770734906196594,0.488508939743042,0.07052726298570633
1,250,,,,0.9759036302566528,0.4710743725299835,0.07136855274438858,,,
1,251,,,,0.9783508777618408,0.5188284516334534,0.0682825967669487,,,
1,252,,,,0.9760918617248535,0.4355555474758148,0.07283434271812439,,,
1,253,,,,0.9781626462936401,0.5166666507720947,0.0681925117969513,,,
1,254,,,,0.9785391688346863,0.5289255976676941,0.06086024269461632,,,
1,255,,,,0.975338876247406,0.4125560522079468,0.07234225422143936,,,
1,256,,,,0.9772213697433472,0.48945146799087524,0.07192418724298477,,,
1,257,,,,0.9775978922843933,0.4803493320941925,0.06490090489387512,,,
1,258,,,,0.9762800931930542,0.4661017060279846,0.07196701318025589,,,
1,259,,,,0.9755271077156067,0.43478259444236755,0.0739220380783081,,,
1,260,,,,0.9781626462936401,0.5166666507720947,0.06794549524784088,,,
1,261,,,,0.9770331382751465,0.47413793206214905,0.07254397869110107,,,
1,262,,,,0.9789156913757324,0.5333333611488342,0.0681699737906456,,,
1,263,,,,0.9762800931930542,0.4878048896789551,0.06772854924201965,,,
1,264,,,,0.9764683842658997,0.4897959232330322,0.06621640175580978,,,
1,265,,,,0.9774096608161926,0.5041322112083435,0.06912647932767868,,,
1,266,,,,0.977786123752594,0.5042017102241516,0.0729963406920433,,,
1,267,,,,0.9774096608161926,0.5041322112083435,0.07320666313171387,,,
1,268,,,,0.9796686768531799,0.5537189841270447,0.06723607331514359,,,
1,269,,,,0.9760918617248535,0.4940239191055298,0.06871813535690308,,,
1,270,,,,0.9768449068069458,0.4938271641731262,0.06860088557004929,,,
1,271,,,,0.9775978922843933,0.5062240958213806,0.06674633175134659,,,
1,272,,,,0.9783508777618408,0.5344129800796509,0.06697489321231842,,,
1,273,,,,0.9766566157341003,0.4876033067703247,0.07364021986722946,,,
1,274,,,,0.9789156913757324,0.5371900796890259,0.0671599730849266,,,
1,275,,,,0.9785391688346863,0.5365853905677795,0.06523245573043823,,,
1,276,,,,0.9760918617248535,0.4686192572116852,0.0673794150352478,,,
1,277,,,,0.9768449068069458,0.48962655663490295,0.0704130008816719,,,
1,278,,,,0.9760918617248535,0.45957446098327637,0.06664766371250153,,,
1,279,,,,0.9764683842658997,0.4813278019428253,0.06798090040683746,,,
1,280,,,,0.9772213697433472,0.5179283022880554,0.06756805628538132,,,
1,281,,,,0.9785391688346863,0.5249999761581421,0.06768464297056198,,,
1,282,,,,0.9768449068069458,0.4938271641731262,0.06762233376502991,,,
1,283,,,,0.9751505851745605,0.4590163826942444,0.07123658806085587,,,
1,284,,,,0.977786123752594,0.49572649598121643,0.061774175614118576,,,
1,285,,,,0.9779744148254395,0.5185185074806213,0.06532596796751022,,,
1,286,,,,0.9747741222381592,0.43697479367256165,0.06496353447437286,,,
1,287,,,,0.9781626462936401,0.5322580933570862,0.06827639788389206,,,
1,288,,,,0.9779744148254395,0.5145228505134583,0.07118973881006241,,,
1,289,,,,0.9757153391838074,0.43668121099472046,0.07037927955389023,,,
1,290,,,,0.9747741222381592,0.4508196711540222,0.071650929749012,,,
1,291,,,,0.9789156913757324,0.5333333611488342,0.06924845278263092,,,
1,292,,,,0.9770331382751465,0.4830508530139923,0.07018754631280899,,,
1,293,,,,0.9789156913757324,0.5213675498962402,0.06621003895998001,,,
1,294,,,,0.978727400302887,0.5232067704200745,0.06524387747049332,,,
1,295,,,,0.9785391688346863,0.5086206793785095,0.0644395649433136,,,
1,296,,,,0.974397599697113,0.40869563817977905,0.06847619265317917,,,
1,297,,,,0.9817394614219666,0.6104417443275452,0.056321434676647186,,,
1,298,,,,0.9783508777618408,0.5147679448127747,0.06575826555490494,,,
1,299,,,,0.977786123752594,0.5123966932296753,0.06729131191968918,,,
1,300,,,,0.9755271077156067,0.45378151535987854,0.08241818845272064,,,
1,301,,,,0.9772213697433472,0.4979253113269806,0.06307169049978256,,,
1,302,,,,0.9802334308624268,0.5849802494049072,0.06034901365637779,,,
1,303,,,,0.9759036302566528,0.46666666865348816,0.0682532861828804,,,
1,304,,,,0.9781626462936401,0.5126050710678101,0.06613118946552277,,,
1,305,,,,0.9789156913757324,0.5333333611488342,0.07087155431509018,,,
1,306,,,,0.9742093086242676,0.4170212745666504,0.08029090613126755,,,
1,307,,,,0.9792921543121338,0.5338982939720154,0.06043752655386925,,,
1,308,,,,0.9757153391838074,0.4556961953639984,0.06742952764034271,,,
1,309,,,,0.9738328456878662,0.4279835522174835,0.07937873154878616,,,
1,310,,,,0.9766566157341003,0.49593496322631836,0.06835900992155075,,,
1,311,,,,0.9762800931930542,0.4836065471172333,0.06848098337650299,,,
1,312,,,,0.9768449068069458,0.4979591965675354,0.06790683418512344,,,
1,313,,,,0.978727400302887,0.5191489458084106,0.0700918659567833,,,
1,314,,,,0.9781626462936401,0.504273533821106,0.06697521358728409,,,
1,315,,,,0.9770331382751465,0.48739495873451233,0.07404270023107529,,,
1,316,,,,0.9807981848716736,0.5677965879440308,0.06705433130264282,,,
1,317,,,,0.9775978922843933,0.49789029359817505,0.06405501067638397,,,
1,318,,,,0.9766566157341003,0.49180328845977783,0.07089301198720932,,,
1,319,,,,0.9796686768531799,0.5384615659713745,0.06122057884931564,,,
1,320,,,,0.9764683842658997,0.45414847135543823,0.07090158015489578,,,
1,321,,,,0.9747741222381592,0.4416666626930237,0.07518434524536133,,,
1,322,,,,0.9764683842658997,0.4444444477558136,0.0693095475435257,,,
1,323,,,,0.9792921543121338,0.5378151535987854,0.06288844347000122,,,
1,324,,,,0.9791039228439331,0.5236051678657532,0.06494943797588348,,,
1,325,,,,0.9774096608161926,0.5081967115402222,0.06949955970048904,,,
1,326,,,,0.977786123752594,0.49572649598121643,0.07036422193050385,,,
1,327,,,,0.9759036302566528,0.4710743725299835,0.06856512278318405,,,
1,328,,,,0.9800451993942261,0.5431034564971924,0.05998821556568146,,,
1,329,,,,0.978727400302887,0.5311203598976135,0.06693842262029648,,,
1,330,,,,0.9768449068069458,0.5020242929458618,0.06666211783885956,,,
1,331,,,,0.9792921543121338,0.52173912525177,0.05951502546668053,,,
1,332,,,,0.9742093086242676,0.4170212745666504,0.07256408780813217,,,
1,333,,,,0.9774096608161926,0.4957983195781708,0.06511472910642624,,,
1,334,,,,0.9779744148254395,0.5063291192054749,0.05931825190782547,,,
1,335,,,,0.9775978922843933,0.5102880597114563,0.07335348427295685,,,
1,336,,,,0.9800451993942261,0.5470085740089417,0.05939670279622078,,,
1,337,,,,0.9775978922843933,0.5020920634269714,0.06849824637174606,,,
1,338,,,,0.9770331382751465,0.47413793206214905,0.060938555747270584,,,
1,339,,,,0.9785391688346863,0.5403226017951965,0.06409537047147751,,,
1,340,,,,0.9770331382751465,0.4958677589893341,0.07250208407640457,,,
1,341,,,,0.9774096608161926,0.5081967115402222,0.06552101671695709,,,
1,342,,,,0.9760918617248535,0.48163264989852905,0.07073124498128891,,,
1,343,,,,0.9811747074127197,0.5901639461517334,0.06412097066640854,,,
1,344,,,,0.9794804453849792,0.5477178692817688,0.06168544664978981,,,
1,345,,,,0.9768449068069458,0.4853556454181671,0.0689881443977356,,,
1,346,,,,0.977786123752594,0.5317460298538208,0.0670878142118454,,,
1,347,,,,0.9792921543121338,0.5338982939720154,0.0650729238986969,,,
1,348,,,,0.9762800931930542,0.4836065471172333,0.06447900831699371,,,
1,349,,,,0.9783508777618408,0.5228216052055359,0.06637144088745117,,,
1,350,,,,0.9775978922843933,0.5182186365127563,0.060634974390268326,,,
1,351,,,,0.9794804453849792,0.5551020503044128,0.05920879915356636,,,
1,352,,,,0.9762800931930542,0.5,0.06290442496538162,,,
1,353,,,,0.9770331382751465,0.5158730149269104,0.060238759964704514,,,
1,354,,,,0.9789156913757324,0.5519999861717224,0.059466198086738586,,,
1,355,,,,0.9785391688346863,0.5249999761581421,0.06401994079351425,,,
1,356,,,,0.9785391688346863,0.5476190447807312,0.0668204203248024,,,
1,357,,,,0.9789156913757324,0.529411792755127,0.06186162307858467,,,
1,358,,,,0.977786123752594,0.5042017102241516,0.06491730362176895,,,
1,359,,,,0.9774096608161926,0.5,0.06234867870807648,,,
1,360,,,,0.9772213697433472,0.5020576119422913,0.0667535662651062,,,
1,361,,,,0.9806099534034729,0.5795918107032776,0.059823814779520035,,,
1,362,,,,0.9783508777618408,0.5147679448127747,0.06342709809541702,,,
1,363,,,,0.9791039228439331,0.5194805264472961,0.059150878340005875,,,
1,364,,,,0.9796686768531799,0.5609756112098694,0.06246340647339821,,,
1,365,,,,0.9785391688346863,0.5289255976676941,0.06511078774929047,,,
1,366,,,,0.9775978922843933,0.4936170279979706,0.06805425137281418,,,
1,367,,,,0.9792921543121338,0.5454545617103577,0.06432652473449707,,,
1,368,,,,0.9800451993942261,0.5619834661483765,0.05882282927632332,,,
1,369,,,,0.9792921543121338,0.5258620977401733,0.059566862881183624,,,
1,370,,,,0.9760918617248535,0.4502164423465729,0.07089392840862274,,,
1,371,,,,0.975338876247406,0.43290042877197266,0.06793857365846634,,,
1,372,,,,0.9781626462936401,0.5126050710678101,0.06849371641874313,,,
1,373,,,,0.9806099534034729,0.5726141333580017,0.056922268122434616,,,
1,374,,,,0.9791039228439331,0.5432098507881165,0.07065989077091217,,,
1,375,,,,0.9798569083213806,0.563265323638916,0.06332003325223923,,,
1,376,,,,0.9794804453849792,0.5657370686531067,0.06101016327738762,,,
1,377,,,,0.9792921543121338,0.5703125,0.06016318500041962,,,
1,378,,,,0.9775978922843933,0.5062240958213806,0.06506850570440292,,,
1,379,,,,0.978727400302887,0.5461847186088562,0.05831029266119003,,,
1,380,,,,0.9798569083213806,0.5770751237869263,0.059571925550699234,,,
1,381,,,,0.978727400302887,0.5425100922584534,0.06354127079248428,,,
1,382,,,,0.9781626462936401,0.5284552574157715,0.071146160364151,,,
1,383,,,,0.978727400302887,0.5498008131980896,0.059008583426475525,,,
1,384,,,,0.9781626462936401,0.5284552574157715,0.06512998789548874,,,
1,385,,,,0.9785391688346863,0.5403226017951965,0.06580222398042679,,,
1,386,,,,0.9817394614219666,0.613545835018158,0.05432906746864319,,,
1,387,,,,0.977786123752594,0.49572649598121643,0.06419998407363892,,,
1,388,,,,0.9745858311653137,0.4351464509963989,0.06829066574573517,,,
1,389,,,,0.9807981848716736,0.5785123705863953,0.06396934390068054,,,
1,390,,,,0.9798569083213806,0.5523012280464172,0.06311856210231781,,,
1,391,,,,0.9775978922843933,0.5020920634269714,0.06559226661920547,,,
1,392,,,,0.9823042154312134,0.6147540807723999,0.06284165382385254,,,
1,393,,,,0.9774096608161926,0.5081967115402222,0.0647452250123024,,,
1,394,,,,0.9796686768531799,0.5609756112098694,0.05652335658669472,,,
1,395,,,,0.9809864163398743,0.591093122959137,0.055477529764175415,,,
1,396,,,,0.9783508777618408,0.5381526350975037,0.06099545583128929,,,
1,397,,,,0.9794804453849792,0.5439330339431763,0.06388240307569504,,,
1,398,,,,0.9796686768531799,0.550000011920929,0.06364720314741135,,,
1,399,,,,0.9783508777618408,0.5106382966041565,0.05927211418747902,,,
1,400,,,,0.978727400302887,0.5387755036354065,0.06109461560845375,,,
1,401,,,,0.9804216623306274,0.5737704634666443,0.058479193598032,,,
1,402,,,,0.9775978922843933,0.4757709205150604,0.06612077355384827,,,
1,403,,,,0.9806099534034729,0.5726141333580017,0.06710659712553024,,,
1,404,,,,0.9789156913757324,0.5447154641151428,0.06105967238545418,,,
1,405,,,,0.9800451993942261,0.5508474707603455,0.06444832682609558,,,
1,406,,,,0.978727400302887,0.5387755036354065,0.06562206149101257,,,
1,407,,,,0.9783508777618408,0.5147679448127747,0.06654811650514603,,,
1,408,,,,0.9796686768531799,0.550000011920929,0.06627892702817917,,,
1,409,,,,0.9806099534034729,0.5654008388519287,0.06040745973587036,,,
1,410,,,,0.9809864163398743,0.5877550840377808,0.05383693426847458,,,
1,411,,,,0.9789156913757324,0.5409836173057556,0.061264749616384506,,,
1,412,,,,0.9781626462936401,0.5322580933570862,0.062035076320171356,,,
1,413,,,,0.9798569083213806,0.5668016076087952,0.055133264511823654,,,
1,414,,,,0.9811747074127197,0.5901639461517334,0.05672130733728409,,,
1,415,,,,0.9772213697433472,0.5061224699020386,0.06722047924995422,,,
1,416,,,,0.9775978922843933,0.4892703890800476,0.05990239977836609,,,
1,417,,,,0.9764683842658997,0.45414847135543823,0.06445375084877014,,,
1,418,,,,0.9781626462936401,0.4912280738353729,0.06363137811422348,,,
1,419,,,,0.9792921543121338,0.5378151535987854,0.059324055910110474,,,
1,420,,,,0.9770331382751465,0.47413793206214905,0.07008158415555954,,,
1,421,,,,0.9809864163398743,0.591093122959137,0.05519530549645424,,,
1,422,,,,0.9794804453849792,0.5439330339431763,0.06020862236618996,,,
1,423,,,,0.9785391688346863,0.5327869057655334,0.05883259326219559,,,
1,424,,,,0.9824924468994141,0.6324110627174377,0.05092061683535576,,,
1,425,,,,0.977786123752594,0.5123966932296753,0.06445769965648651,,,
1,426,,,,0.9807981848716736,0.5819672346115112,0.061320651322603226,,,
1,427,,,,0.9798569083213806,0.5702811479568481,0.06090519577264786,,,
1,428,,,,0.9796686768531799,0.5714285969734192,0.06278250366449356,,,
1,429,,,,0.9798569083213806,0.563265323638916,0.06581652164459229,,,
1,430,,,,0.9798569083213806,0.5668016076087952,0.05648050829768181,,,
1,431,,,,0.9792921543121338,0.5669291615486145,0.06282904744148254,,,
1,432,,,,0.9796686768531799,0.5645161271095276,0.06046639755368233,,,
1,433,,,,0.9804216623306274,0.5630252361297607,0.061413247138261795,,,
1,434,,,,0.9775978922843933,0.529644250869751,0.06679282337427139,,,
1,435,,,,0.9823042154312134,0.6269841194152832,0.060211144387722015,,,
1,436,,,,0.9806099534034729,0.5896414518356323,0.061839085072278976,,,
1,437,,,,0.9815512299537659,0.6111111044883728,0.05392445623874664,,,
1,438,,,,0.9798569083213806,0.563265323638916,0.05953275039792061,,,
1,439,,,,0.9800451993942261,0.5691056847572327,0.0654996708035469,,,
1,440,,,,0.9807981848716736,0.604651153087616,0.057877153158187866,,,
1,441,,,,0.9785391688346863,0.5440000295639038,0.060284458100795746,,,
1,442,,,,0.9779744148254395,0.5263158082962036,0.061387576162815094,,,
1,443,,,,0.9775978922843933,0.522088348865509,0.0642981231212616,,,
1,444,,,,0.9819276928901672,0.6065573692321777,0.06249207630753517,,,
1,445,,,,0.9785391688346863,0.5289255976676941,0.0630456805229187,,,
1,446,,,,0.9807981848716736,0.5887096524238586,0.05798314884305,,,
1,447,,,,0.9800451993942261,0.5655737519264221,0.059029657393693924,,,
1,448,,,,0.9760918617248535,0.4858299493789673,0.06654959917068481,,,
1,449,,,,0.9807981848716736,0.5641025900840759,0.05737186223268509,,,
1,450,,,,0.9774096608161926,0.5041322112083435,0.07156088203191757,,,
1,451,,,,0.9806099534034729,0.5829959511756897,0.0629206970334053,,,
1,452,,,,0.9804216623306274,0.5806451439857483,0.055219028145074844,,,
1,453,,,,0.9772213697433472,0.4979253113269806,0.0626751184463501,,,
1,454,,,,0.9760918617248535,0.45493561029434204,0.06646688282489777,,,
1,455,,,,0.9819276928901672,0.6065573692321777,0.054445356130599976,,,
1,456,,,,0.9789156913757324,0.5409836173057556,0.06022138148546219,,,
1,457,,,,0.9785391688346863,0.5289255976676941,0.06083083897829056,,,
1,458,,,,0.9781626462936401,0.5396825671195984,0.056278329342603683,,,
1,459,,,,0.9798569083213806,0.5446808338165283,0.0587817020714283,,,
1,460,,,,0.9806099534034729,0.5928853750228882,0.05954776704311371,,,
1,461,,,,0.9794804453849792,0.5321888327598572,0.05816701799631119,,,
1,462,,,,0.9804216623306274,0.5839999914169312,0.058925602585077286,,,
1,463,,,,0.9791039228439331,0.5276595950126648,0.06406249105930328,,,
1,464,,,,0.9781626462936401,0.5322580933570862,0.05051044374704361,,,
1,465,,,,0.9800451993942261,0.5725806355476379,0.05888557806611061,,,
1,466,,,,0.9800451993942261,0.5759999752044678,0.060778599232435226,,,
1,467,,,,0.9768449068069458,0.4979591965675354,0.06406638771295547,,,
1,468,,,,0.9789156913757324,0.5447154641151428,0.06277915835380554,,,
1,469,,,,0.9759036302566528,0.4710743725299835,0.06360458582639694,,,
1,470,,,,0.9802334308624268,0.5748987793922424,0.07000832259654999,,,
1,471,,,,0.977786123752594,0.5,0.06364162266254425,,,
1,472,,,,0.9796686768531799,0.5537189841270447,0.06359461694955826,,,
1,473,,,,0.9815512299537659,0.6048387289047241,0.05467118322849274,,,
1,474,,,,0.9796686768531799,0.5537189841270447,0.05829114466905594,,,
1,475,,,,0.9791039228439331,0.5152838230133057,0.06260263174772263,,,
1,476,,,,0.9794804453849792,0.5477178692817688,0.06066565215587616,,,
1,477,,,,0.9792921543121338,0.5299145579338074,0.05643842741847038,,,
1,478,,,,0.9791039228439331,0.5066666603088379,0.06445141136646271,,,
1,479,,,,0.9807981848716736,0.5853658318519592,0.05292482674121857,,,
1,480,,,,0.978727400302887,0.5311203598976135,0.058679331094026566,,,
1,481,,,,0.9800451993942261,0.539130449295044,0.05880609154701233,,,
1,482,,,,0.978727400302887,0.5271966457366943,0.06026118993759155,,,
1,483,,,,0.9800451993942261,0.5655737519264221,0.05699386075139046,,,
1,484,,,,0.9764683842658997,0.472573846578598,0.06271649897098541,,,
1,485,,,,0.9819276928901672,0.6129032373428345,0.05203121528029442,,,
1,486,,,,0.9811747074127197,0.5901639461517334,0.06478572636842728,,,
1,487,,,,0.9791039228439331,0.5236051678657532,0.05821280553936958,,,
1,488,,,,0.9815512299537659,0.6079999804496765,0.05587659031152725,,,
1,489,,,,0.978727400302887,0.5387755036354065,0.06384625285863876,,,
1,490,,,,0.9815512299537659,0.6141732335090637,0.05766506493091583,,,
1,491,,,,0.978727400302887,0.5533596873283386,0.06377333402633667,,,
1,492,,,,0.9813629388809204,0.6147859692573547,0.06103689968585968,,,
1,493,,,,0.9783508777618408,0.5381526350975037,0.0632830411195755,,,
1,494,,,,0.9813629388809204,0.6206896305084229,0.052460748702287674,,,
1,495,,,,0.9798569083213806,0.5737051963806152,0.06118115782737732,,,
1,496,,,,0.9794804453849792,0.5551020503044128,0.06379570811986923,,,
1,497,,,,0.9783508777618408,0.5454545617103577,0.06151457130908966,,,
1,498,,,,0.9811747074127197,0.6183205842971802,0.05714864283800125,,,
1,499,,,,0.9774582386016846,0.5,0.06649740040302277,,,
1,499,,,,,,,0.9798954725265503,0.5760439038276672,0.059899117797613144
2,500,,,,0.9815512299537659,0.6048387289047241,0.05542298033833504,,,
2,501,,,,0.9766566157341003,0.5040000081062317,0.06457845866680145,,,
2,502,,,,0.9811747074127197,0.6183205842971802,0.054659709334373474,,,
2,503,,,,0.9794804453849792,0.5622490048408508,0.06507740914821625,,,
2,504,,,,0.9791039228439331,0.5612648129463196,0.0576600655913353,,,
2,505,,,,0.9770331382751465,0.4830508530139923,0.059694718569517136,,,
2,506,,,,0.9809864163398743,0.5877550840377808,0.056135501712560654,,,
2,507,,,,0.978727400302887,0.5150214433670044,0.06479870527982712,,,
2,508,,,,0.978727400302887,0.5311203598976135,0.0539226159453392,,,
2,509,,,,0.9796686768531799,0.5714285969734192,0.05968713387846947,,,
2,510,,,,0.9796686768531799,0.530434787273407,0.056819964200258255,,,
2,511,,,,0.9798569083213806,0.540772557258606,0.05915888771414757,,,
2,512,,,,0.9781626462936401,0.5245901346206665,0.06182432547211647,,,
2,513,,,,0.9791039228439331,0.5432098507881165,0.0584648996591568,,,
2,514,,,,0.9821159839630127,0.6090534925460815,0.05833736062049866,,,
2,515,,,,0.9811747074127197,0.5934959053993225,0.0558333657681942,,,
2,516,,,,0.9817394614219666,0.6225680708885193,0.05550326406955719,,,
2,517,,,,0.9792921543121338,0.5634920597076416,0.05891844630241394,,,
2,518,,,,0.9809864163398743,0.6007905006408691,0.05418342351913452,,,
2,519,,,,0.9806099534034729,0.5928853750228882,0.053925443440675735,,,
2,520,,,,0.9806099534034729,0.608364999294281,0.060654982924461365,,,
2,521,,,,0.9811747074127197,0.6124030947685242,0.05629447475075722,,,
2,522,,,,0.9802334308624268,0.5783132314682007,0.058063291013240814,,,
2,523,,,,0.9789156913757324,0.5519999861717224,0.055759087204933167,,,
2,524,,,,0.9809864163398743,0.6070038676261902,0.05757567286491394,,,
2,525,,,,0.9796686768531799,0.5748031735420227,0.05945077911019325,,,
2,526,,,,0.9762800931930542,0.4793388545513153,0.06434337049722672,,,
2,527,,,,0.9802334308624268,0.5679012537002563,0.05745721980929375,,,
2,528,,,,0.9807981848716736,0.5920000076293945,0.05723375082015991,,,
2,529,,,,0.9785391688346863,0.5289255976676941,0.05699498578906059,,,
2,530,,,,0.978727400302887,0.5533596873283386,0.058910246938467026,,,
2,531,,,,0.9783508777618408,0.5188284516334534,0.06323482096195221,,,
2,532,,,,0.9794804453849792,0.5400843620300293,0.06118204817175865,,,
2,533,,,,0.9800451993942261,0.5508474707603455,0.055663008242845535,,,
2,534,,,,0.9798569083213806,0.5560166239738464,0.06231603026390076,,,
2,535,,,,0.9811747074127197,0.5798319578170776,0.05723506212234497,,,
2,536,,,,0.9785391688346863,0.5210084319114685,0.05892151966691017,,,
2,537,,,,0.9798569083213806,0.540772557258606,0.060780707746744156,,,
2,538,,,,0.9783508777618408,0.5228216052055359,0.05598035827279091,,,
2,539,,,,0.9823042154312134,0.6209677457809448,0.056472159922122955,,,
2,540,,,,0.9811747074127197,0.5967742204666138,0.05322655662894249,,,
2,541,,,,0.9785391688346863,0.5440000295639038,0.06466978788375854,,,
2,542,,,,0.9794804453849792,0.5691699385643005,0.061629489064216614,,,
2,543,,,,0.9823042154312134,0.6178861856460571,0.05393658205866814,,,
2,544,,,,0.9806099534034729,0.5829959511756897,0.052616532891988754,,,
2,545,,,,0.9823042154312134,0.6299212574958801,0.053290847688913345,,,
2,546,,,,0.9775978922843933,0.5142857432365417,0.05851559340953827,,,
2,547,,,,0.9806099534034729,0.5726141333580017,0.05936251953244209,,,
2,548,,,,0.9815512299537659,0.6111111044883728,0.05685863643884659,,,
2,549,,,,0.9792921543121338,0.5491803288459778,0.059445928782224655,,,
2,550,,,,0.9785391688346863,0.5327869057655334,0.05885067582130432,,,
2,551,,,,0.978727400302887,0.5349794030189514,0.0627477839589119,,,
2,552,,,,0.9802334308624268,0.5816733241081238,0.06073620542883873,,,
2,553,,,,0.9791039228439331,0.5394191145896912,0.05401039496064186,,,
2,554,,,,0.977786123752594,0.5203251838684082,0.059062715619802475,,,
2,555,,,,0.9826807379722595,0.6320000290870667,0.05244740843772888,,,
2,556,,,,0.9821159839630127,0.6245059370994568,0.054848428815603256,,,
2,557,,,,0.9811747074127197,0.5934959053993225,0.055988047271966934,,,
2,558,,,,0.9791039228439331,0.5506072640419006,0.05651988089084625,,,
2,559,,,,0.9811747074127197,0.6000000238418579,0.055799148976802826,,,
2,560,,,,0.9826807379722595,0.640625,0.05370817705988884,,,
2,561,,,,0.9806099534034729,0.5992217659950256,0.0633898675441742,,,
2,562,,,,0.9770331382751465,0.5234375,0.06899817287921906,,,
2,563,,,,0.9791039228439331,0.5647059082984924,0.0638008862733841,,,
2,564,,,,0.9796686768531799,0.5537189841270447,0.06074458360671997,,,
2,565,,,,0.9789156913757324,0.5590550899505615,0.05864734947681427,,,
2,566,,,,0.9811747074127197,0.609375,0.055664852261543274,,,
2,567,,,,0.9826807379722595,0.6320000290870667,0.05436009541153908,,,
2,568,,,,0.9839984774589539,0.6558704376220703,0.05377586558461189,,,
2,569,,,,0.9811747074127197,0.60317462682724,0.05500296130776405,,,
2,570,,,,0.9802334308624268,0.5748987793922424,0.05894247069954872,,,
2,571,,,,0.9830572009086609,0.6341463327407837,0.054488588124513626,,,
2,572,,,,0.9770331382751465,0.5196850299835205,0.06045002490282059,,,
2,573,,,,0.9830572009086609,0.6538461446762085,0.05170479416847229,,,
2,574,,,,0.9832454919815063,0.6563706398010254,0.05553019046783447,,,
2,575,,,,0.9796686768531799,0.5645161271095276,0.0638895183801651,,,
2,576,,,,0.983433723449707,0.6615384817123413,0.05393920838832855,,,
2,577,,,,0.9838102459907532,0.658730149269104,0.05475815013051033,,,
2,578,,,,0.9809864163398743,0.6007905006408691,0.05748947337269783,,,
2,579,,,,0.9800451993942261,0.5859375,0.05780297890305519,,,
2,580,,,,0.9815512299537659,0.6201550364494324,0.05672518536448479,,,
2,581,,,,0.9762800931930542,0.4959999918937683,0.061245571821928024,,,
2,582,,,,0.9823042154312134,0.6269841194152832,0.053637564182281494,,,
2,583,,,,0.9791039228439331,0.5612648129463196,0.0558912418782711,,,
2,584,,,,0.9800451993942261,0.5859375,0.05390096455812454,,,
2,585,,,,0.9804216623306274,0.5839999914169312,0.05906107276678085,,,
2,586,,,,0.9821159839630127,0.6274510025978088,0.05542345717549324,,,
2,587,,,,0.9813629388809204,0.6292135119438171,0.05372168868780136,,,
2,588,,,,0.9823042154312134,0.6356589198112488,0.05209267511963844,,,
2,589,,,,0.9783508777618408,0.5454545617103577,0.06165207922458649,,,
2,590,,,,0.9836220145225525,0.6640926599502563,0.05292315408587456,,,
2,591,,,,0.9806099534034729,0.5960784554481506,0.06113484129309654,,,
2,592,,,,0.9798569083213806,0.5523012280464172,0.06438592076301575,,,
2,593,,,,0.9796686768531799,0.5714285969734192,0.054240453988313675,,,
2,594,,,,0.9764683842658997,0.5098039507865906,0.06309602409601212,,,
2,595,,,,0.9783508777618408,0.5381526350975037,0.057510390877723694,,,
2,596,,,,0.9806099534034729,0.5896414518356323,0.060232918709516525,,,
2,597,,,,0.9841867685317993,0.6692913174629211,0.05353464186191559,,,
2,598,,,,0.9811747074127197,0.6062992215156555,0.053028035908937454,,,
2,599,,,,0.9824924468994141,0.6381322741508484,0.053730547428131104,,,
2,600,,,,0.9815512299537659,0.6201550364494324,0.052094168961048126,,,
2,601,,,,0.9851279854774475,0.687747061252594,0.049767084419727325,,,
2,602,,,,0.9821159839630127,0.6245059370994568,0.04701642319560051,,,
2,603,,,,0.9813629388809204,0.6264150738716125,0.04919976741075516,,,
2,604,,,,0.9802334308624268,0.5816733241081238,0.05927806720137596,,,
2,605,,,,0.9809864163398743,0.5943775177001953,0.056826576590538025,,,
2,606,,,,0.9800451993942261,0.579365074634552,0.058813564479351044,,,
2,607,,,,0.9802334308624268,0.5945945978164673,0.057647254317998886,,,
2,608,,,,0.9802334308624268,0.560669481754303,0.061474211513996124,,,
2,609,,,,0.9824924468994141,0.6381322741508484,0.05638943985104561,,,
2,610,,,,0.9796686768531799,0.5645161271095276,0.05654369294643402,,,
2,611,,,,0.9821159839630127,0.6215139627456665,0.05491252988576889,,,
2,612,,,,0.9798569083213806,0.5560166239738464,0.059742603451013565,,,
2,613,,,,0.9802334308624268,0.5816733241081238,0.05672783404588699,,,
2,614,,,,0.9802334308624268,0.5882353186607361,0.0574055053293705,,,
2,615,,,,0.9823042154312134,0.6240000128746033,0.05268671363592148,,,
2,616,,,,0.9749623537063599,0.4388185739517212,0.05963267385959625,,,
2,617,,,,0.9828689694404602,0.6285714507102966,0.05733918398618698,,,
2,618,,,,0.9800451993942261,0.5759999752044678,0.05898480489850044,,,
2,619,,,,0.9772213697433472,0.48510637879371643,0.06680960953235626,,,
2,620,,,,0.9811747074127197,0.6062992215156555,0.05750914290547371,,,
2,621,,,,0.983433723449707,0.6480000019073486,0.04783753678202629,,,
2,622,,,,0.9804216623306274,0.5806451439857483,0.06002205237746239,,,
2,623,,,,0.9823042154312134,0.6299212574958801,0.05128120258450508,,,
2,624,,,,0.9807981848716736,0.5819672346115112,0.058087341487407684,,,
2,625,,,,0.9796686768531799,0.5573770403862,0.05865946039557457,,,
2,626,,,,0.9817394614219666,0.6196078658103943,0.04771696776151657,,,
2,627,,,,0.9781626462936401,0.5396825671195984,0.05563487112522125,,,
2,628,,,,0.9815512299537659,0.6141732335090637,0.056095052510499954,,,
2,629,,,,0.9819276928901672,0.6129032373428345,0.05581167712807655,,,
2,630,,,,0.9809864163398743,0.5976095795631409,0.05797368660569191,,,
2,631,,,,0.9796686768531799,0.5714285969734192,0.05772646889090538,,,
2,632,,,,0.9796686768531799,0.5877862572669983,0.05544038861989975,,,
2,633,,,,0.983433723449707,0.65625,0.04915255680680275,,,
2,634,,,,0.9821159839630127,0.6415094137191772,0.05279708653688431,,,
2,635,,,,0.9798569083213806,0.5737051963806152,0.06169473007321358,,,
2,636,,,,0.9792921543121338,0.580152690410614,0.05063294619321823,,,
2,637,,,,0.9796686768531799,0.5748031735420227,0.05690566822886467,,,
2,638,,,,0.9796686768531799,0.5645161271095276,0.05801888927817345,,,
2,639,,,,0.9804216623306274,0.5737704634666443,0.056635867804288864,,,
2,640,,,,0.9807981848716736,0.5920000076293945,0.055289145559072495,,,
2,641,,,,0.9800451993942261,0.5691056847572327,0.055245764553546906,,,
2,642,,,,0.977786123752594,0.5426356792449951,0.06431832909584045,,,
2,643,,,,0.9815512299537659,0.6230769157409668,0.060060907155275345,,,
2,644,,,,0.9815512299537659,0.6048387289047241,0.05817743018269539,,,
2,645,,,,0.9839984774589539,0.6613546013832092,0.052005961537361145,,,
2,646,,,,0.9798569083213806,0.5446808338165283,0.05523098260164261,,,
2,647,,,,0.9811747074127197,0.6000000238418579,0.05545275658369064,,,
2,648,,,,0.9807981848716736,0.6015625,0.05538115277886391,,,
2,649,,,,0.978727400302887,0.5498008131980896,0.05921931192278862,,,
2,650,,,,0.9819276928901672,0.6279069781303406,0.049058061093091965,,,
2,651,,,,0.9789156913757324,0.5447154641151428,0.05791914463043213,,,
2,652,,,,0.9823042154312134,0.6240000128746033,0.04831923916935921,,,
2,653,,,,0.9817394614219666,0.6196078658103943,0.052791111171245575,,,
2,654,,,,0.9800451993942261,0.5725806355476379,0.05768401175737381,,,
2,655,,,,0.9804216623306274,0.5873016119003296,0.05520457774400711,,,
2,656,,,,0.9826807379722595,0.6377952694892883,0.048496682196855545,,,
2,657,,,,0.9817394614219666,0.6072874665260315,0.05959635227918625,,,
2,658,,,,0.9826807379722595,0.6488549709320068,0.04787926375865936,,,
2,659,,,,0.9806099534034729,0.6053639650344849,0.055179376155138016,,,
2,660,,,,0.9792921543121338,0.5454545617103577,0.059151336550712585,,,
2,661,,,,0.9819276928901672,0.6097561120986938,0.05473775044083595,,,
2,662,,,,0.9802334308624268,0.5783132314682007,0.05819319933652878,,,
2,663,,,,0.9819276928901672,0.6190476417541504,0.055923834443092346,,,
2,664,,,,0.9804216623306274,0.577235758304596,0.05372397601604462,,,
2,665,,,,0.9824924468994141,0.6172839403152466,0.060188256204128265,,,
2,666,,,,0.9824924468994141,0.6204081773757935,0.054655130952596664,,,
2,667,,,,0.9809864163398743,0.5843621492385864,0.055374983698129654,,,
2,668,,,,0.9824924468994141,0.6324110627174377,0.05438370257616043,,,
2,669,,,,0.9807981848716736,0.61654132604599,0.055620353668928146,,,
2,670,,,,0.9811747074127197,0.5934959053993225,0.05259798467159271,,,
2,671,,,,0.9798569083213806,0.5803921818733215,0.05671948939561844,,,
2,672,,,,0.9809864163398743,0.6007905006408691,0.06499180197715759,,,
2,673,,,,0.9794804453849792,0.5551020503044128,0.05891392379999161,,,
2,674,,,,0.983433723449707,0.6507936716079712,0.05190429836511612,,,
2,675,,,,0.9794804453849792,0.5514403581619263,0.06139956787228584,,,
2,676,,,,0.9815512299537659,0.6079999804496765,0.05225522816181183,,,
2,677,,,,0.9828689694404602,0.6431372761726379,0.05141136422753334,,,
2,678,,,,0.9775978922843933,0.5142857432365417,0.06164856255054474,,,
2,679,,,,0.9804216623306274,0.5873016119003296,0.056677863001823425,,,
2,680,,,,0.9807981848716736,0.5920000076293945,0.057973768562078476,,,
2,681,,,,0.9806099534034729,0.5928853750228882,0.06259378790855408,,,
2,682,,,,0.9796686768531799,0.5748031735420227,0.0543355867266655,,,
2,683,,,,0.9789156913757324,0.5333333611488342,0.06295633316040039,,,
2,684,,,,0.9804216623306274,0.577235758304596,0.05355050042271614,,,
2,685,,,,0.9813629388809204,0.6024096608161926,0.053051795810461044,,,
2,686,,,,0.983433723449707,0.6589147448539734,0.04939699545502663,,,
2,687,,,,0.9804216623306274,0.5873016119003296,0.058630332350730896,,,
2,688,,,,0.9791039228439331,0.5612648129463196,0.05739303305745125,,,
2,689,,,,0.983433723449707,0.6641221642494202,0.05257590115070343,,,
2,690,,,,0.9823042154312134,0.6299212574958801,0.05526532605290413,,,
2,691,,,,0.9823042154312134,0.6115702390670776,0.05294184386730194,,,
2,692,,,,0.9800451993942261,0.5859375,0.05501561239361763,,,
2,693,,,,0.9815512299537659,0.6259542107582092,0.05206543207168579,,,
2,694,,,,0.9828689694404602,0.6374502182006836,0.05364716425538063,,,
2,695,,,,0.9807981848716736,0.5984252095222473,0.060360055416822433,,,
2,696,,,,0.9824924468994141,0.654275119304657,0.05012791231274605,,,
2,697,,,,0.9819276928901672,0.6307692527770996,0.0499170683324337,,,
2,698,,,,0.9792921543121338,0.5895522236824036,0.055251095443964005,,,
2,699,,,,0.978727400302887,0.5637065768241882,0.05771917104721069,,,
2,700,,,,0.9841867685317993,0.6666666865348816,0.04911365732550621,,,
2,701,,,,0.9792921543121338,0.5454545617103577,0.05686558783054352,,,
2,702,,,,0.9813629388809204,0.6117647290229797,0.053289711475372314,,,
2,703,,,,0.9809864163398743,0.6039215922355652,0.05160970240831375,,,
2,704,,,,0.9823042154312134,0.6384615302085876,0.04862074926495552,,,
2,705,,,,0.9807981848716736,0.5920000076293945,0.05480462685227394,,,
2,706,,,,0.9798569083213806,0.5803921818733215,0.05642424151301384,,,
2,707,,,,0.9813629388809204,0.6055777072906494,0.05535663664340973,,,
2,708,,,,0.9821159839630127,0.6122449040412903,0.05421048775315285,,,
2,709,,,,0.9828689694404602,0.6224066615104675,0.053866684436798096,,,
2,710,,,,0.9789156913757324,0.5409836173057556,0.05967336893081665,,,
2,711,,,,0.9792921543121338,0.5736433863639832,0.057854317128658295,,,
2,712,,,,0.9823042154312134,0.6299212574958801,0.05404694005846977,,,
2,713,,,,0.9828689694404602,0.6255143880844116,0.05036662518978119,,,
2,714,,,,0.9823042154312134,0.6269841194152832,0.049006298184394836,,,
2,715,,,,0.9802334308624268,0.5643153786659241,0.051671698689460754,,,
2,716,,,,0.9815512299537659,0.6201550364494324,0.052450258284807205,,,
2,717,,,,0.9845632314682007,0.6666666865348816,0.043194908648729324,,,
2,718,,,,0.9811747074127197,0.5934959053993225,0.052932750433683395,,,
2,719,,,,0.9785391688346863,0.5365853905677795,0.0612153485417366,,,
2,720,,,,0.978727400302887,0.5568627715110779,0.0574977807700634,,,
2,721,,,,0.9847515225410461,0.6798418760299683,0.04859956353902817,,,
2,722,,,,0.9815512299537659,0.6230769157409668,0.051226451992988586,,,
2,723,,,,0.9821159839630127,0.6303501725196838,0.054668206721544266,,,
2,724,,,,0.9838102459907532,0.6640625,0.04952264949679375,,,
2,725,,,,0.9824924468994141,0.6436781883239746,0.05216672271490097,,,
2,726,,,,0.9809864163398743,0.6039215922355652,0.05705945938825607,,,
2,727,,,,0.9817394614219666,0.6104417443275452,0.055137597024440765,,,
2,728,,,,0.9847515225410461,0.6920152306556702,0.04961501806974411,,,
2,729,,,,0.9806099534034729,0.6113207340240479,0.05655182898044586,,,
2,730,,,,0.9819276928901672,0.6307692527770996,0.05038047581911087,,,
2,731,,,,0.9841867685317993,0.6818181872367859,0.052906058728694916,,,
2,732,,,,0.9792921543121338,0.5736433863639832,0.052321821451187134,,,
2,733,,,,0.9832454919815063,0.6763636469841003,0.05035248398780823,,,
2,734,,,,0.9806099534034729,0.6053639650344849,0.05523579195141792,,,
2,735,,,,0.9807981848716736,0.607692301273346,0.05564125254750252,,,
2,736,,,,0.9823042154312134,0.6299212574958801,0.04943006485700607,,,
2,737,,,,0.9789156913757324,0.565891444683075,0.061506543308496475,,,
2,738,,,,0.9845632314682007,0.682170569896698,0.049892526119947433,,,
2,739,,,,0.983433723449707,0.6641221642494202,0.05418281629681587,,,
2,740,,,,0.9839984774589539,0.6743295192718506,0.049763958901166916,,,
2,741,,,,0.9796686768531799,0.5680000185966492,0.05951344594359398,,,
2,742,,,,0.9768449068069458,0.48962655663490295,0.0649808868765831,,,
2,743,,,,0.9828689694404602,0.6591760516166687,0.05372191593050957,,,
2,744,,,,0.9821159839630127,0.6184738874435425,0.05539507791399956,,,
2,745,,,,0.983433723449707,0.6641221642494202,0.04866078868508339,,,
2,746,,,,0.9839984774589539,0.6666666865348816,0.050838761031627655,,,
2,747,,,,0.9798569083213806,0.5737051963806152,0.05978300794959068,,,
2,748,,,,0.9796686768531799,0.5573770403862,0.058628425002098083,,,
2,749,,,,0.9807617664337158,0.5857740640640259,0.056599974632263184,,,
2,749,,,,,,,0.9812039732933044,0.6075804233551025,0.05448254197835922
3,750,,,,0.9804216623306274,0.5839999914169312,0.05721016228199005,,,
3,751,,,,0.9802334308624268,0.5679012537002563,0.05922335013747215,,,
3,752,,,,0.9800451993942261,0.579365074634552,0.05615107715129852,,,
3,753,,,,0.9809864163398743,0.6130267977714539,0.05759837478399277,,,
3,754,,,,0.9815512299537659,0.6141732335090637,0.0545966811478138,,,
3,755,,,,0.9836220145225525,0.650602400302887,0.05608952417969704,,,
3,756,,,,0.9806099534034729,0.6023166179656982,0.0569351427257061,,,
3,757,,,,0.9819276928901672,0.6307692527770996,0.05548004060983658,,,
3,758,,,,0.9802334308624268,0.5882353186607361,0.056684188544750214,,,
3,759,,,,0.9806099534034729,0.6113207340240479,0.054583270102739334,,,
3,760,,,,0.9807981848716736,0.5920000076293945,0.0553601011633873,,,
3,761,,,,0.984375,0.6819923520088196,0.04976751655340195,,,
3,762,,,,0.983433723449707,0.6666666865348816,0.0498029962182045,,,
3,763,,,,0.9813629388809204,0.6206896305084229,0.05803155153989792,,,
3,764,,,,0.9815512299537659,0.6111111044883728,0.049340784549713135,,,
3,765,,,,0.9821159839630127,0.6153846383094788,0.0519447885453701,,,
3,766,,,,0.9815512299537659,0.6171875,0.0542152002453804,,,
3,767,,,,0.9809864163398743,0.6188679337501526,0.05561036616563797,,,
3,768,,,,0.9802334308624268,0.5977011322975159,0.05051358789205551,,,
3,769,,,,0.9830572009086609,0.6484375,0.04790720343589783,,,
3,770,,,,0.9830572009086609,0.6511628031730652,0.05258239433169365,,,
3,771,,,,0.9838102459907532,0.6666666865348816,0.04611234739422798,,,
3,772,,,,0.9809864163398743,0.5976095795631409,0.05054628849029541,,,
3,773,,,,0.9832454919815063,0.6454183459281921,0.050333183258771896,,,
3,774,,,,0.9824924468994141,0.649056613445282,0.04929722845554352,,,
3,775,,,,0.9791039228439331,0.5542168617248535,0.060217056423425674,,,
3,776,,,,0.9813629388809204,0.6206896305084229,0.05527752265334129,,,
3,777,,,,0.9823042154312134,0.6356589198112488,0.0549556165933609,,,
3,778,,,,0.9783508777618408,0.5525291562080383,0.057201359421014786,,,
3,779,,,,0.9800451993942261,0.5923076868057251,0.05349632352590561,,,
3,780,,,,0.9821159839630127,0.6303501725196838,0.048833247274160385,,,
3,781,,,,0.9847515225410461,0.6943396329879761,0.044498343020677567,,,
3,782,,,,0.9824924468994141,0.6463878154754639,0.05221478268504143,,,
3,783,,,,0.9821159839630127,0.6332046389579773,0.052712105214595795,,,
3,784,,,,0.9807981848716736,0.607692301273346,0.04951433092355728,,,
3,785,,,,0.9832454919815063,0.6509804129600525,0.04968959093093872,,,
3,786,,,,0.9819276928901672,0.6159999966621399,0.05228139087557793,,,
3,787,,,,0.9811747074127197,0.5967742204666138,0.05171950161457062,,,
3,788,,,,0.9821159839630127,0.6274510025978088,0.05410022288560867,,,
3,789,,,,0.9839984774589539,0.6613546013832092,0.049861352890729904,,,
3,790,,,,0.9821159839630127,0.6274510025978088,0.0533481128513813,,,
3,791,,,,0.9819276928901672,0.6190476417541504,0.049063749611377716,,,
3,792,,,,0.9802334308624268,0.5849802494049072,0.05167200416326523,,,
3,793,,,,0.9789156913757324,0.5519999861717224,0.05864213407039642,,,
3,794,,,,0.9830572009086609,0.6538461446762085,0.049473345279693604,,,
3,795,,,,0.9823042154312134,0.6240000128746033,0.05426507815718651,,,
3,796,,,,0.9819276928901672,0.625,0.054619524627923965,,,
3,797,,,,0.9815512299537659,0.6201550364494324,0.04961951822042465,,,
3,798,,,,0.9824924468994141,0.6352941393852234,0.05340423062443733,,,
3,799,,,,0.9826807379722595,0.6567164063453674,0.0498817041516304,,,
3,800,,,,0.9821159839630127,0.6360152959823608,0.04930035397410393,,,
3,801,,,,0.9774096608161926,0.5121951103210449,0.06178056448698044,,,
3,802,,,,0.9841867685317993,0.6769230961799622,0.052198659628629684,,,
3,803,,,,0.9832454919815063,0.6590038537979126,0.046878207474946976,,,
3,804,,,,0.9819276928901672,0.6335877776145935,0.04915006458759308,,,
3,805,,,,0.9800451993942261,0.5759999752044678,0.056803587824106216,,,
3,806,,,,0.9826807379722595,0.6461538672447205,0.04948337748646736,,,
3,807,,,,0.9811747074127197,0.60317462682724,0.05941769853234291,,,
3,808,,,,0.984375,0.6891385912895203,0.04561416059732437,,,
3,809,,,,0.9823042154312134,0.646616518497467,0.05356645956635475,,,
3,810,,,,0.9806099534034729,0.6053639650344849,0.05095888301730156,,,
3,811,,,,0.9811747074127197,0.6153846383094788,0.049430884420871735,,,
3,812,,,,0.9826807379722595,0.6488549709320068,0.055627331137657166,,,
3,813,,,,0.9824924468994141,0.649056613445282,0.052019909024238586,,,
3,814,,,,0.9789156913757324,0.5590550899505615,0.06103922054171562,,,
3,815,,,,0.9832454919815063,0.6715866923332214,0.04829157888889313,,,
3,816,,,,0.9794804453849792,0.5886792540550232,0.060074035078287125,,,
3,817,,,,0.9838102459907532,0.6742424368858337,0.05489373207092285,,,
3,818,,,,0.977786123752594,0.5426356792449951,0.05592258647084236,,,
3,819,,,,0.9830572009086609,0.6484375,0.04901484400033951,,,
3,820,,,,0.9807981848716736,0.5920000076293945,0.05584181100130081,,,
3,821,,,,0.983433723449707,0.6451612710952759,0.049046192318201065,,,
3,822,,,,0.9815512299537659,0.6048387289047241,0.0563320592045784,,,
3,823,,,,0.9819276928901672,0.6279069781303406,0.051021549850702286,,,
3,824,,,,0.9862575531005859,0.7159532904624939,0.047382716089487076,,,
3,825,,,,0.9819276928901672,0.6307692527770996,0.04774916544556618,,,
3,826,,,,0.9823042154312134,0.6328125,0.05177155137062073,,,
3,827,,,,0.984375,0.6867924332618713,0.050448812544345856,,,
3,828,,,,0.9798569083213806,0.5770751237869263,0.054619673639535904,,,
3,829,,,,0.9798569083213806,0.5737051963806152,0.054660048335790634,,,
3,830,,,,0.9839984774589539,0.6718146800994873,0.04740490764379501,,,
3,831,,,,0.9836220145225525,0.6640926599502563,0.048905279487371445,,,
3,832,,,,0.9811747074127197,0.6296296119689941,0.051416900008916855,,,
3,833,,,,0.9828689694404602,0.6539924144744873,0.05073029547929764,,,
3,834,,,,0.9817394614219666,0.63670414686203,0.05404716730117798,,,
3,835,,,,0.9807981848716736,0.607692301273346,0.05199425294995308,,,
3,836,,,,0.9800451993942261,0.5859375,0.05654795467853546,,,
3,837,,,,0.9836220145225525,0.6640926599502563,0.049109067767858505,,,
3,838,,,,0.9815512299537659,0.6259542107582092,0.05232301726937294,,,
3,839,,,,0.9798569083213806,0.5868725776672363,0.05035888031125069,,,
3,840,,,,0.9851279854774475,0.7063196897506714,0.04473927244544029,,,
3,841,,,,0.9806099534034729,0.5896414518356323,0.05162544548511505,,,
3,842,,,,0.9781626462936401,0.5433070659637451,0.05584859475493431,,,
3,843,,,,0.9832454919815063,0.6509804129600525,0.04988253489136696,,,
3,844,,,,0.9811747074127197,0.6000000238418579,0.0548747181892395,,,
3,845,,,,0.9830572009086609,0.6511628031730652,0.049475252628326416,,,
3,846,,,,0.9819276928901672,0.6220472455024719,0.05056063458323479,,,
3,847,,,,0.9830572009086609,0.6538461446762085,0.049504492431879044,,,
3,848,,,,0.9839984774589539,0.6816479563713074,0.05231678858399391,,,
3,849,,,,0.9826807379722595,0.6488549709320068,0.04900430515408516,,,
3,850,,,,0.9817394614219666,0.6008230447769165,0.05355992913246155,,,
3,851,,,,0.9830572009086609,0.6616541147232056,0.04875006154179573,,,
3,852,,,,0.9838102459907532,0.656000018119812,0.04539453983306885,,,
3,853,,,,0.9838102459907532,0.6717557311058044,0.05290169268846512,,,
3,854,,,,0.9839984774589539,0.6816479563713074,0.044844672083854675,,,
3,855,,,,0.9821159839630127,0.6215139627456665,0.04708833992481232,,,
3,856,,,,0.9806099534034729,0.5896414518356323,0.060157231986522675,,,
3,857,,,,0.9832454919815063,0.6666666865348816,0.04540537670254707,,,
3,858,,,,0.9838102459907532,0.658730149269104,0.04683749005198479,,,
3,859,,,,0.9836220145225525,0.6692014932632446,0.04811820015311241,,,
3,860,,,,0.9815512299537659,0.6079999804496765,0.0527794249355793,,,
3,861,,,,0.9845632314682007,0.6962962746620178,0.044691652059555054,,,
3,862,,,,0.9781626462936401,0.5538461804389954,0.058692630380392075,,,
3,863,,,,0.9830572009086609,0.6484375,0.04581717774271965,,,
3,864,,,,0.9815512299537659,0.6315789222717285,0.05192442610859871,,,
3,865,,,,0.9856927990913391,0.7226277589797974,0.045523785054683685,,,
3,866,,,,0.9802334308624268,0.5849802494049072,0.05504539981484413,,,
3,867,,,,0.9800451993942261,0.6015037298202515,0.05180297791957855,,,
3,868,,,,0.9817394614219666,0.6311787366867065,0.055200304836034775,,,
3,869,,,,0.9817394614219666,0.6166008114814758,0.047052863985300064,,,
3,870,,,,0.9838102459907532,0.6692307591438293,0.052417028695344925,,,
3,871,,,,0.9823042154312134,0.6384615302085876,0.05434918403625488,,,
3,872,,,,0.9807981848716736,0.6015625,0.05130314454436302,,,
3,873,,,,0.9794804453849792,0.5691699385643005,0.0667075589299202,,,
3,874,,,,0.9845632314682007,0.6917293071746826,0.05021204426884651,,,
3,875,,,,0.9813629388809204,0.6177605986595154,0.04933920502662659,,,
3,876,,,,0.9832454919815063,0.6666666865348816,0.04840029031038284,,,
3,877,,,,0.9792921543121338,0.5833333134651184,0.053374942392110825,,,
3,878,,,,0.9796686768531799,0.5813953280448914,0.05721519514918327,,,
3,879,,,,0.9807981848716736,0.6106870174407959,0.05041535943746567,,,
3,880,,,,0.9828689694404602,0.6374502182006836,0.04925094544887543,,,
3,881,,,,0.9836220145225525,0.6666666865348816,0.04885122925043106,,,
3,882,,,,0.9823042154312134,0.646616518497467,0.04860573261976242,,,
3,883,,,,0.9824924468994141,0.6204081773757935,0.055734097957611084,,,
3,884,,,,0.9815512299537659,0.6230769157409668,0.05046207085251808,,,
3,885,,,,0.983433723449707,0.65625,0.04947105050086975,,,
3,886,,,,0.9792921543121338,0.5600000023841858,0.05272239074110985,,,
3,887,,,,0.9817394614219666,0.6311787366867065,0.05212261527776718,,,
3,888,,,,0.9819276928901672,0.625,0.0513208732008934,,,
3,889,,,,0.9811747074127197,0.6062992215156555,0.056238383054733276,,,
3,890,,,,0.9789156913757324,0.5519999861717224,0.05789174139499664,,,
3,891,,,,0.9813629388809204,0.6117647290229797,0.05323353409767151,,,
3,892,,,,0.9809864163398743,0.6100386381149292,0.054199762642383575,,,
3,893,,,,0.9824924468994141,0.6352941393852234,0.05091549828648567,,,
3,894,,,,0.9819276928901672,0.6470588445663452,0.048664093017578125,,,
3,895,,,,0.9819276928901672,0.6307692527770996,0.053034458309412,,,
3,896,,,,0.9791039228439331,0.5904058814048767,0.05554252862930298,,,
3,897,,,,0.9815512299537659,0.6287878751754761,0.05236097052693367,,,
3,898,,,,0.9845632314682007,0.6846153736114502,0.05388283729553223,,,
3,899,,,,0.978727400302887,0.5461847186088562,0.05438605695962906,,,
3,900,,,,0.9830572009086609,0.6564885377883911,0.05145261064171791,,,
3,901,,,,0.9815512299537659,0.6201550364494324,0.049213964492082596,,,
3,902,,,,0.9806099534034729,0.6023166179656982,0.051998089998960495,,,
3,903,,,,0.9811747074127197,0.6153846383094788,0.052892837673425674,,,
3,904,,,,0.9823042154312134,0.6240000128746033,0.05099419504404068,,,
3,905,,,,0.9809864163398743,0.6070038676261902,0.054309405386447906,,,
3,906,,,,0.9828689694404602,0.6224066615104675,0.050479087978601456,,,
3,907,,,,0.9855045080184937,0.7179487347602844,0.04291310906410217,,,
3,908,,,,0.9847515225410461,0.6823529601097107,0.0485963337123394,,,
3,909,,,,0.9794804453849792,0.5587044358253479,0.05587906390428543,,,
3,910,,,,0.9839984774589539,0.6743295192718506,0.05043165013194084,,,
3,911,,,,0.9819276928901672,0.6335877776145935,0.05122848600149155,,,
3,912,,,,0.9838102459907532,0.6791045069694519,0.043283961713314056,,,
3,913,,,,0.9804216623306274,0.5968992114067078,0.04796406626701355,,,
3,914,,,,0.9841867685317993,0.6842105388641357,0.04908721148967743,,,
3,915,,,,0.9807981848716736,0.607692301273346,0.05719892308115959,,,
3,916,,,,0.9826807379722595,0.640625,0.04677530378103256,,,
3,917,,,,0.9836220145225525,0.6666666865348816,0.048175811767578125,,,
3,918,,,,0.9830572009086609,0.6511628031730652,0.050761640071868896,,,
3,919,,,,0.9824924468994141,0.649056613445282,0.05290326476097107,,,
3,920,,,,0.9858810305595398,0.723247230052948,0.04560380056500435,,,
3,921,,,,0.9826807379722595,0.6377952694892883,0.04870813712477684,,,
3,922,,,,0.9841867685317993,0.6888889074325562,0.04529905319213867,,,
3,923,,,,0.9841867685317993,0.6744186282157898,0.04964121803641319,,,
3,924,,,,0.9821159839630127,0.6468401551246643,0.046460576355457306,,,
3,925,,,,0.9856927990913391,0.7185184955596924,0.04536975547671318,,,
3,926,,,,0.9838102459907532,0.6692307591438293,0.0496571883559227,,,
3,927,,,,0.9806099534034729,0.6113207340240479,0.050481393933296204,,,
3,928,,,,0.9839984774589539,0.6863468885421753,0.04514673352241516,,,
3,929,,,,0.9775978922843933,0.522088348865509,0.05997609719634056,,,
3,930,,,,0.983433723449707,0.6666666865348816,0.042179107666015625,,,
3,931,,,,0.9804216623306274,0.5968992114067078,0.05867990106344223,,,
3,932,,,,0.9817394614219666,0.63670414686203,0.05054276064038277,,,
3,933,,,,0.9819276928901672,0.625,0.04919253662228584,,,
3,934,,,,0.9809864163398743,0.6130267977714539,0.0527862049639225,,,
3,935,,,,0.9823042154312134,0.6240000128746033,0.055226974189281464,,,
3,936,,,,0.9819276928901672,0.6279069781303406,0.04702761396765709,,,
3,937,,,,0.9800451993942261,0.5859375,0.050485607236623764,,,
3,938,,,,0.9815512299537659,0.6016260385513306,0.04781919717788696,,,
3,939,,,,0.9809864163398743,0.5943775177001953,0.048225075006484985,,,
3,940,,,,0.9819276928901672,0.6279069781303406,0.05244613438844681,,,
3,941,,,,0.9809864163398743,0.6007905006408691,0.05281805619597435,,,
3,942,,,,0.9819276928901672,0.6335877776145935,0.047928307205438614,,,
3,943,,,,0.9791039228439331,0.5612648129463196,0.0525394082069397,,,
3,944,,,,0.9806099534034729,0.6053639650344849,0.05586843565106392,,,
3,945,,,,0.9811747074127197,0.609375,0.05764450132846832,,,
3,946,,,,0.9845632314682007,0.6846153736114502,0.04546532407402992,,,
3,947,,,,0.9824924468994141,0.623481810092926,0.05402461811900139,,,
3,948,,,,0.9828689694404602,0.6403161883354187,0.04949260875582695,,,
3,949,,,,0.9807981848716736,0.6136363744735718,0.049863457679748535,,,
3,950,,,,0.9819276928901672,0.6190476417541504,0.05557955056428909,,,
3,951,,,,0.9824924468994141,0.6516854166984558,0.05139335244894028,,,
3,952,,,,0.9817394614219666,0.6311787366867065,0.04837863892316818,,,
3,953,,,,0.9856927990913391,0.7304964661598206,0.04208888113498688,,,
3,954,,,,0.9819276928901672,0.641791045665741,0.051284339278936386,,,
3,955,,,,0.9811747074127197,0.6323529481887817,0.04982978105545044,,,
3,956,,,,0.9791039228439331,0.5747126340866089,0.05665728449821472,,,
3,957,,,,0.9802334308624268,0.5945945978164673,0.05321763828396797,,,
3,958,,,,0.984375,0.6959707140922546,0.04579830914735794,,,
3,959,,,,0.9824924468994141,0.6516854166984558,0.04544415697455406,,,
3,960,,,,0.9841867685317993,0.6842105388641357,0.0490824431180954,,,
3,961,,,,0.9813629388809204,0.6264150738716125,0.0528142973780632,,,
3,962,,,,0.9824924468994141,0.6436781883239746,0.05344608798623085,,,
3,963,,,,0.9832454919815063,0.6536964774131775,0.0469944141805172,,,
3,964,,,,0.9826807379722595,0.6488549709320068,0.0458950474858284,,,
3,965,,,,0.9789156913757324,0.5882353186607361,0.05685066059231758,,,
3,966,,,,0.9836220145225525,0.6881720423698425,0.04525544494390488,,,
3,967,,,,0.9826807379722595,0.6541353464126587,0.052572719752788544,,,
3,968,,,,0.9839984774589539,0.6666666865348816,0.047619834542274475,,,
3,969,,,,0.9832454919815063,0.6666666865348816,0.049669429659843445,,,
3,970,,,,0.9819276928901672,0.6390977501869202,0.0492519848048687,,,
3,971,,,,0.9826807379722595,0.6377952694892883,0.046209901571273804,,,
3,972,,,,0.9817394614219666,0.6254826188087463,0.052549347281455994,,,
3,973,,,,0.9804216623306274,0.6090225577354431,0.05390051007270813,,,
3,974,,,,0.9856927990913391,0.7076923251152039,0.04872953146696091,,,
3,975,,,,0.9807981848716736,0.5984252095222473,0.05441359803080559,,,
3,976,,,,0.9815512299537659,0.6259542107582092,0.05397890508174896,,,
3,977,,,,0.9815512299537659,0.6171875,0.05419032275676727,,,
3,978,,,,0.9832454919815063,0.661596953868866,0.04882089048624039,,,
3,979,,,,0.9821159839630127,0.6415094137191772,0.04919474944472313,,,
3,980,,,,0.9826807379722595,0.6349206566810608,0.04745234549045563,,,
3,981,,,,0.9841867685317993,0.6865671873092651,0.047866832464933395,,,
3,982,,,,0.9830572009086609,0.6590909361839294,0.050928693264722824,,,
3,983,,,,0.9807981848716736,0.604651153087616,0.052827395498752594,,,
3,984,,,,0.9845632314682007,0.6985294222831726,0.0437791645526886,,,
3,985,,,,0.9832454919815063,0.6590038537979126,0.05113045498728752,,,
3,986,,,,0.9823042154312134,0.6412213444709778,0.049301523715257645,,,
3,987,,,,0.9809864163398743,0.5976095795631409,0.05007101222872734,,,
3,988,,,,0.9819276928901672,0.6307692527770996,0.05028046667575836,,,
3,989,,,,0.9785391688346863,0.5681818127632141,0.05838434025645256,,,
3,990,,,,0.9815512299537659,0.6201550364494324,0.05456947907805443,,,
3,991,,,,0.9828689694404602,0.6617100238800049,0.04519768804311752,,,
3,992,,,,0.9817394614219666,0.63670414686203,0.0473506934940815,,,
3,993,,,,0.9806099534034729,0.5896414518356323,0.05508947744965553,,,
3,994,,,,0.9817394614219666,0.6311787366867065,0.04905961453914642,,,
3,995,,,,0.9832454919815063,0.661596953868866,0.049154140055179596,,,
3,996,,,,0.9815512299537659,0.6171875,0.05294960364699364,,,
3,997,,,,0.9826807379722595,0.6349206566810608,0.05252624303102493,,,
3,998,,,,0.9809864163398743,0.591093122959137,0.05581553280353546,,,
3,999,,,,0.9782355427742004,0.529411792755127,0.05963560566306114,,,
3,999,,,,,,,0.9819097518920898,0.6283812522888184,0.050941042602062225
4,1000,,,,0.9828689694404602,0.6431372761726379,0.04926089197397232,,,
4,1001,,,,0.9851279854774475,0.701886773109436,0.047851383686065674,,,
4,1002,,,,0.9826807379722595,0.6320000290870667,0.050775498151779175,,,
4,1003,,,,0.9836220145225525,0.6533864736557007,0.04402755945920944,,,
4,1004,,,,0.9871987700462341,0.7443609237670898,0.041377294808626175,,,
4,1005,,,,0.9851279854774475,0.6901960968971252,0.046160776168107986,,,
4,1006,,,,0.9838102459907532,0.6717557311058044,0.0455976165831089,,,
4,1007,,,,0.9832454919815063,0.661596953868866,0.05216072127223015,,,
4,1008,,,,0.9823042154312134,0.6299212574958801,0.052343644201755524,,,
4,1009,,,,0.9824924468994141,0.623481810092926,0.04768300801515579,,,
4,1010,,,,0.9830572009086609,0.6538461446762085,0.04846715182065964,,,
4,1011,,,,0.9830572009086609,0.6564885377883911,0.049166228622198105,,,
4,1012,,,,0.9836220145225525,0.6666666865348816,0.04824497923254967,,,
4,1013,,,,0.9838102459907532,0.6717557311058044,0.04710562527179718,,,
4,1014,,,,0.9813629388809204,0.6264150738716125,0.05269097536802292,,,
4,1015,,,,0.9821159839630127,0.6387832760810852,0.050814852118492126,,,
4,1016,,,,0.9856927990913391,0.7121211886405945,0.04325353354215622,,,
4,1017,,,,0.9789156913757324,0.5912408828735352,0.050355248153209686,,,
4,1018,,,,0.9824924468994141,0.6463878154754639,0.05080949515104294,,,
4,1019,,,,0.9845632314682007,0.689393937587738,0.04922393709421158,,,
4,1020,,,,0.9849397540092468,0.6969696879386902,0.04601214826107025,,,
4,1021,,,,0.9821159839630127,0.6441947817802429,0.051930125802755356,,,
4,1022,,,,0.9839984774589539,0.6909090876579285,0.04495789483189583,,,
4,1023,,,,0.9817394614219666,0.6166008114814758,0.04798014461994171,,,
4,1024,,,,0.9849397540092468,0.6969696879386902,0.04787618666887283,,,
4,1025,,,,0.9841867685317993,0.6818181872367859,0.04829109087586403,,,
4,1026,,,,0.9826807379722595,0.6461538672447205,0.05025642365217209,,,
4,1027,,,,0.9830572009086609,0.6590909361839294,0.045011237263679504,,,
4,1028,,,,0.9813629388809204,0.6292135119438171,0.05262727290391922,,,
4,1029,,,,0.9811747074127197,0.6240601539611816,0.05237642303109169,,,
4,1030,,,,0.9845632314682007,0.6870229244232178,0.04551946371793747,,,
4,1031,,,,0.9845632314682007,0.6962962746620178,0.04379868134856224,,,
4,1032,,,,0.9839984774589539,0.6909090876579285,0.04665178805589676,,,
4,1033,,,,0.9815512299537659,0.6343283653259277,0.053322941064834595,,,
4,1034,,,,0.9821159839630127,0.6332046389579773,0.05121050029993057,,,
4,1035,,,,0.984375,0.6819923520088196,0.0485030859708786,,,
4,1036,,,,0.9838102459907532,0.6692307591438293,0.04926644638180733,,,
4,1037,,,,0.9823042154312134,0.6299212574958801,0.05353902280330658,,,
4,1038,,,,0.9851279854774475,0.6996197700500488,0.046491507440805435,,,
4,1039,,,,0.9828689694404602,0.6486486196517944,0.04965876042842865,,,
4,1040,,,,0.9832454919815063,0.6691449880599976,0.049291886389255524,,,
4,1041,,,,0.9796686768531799,0.578125,0.05274941399693489,,,
4,1042,,,,0.9851279854774475,0.7063196897506714,0.044535521417856216,,,
4,1043,,,,0.9839984774589539,0.6743295192718506,0.04612632468342781,,,
4,1044,,,,0.9828689694404602,0.671480119228363,0.051219210028648376,,,
4,1045,,,,0.9828689694404602,0.6486486196517944,0.054269276559352875,,,
4,1046,,,,0.9811747074127197,0.6062992215156555,0.0492686927318573,,,
4,1047,,,,0.9819276928901672,0.6363636255264282,0.04437442496418953,,,
4,1048,,,,0.984375,0.6745098233222961,0.052121810615062714,,,
4,1049,,,,0.9813629388809204,0.6292135119438171,0.048730820417404175,,,
4,1050,,,,0.9828689694404602,0.6591760516166687,0.04636407643556595,,,
4,1051,,,,0.9823042154312134,0.6209677457809448,0.04745709151029587,,,
4,1052,,,,0.9862575531005859,0.7137255072593689,0.042397111654281616,,,
4,1053,,,,0.9836220145225525,0.6666666865348816,0.04880427569150925,,,
4,1054,,,,0.9819276928901672,0.6129032373428345,0.051870644092559814,,,
4,1055,,,,0.9849397540092468,0.6899224519729614,0.048167627304792404,,,
4,1056,,,,0.9800451993942261,0.5691056847572327,0.049731068313121796,,,
4,1057,,,,0.9839984774589539,0.6792452931404114,0.04896213114261627,,,
4,1058,,,,0.9804216623306274,0.5968992114067078,0.05660860985517502,,,
4,1059,,,,0.9839984774589539,0.6743295192718506,0.04906028136610985,,,
4,1060,,,,0.9821159839630127,0.6360152959823608,0.04754091426730156,,,
4,1061,,,,0.9828689694404602,0.6666666865348816,0.04490576311945915,,,
4,1062,,,,0.9823042154312134,0.6240000128746033,0.05136286839842796,,,
4,1063,,,,0.9813629388809204,0.6235741376876831,0.05187438800930977,,,
4,1064,,,,0.984375,0.6867924332618713,0.04577697068452835,,,
4,1065,,,,0.9813629388809204,0.6319702863693237,0.04702300578355789,,,
4,1066,,,,0.9839984774589539,0.6816479563713074,0.04675435274839401,,,
4,1067,,,,0.985316276550293,0.7111111283302307,0.04498627781867981,,,
4,1068,,,,0.9836220145225525,0.6741573214530945,0.04887372627854347,,,
4,1069,,,,0.9828689694404602,0.6642066240310669,0.04713427275419235,,,
4,1070,,,,0.9806099534034729,0.6023166179656982,0.04959322139620781,,,
4,1071,,,,0.9839984774589539,0.6840148568153381,0.053706131875514984,,,
4,1072,,,,0.9832454919815063,0.6454183459281921,0.05090818926692009,,,
4,1073,,,,0.9830572009086609,0.6590909361839294,0.05115686357021332,,,
4,1074,,,,0.9841867685317993,0.699999988079071,0.04281793534755707,,,
4,1075,,,,0.9828689694404602,0.6617100238800049,0.05208966135978699,,,
4,1076,,,,0.9817394614219666,0.6196078658103943,0.05204218998551369,,,
4,1077,,,,0.9832454919815063,0.6509804129600525,0.0481744147837162,,,
4,1078,,,,0.9868223071098328,0.7407407164573669,0.04268923029303551,,,
4,1079,,,,0.9811747074127197,0.6323529481887817,0.0502157062292099,,,
4,1080,,,,0.9813629388809204,0.6264150738716125,0.04982991889119148,,,
4,1081,,,,0.9849397540092468,0.7037037014961243,0.04747029393911362,,,
4,1082,,,,0.9838102459907532,0.6717557311058044,0.04930875822901726,,,
4,1083,,,,0.9826807379722595,0.6592592597007751,0.045923344790935516,,,
4,1084,,,,0.9841867685317993,0.6934306621551514,0.0459236279129982,,,
4,1085,,,,0.9813629388809204,0.6292135119438171,0.05351949855685234,,,
4,1086,,,,0.9811747074127197,0.6124030947685242,0.051262613385915756,,,
4,1087,,,,0.9856927990913391,0.7266187071800232,0.03812721371650696,,,
4,1088,,,,0.9800451993942261,0.6102941036224365,0.0506562814116478,,,
4,1089,,,,0.9802334308624268,0.6153846383094788,0.05101766064763069,,,
4,1090,,,,0.984375,0.6959707140922546,0.04720515385270119,,,
4,1091,,,,0.9815512299537659,0.6423357725143433,0.04443011060357094,,,
4,1092,,,,0.9855045080184937,0.7158671617507935,0.04673920199275017,,,
4,1093,,,,0.9841867685317993,0.6888889074325562,0.045217156410217285,,,
4,1094,,,,0.9792921543121338,0.5669291615486145,0.06084505841135979,,,
4,1095,,,,0.9824924468994141,0.6618182063102722,0.0483882836997509,,,
4,1096,,,,0.9830572009086609,0.6590909361839294,0.05217171832919121,,,
4,1097,,,,0.9821159839630127,0.6494464874267578,0.04743468388915062,,,
4,1098,,,,0.9817394614219666,0.6394051909446716,0.05256126448512077,,,
4,1099,,,,0.9819276928901672,0.6190476417541504,0.05447795242071152,,,
4,1100,,,,0.9804216623306274,0.6090225577354431,0.0541023425757885,,,
4,1101,,,,0.9839984774589539,0.6768060922622681,0.04967227578163147,,,
4,1102,,,,0.9847515225410461,0.6896551847457886,0.04226755350828171,,,
4,1103,,,,0.9849397540092468,0.7014925479888916,0.04665933549404144,,,
4,1104,,,,0.9811747074127197,0.609375,0.04997802525758743,,,
4,1105,,,,0.9841867685317993,0.6818181872367859,0.04482974857091904,,,
4,1106,,,,0.9849397540092468,0.694656491279602,0.043600715696811676,,,
4,1107,,,,0.9838102459907532,0.6666666865348816,0.04695317894220352,,,
4,1108,,,,0.9806099534034729,0.5960784554481506,0.050860852003097534,,,
4,1109,,,,0.9841867685317993,0.6744186282157898,0.0425739549100399,,,
4,1110,,,,0.9871987700462341,0.7481481432914734,0.03915513679385185,,,
4,1111,,,,0.9796686768531799,0.5714285969734192,0.0536622628569603,,,
4,1112,,,,0.9862575531005859,0.7245283126831055,0.04288357123732567,,,
4,1113,,,,0.9823042154312134,0.646616518497467,0.04459475725889206,,,
4,1114,,,,0.9830572009086609,0.6762589812278748,0.04626466706395149,,,
4,1115,,,,0.9839984774589539,0.6792452931404114,0.0448736771941185,,,
4,1116,,,,0.983433723449707,0.6764705777168274,0.04446025937795639,,,
4,1117,,,,0.9847515225410461,0.6872586607933044,0.04819053038954735,,,
4,1118,,,,0.9817394614219666,0.613545835018158,0.050568562000989914,,,
4,1119,,,,0.9828689694404602,0.6403161883354187,0.04915726184844971,,,
4,1120,,,,0.9791039228439331,0.5873606204986572,0.05371303856372833,,,
4,1121,,,,0.9821159839630127,0.6360152959823608,0.0491524301469326,,,
4,1122,,,,0.9824924468994141,0.6642599105834961,0.047538358718156815,,,
4,1123,,,,0.9855045080184937,0.725978672504425,0.04288647323846817,,,
4,1124,,,,0.9819276928901672,0.6390977501869202,0.04898020625114441,,,
4,1125,,,,0.983433723449707,0.6811594367027283,0.04614925757050514,,,
4,1126,,,,0.9823042154312134,0.6518518328666687,0.051413558423519135,,,
4,1127,,,,0.9823042154312134,0.6439393758773804,0.05433686822652817,,,
4,1128,,,,0.9841867685317993,0.6692913174629211,0.0453885979950428,,,
4,1129,,,,0.9800451993942261,0.60447758436203,0.05736904591321945,,,
4,1130,,,,0.9823042154312134,0.6412213444709778,0.05063268169760704,,,
4,1131,,,,0.9828689694404602,0.6566037535667419,0.04950963705778122,,,
4,1132,,,,0.9864457845687866,0.739130437374115,0.039402302354574203,,,
4,1133,,,,0.9824924468994141,0.6642599105834961,0.04590902850031853,,,
4,1134,,,,0.9845632314682007,0.7050359845161438,0.04691106453537941,,,
4,1135,,,,0.9838102459907532,0.6766917109489441,0.04917095601558685,,,
4,1136,,,,0.9813629388809204,0.6319702863693237,0.05024251341819763,,,
4,1137,,,,0.9824924468994141,0.654275119304657,0.05046980455517769,,,
4,1138,,,,0.9815512299537659,0.6315789222717285,0.05024230107665062,,,
4,1139,,,,0.9832454919815063,0.6715866923332214,0.05124054476618767,,,
4,1140,,,,0.9817394614219666,0.6225680708885193,0.051790039986371994,,,
4,1141,,,,0.9838102459907532,0.6791045069694519,0.04850102588534355,,,
4,1142,,,,0.9821159839630127,0.6360152959823608,0.04570494964718819,,,
4,1143,,,,0.9815512299537659,0.6141732335090637,0.05042451620101929,,,
4,1144,,,,0.9796686768531799,0.5748031735420227,0.05580177903175354,,,
4,1145,,,,0.985316276550293,0.6880000233650208,0.04762566462159157,,,
4,1146,,,,0.9819276928901672,0.6390977501869202,0.04561459645628929,,,
4,1147,,,,0.9807981848716736,0.5952380895614624,0.047517575323581696,,,
4,1148,,,,0.9823042154312134,0.6240000128746033,0.04893428087234497,,,
4,1149,,,,0.9836220145225525,0.6692014932632446,0.051815662533044815,,,
4,1150,,,,0.9813629388809204,0.6086956262588501,0.049720246344804764,,,
4,1151,,,,0.9815512299537659,0.6259542107582092,0.048548128455877304,,,
4,1152,,,,0.9819276928901672,0.6335877776145935,0.049170032143592834,,,
4,1153,,,,0.9806099534034729,0.6023166179656982,0.052695076912641525,,,
4,1154,,,,0.9817394614219666,0.6339622735977173,0.05067053064703941,,,
4,1155,,,,0.9821159839630127,0.6387832760810852,0.045825790613889694,,,
4,1156,,,,0.9811747074127197,0.6124030947685242,0.050517309457063675,,,
4,1157,,,,0.9821159839630127,0.6441947817802429,0.04786714166402817,,,
4,1158,,,,0.9796686768531799,0.5877862572669983,0.050269659608602524,,,
4,1159,,,,0.9830572009086609,0.6564885377883911,0.049110088497400284,,,
4,1160,,,,0.9823042154312134,0.646616518497467,0.04588191211223602,,,
4,1161,,,,0.9828689694404602,0.6591760516166687,0.048659276217222214,,,
4,1162,,,,0.9811747074127197,0.6212121248245239,0.050430070608854294,,,
4,1163,,,,0.9823042154312134,0.6328125,0.05446065962314606,,,
4,1164,,,,0.9821159839630127,0.6520146727561951,0.04713109880685806,,,
4,1165,,,,0.9830572009086609,0.6511628031730652,0.0540451854467392,,,
4,1166,,,,0.9813629388809204,0.6117647290229797,0.0496588870882988,,,
4,1167,,,,0.9824924468994141,0.6265060305595398,0.0494132898747921,,,
4,1168,,,,0.9849397540092468,0.6969696879386902,0.04761217534542084,,,
4,1169,,,,0.9836220145225525,0.6692014932632446,0.050067853182554245,,,
4,1170,,,,0.9845632314682007,0.689393937587738,0.04612591490149498,,,
4,1171,,,,0.9832454919815063,0.661596953868866,0.04593741148710251,,,
4,1172,,,,0.9811747074127197,0.609375,0.04966024309396744,,,
4,1173,,,,0.9838102459907532,0.6838235259056091,0.04185820743441582,,,
4,1174,,,,0.9836220145225525,0.661478579044342,0.04750005155801773,,,
4,1175,,,,0.9832454919815063,0.6590038537979126,0.052621029317379,,,
4,1176,,,,0.9804216623306274,0.6060606241226196,0.05775759369134903,,,
4,1177,,,,0.983433723449707,0.6740740537643433,0.042133625596761703,,,
4,1178,,,,0.9828689694404602,0.6285714507102966,0.052288029342889786,,,
4,1179,,,,0.9819276928901672,0.6390977501869202,0.04688389599323273,,,
4,1180,,,,0.9824924468994141,0.6593406796455383,0.046525828540325165,,,
4,1181,,,,0.9824924468994141,0.6516854166984558,0.04612145945429802,,,
4,1182,,,,0.9821159839630127,0.6494464874267578,0.04774369299411774,,,
4,1183,,,,0.9839984774589539,0.6886447072029114,0.04412013292312622,,,
4,1184,,,,0.9858810305595398,0.7252747416496277,0.04402177035808563,,,
4,1185,,,,0.9819276928901672,0.6190476417541504,0.053936559706926346,,,
4,1186,,,,0.9836220145225525,0.6741573214530945,0.049255724996328354,,,
4,1187,,,,0.9794804453849792,0.6064981818199158,0.054534491151571274,,,
4,1188,,,,0.9830572009086609,0.6484375,0.051204729825258255,,,
4,1189,,,,0.9815512299537659,0.6171875,0.04854859411716461,,,
4,1190,,,,0.9813629388809204,0.6292135119438171,0.047356121242046356,,,
4,1191,,,,0.9815512299537659,0.6343283653259277,0.048630718141794205,,,
4,1192,,,,0.9839984774589539,0.6666666865348816,0.046843212097883224,,,
4,1193,,,,0.9817394614219666,0.6254826188087463,0.05074632540345192,,,
4,1194,,,,0.9815512299537659,0.6230769157409668,0.050228703767061234,,,
4,1195,,,,0.9832454919815063,0.6509804129600525,0.053593482822179794,,,
4,1196,,,,0.9830572009086609,0.6739130616188049,0.04146846756339073,,,
4,1197,,,,0.9845632314682007,0.682170569896698,0.04665574058890343,,,
4,1198,,,,0.9796686768531799,0.5970149040222168,0.04932568967342377,,,
4,1199,,,,0.983433723449707,0.6641221642494202,0.04615497589111328,,,
4,1200,,,,0.9821159839630127,0.6494464874267578,0.05067519471049309,,,
4,1201,,,,0.9838102459907532,0.6791045069694519,0.0448886901140213,,,
4,1202,,,,0.9855045080184937,0.7049808502197266,0.044724300503730774,,,
4,1203,,,,0.9817394614219666,0.6225680708885193,0.04918847233057022,,,
4,1204,,,,0.9811747074127197,0.6296296119689941,0.04971004277467728,,,
4,1205,,,,0.9836220145225525,0.6741573214530945,0.0489763580262661,,,
4,1206,,,,0.984375,0.6914498209953308,0.04653015360236168,,,
4,1207,,,,0.984375,0.6981818079948425,0.04632989689707756,,,
4,1208,,,,0.9813629388809204,0.6346863508224487,0.044347133487463,,,
4,1209,,,,0.9815512299537659,0.6287878751754761,0.046646904200315475,,,
4,1210,,,,0.9804216623306274,0.614814817905426,0.05040205270051956,,,
4,1211,,,,0.9836220145225525,0.6716980934143066,0.0428251177072525,,,
4,1212,,,,0.9851279854774475,0.7063196897506714,0.0425022654235363,,,
4,1213,,,,0.9841867685317993,0.6769230961799622,0.04437112435698509,,,
4,1214,,,,0.9828689694404602,0.6566037535667419,0.04775111377239227,,,
4,1215,,,,0.9839984774589539,0.6743295192718506,0.04908217489719391,,,
4,1216,,,,0.9849397540092468,0.7037037014961243,0.04802106320858002,,,
4,1217,,,,0.9819276928901672,0.6335877776145935,0.05053447186946869,,,
4,1218,,,,0.9838102459907532,0.6640625,0.04907657206058502,,,
4,1219,,,,0.9839984774589539,0.6816479563713074,0.04126318171620369,,,
4,1220,,,,0.9824924468994141,0.6666666865348816,0.046950869262218475,,,
4,1221,,,,0.9823042154312134,0.6518518328666687,0.04799693822860718,,,
4,1222,,,,0.9851279854774475,0.704119861125946,0.044314995408058167,,,
4,1223,,,,0.9875752925872803,0.7591241002082825,0.03993574157357216,,,
4,1224,,,,0.9806099534034729,0.6023166179656982,0.051758673042058945,,,
4,1225,,,,0.9828689694404602,0.6486486196517944,0.04754030704498291,,,
4,1226,,,,0.9819276928901672,0.6307692527770996,0.05010983720421791,,,
4,1227,,,,0.9856927990913391,0.7099236845970154,0.03992701694369316,,,
4,1228,,,,0.9832454919815063,0.6715866923332214,0.05038248747587204,,,
4,1229,,,,0.9794804453849792,0.5823754668235779,0.05402890965342522,,,
4,1230,,,,0.983433723449707,0.6716417670249939,0.04563222825527191,,,
4,1231,,,,0.9826807379722595,0.6488549709320068,0.047659486532211304,,,
4,1232,,,,0.9855045080184937,0.7094339728355408,0.04241408780217171,,,
4,1233,,,,0.9821159839630127,0.6303501725196838,0.05031559616327286,,,
4,1234,,,,0.9817394614219666,0.6283524632453918,0.05270504951477051,,,
4,1235,,,,0.9830572009086609,0.6564885377883911,0.04528962820768356,,,
4,1236,,,,0.9811747074127197,0.6124030947685242,0.049153946340084076,,,
4,1237,,,,0.9804216623306274,0.6090225577354431,0.05273817107081413,,,
4,1238,,,,0.9836220145225525,0.6640926599502563,0.05031014606356621,,,
4,1239,,,,0.9819276928901672,0.6307692527770996,0.05065424367785454,,,
4,1240,,,,0.9809864163398743,0.6188679337501526,0.049782563000917435,,,
4,1241,,,,0.983433723449707,0.6691729426383972,0.0479724183678627,,,
4,1242,,,,0.9804216623306274,0.6000000238418579,0.04952113330364227,,,
4,1243,,,,0.9802334308624268,0.6067415475845337,0.04869319498538971,,,
4,1244,,,,0.984375,0.6914498209953308,0.047036536037921906,,,
4,1245,,,,0.9809864163398743,0.6007905006408691,0.04888210445642471,,,
4,1246,,,,0.9815512299537659,0.6201550364494324,0.05027475580573082,,,
4,1247,,,,0.9817394614219666,0.6339622735977173,0.047568269073963165,,,
4,1248,,,,0.983433723449707,0.6716417670249939,0.04557691514492035,,,
4,1249,,,,0.9848425984382629,0.6976743936538696,0.04427723586559296,,,
4,1249,,,,,,,0.9827538132667542,0.6502638459205627,0.048488251864910126
5,1250,,,,0.9832454919815063,0.6666666865348816,0.04657555744051933,,,
5,1251,,,,0.9839984774589539,0.6816479563713074,0.047379784286022186,,,
5,1252,,,,0.984375,0.6891385912895203,0.04334140941500664,,,
5,1253,,,,0.9826807379722595,0.6515151262283325,0.04545309394598007,,,
5,1254,,,,0.9806099534034729,0.5960784554481506,0.05031036213040352,,,
5,1255,,,,0.9804216623306274,0.5873016119003296,0.0511651486158371,,,
5,1256,,,,0.9836220145225525,0.6666666865348816,0.04654058441519737,,,
5,1257,,,,0.9821159839630127,0.6360152959823608,0.04770386591553688,,,
5,1258,,,,0.9819276928901672,0.6129032373428345,0.05037787929177284,,,
5,1259,,,,0.9830572009086609,0.6564885377883911,0.044948380440473557,,,
5,1260,,,,0.9830572009086609,0.6484375,0.04794818162918091,,,
5,1261,,,,0.9824924468994141,0.6324110627174377,0.048532046377658844,,,
5,1262,,,,0.9817394614219666,0.6394051909446716,0.05010988563299179,,,
5,1263,,,,0.9851279854774475,0.704119861125946,0.04742315411567688,,,
5,1264,,,,0.983433723449707,0.6666666865348816,0.04195602238178253,,,
5,1265,,,,0.9828689694404602,0.6666666865348816,0.044194839894771576,,,
5,1266,,,,0.9824924468994141,0.6463878154754639,0.04615963622927666,,,
5,1267,,,,0.9815512299537659,0.6315789222717285,0.05434994399547577,,,
5,1268,,,,0.9860692620277405,0.7238805890083313,0.04754221811890602,,,
5,1269,,,,0.983433723449707,0.6834532618522644,0.046949367970228195,,,
5,1270,,,,0.9821159839630127,0.6441947817802429,0.048742569983005524,,,
5,1271,,,,0.9839984774589539,0.6692606806755066,0.044901978224515915,,,
5,1272,,,,0.9821159839630127,0.6494464874267578,0.04843112453818321,,,
5,1273,,,,0.983433723449707,0.6834532618522644,0.043693799525499344,,,
5,1274,,,,0.9823042154312134,0.6439393758773804,0.05155382677912712,,,
5,1275,,,,0.9832454919815063,0.6590038537979126,0.04796570539474487,,,
5,1276,,,,0.9824924468994141,0.6593406796455383,0.045330826193094254,,,
5,1277,,,,0.9856927990913391,0.7226277589797974,0.041555747389793396,,,
5,1278,,,,0.9811747074127197,0.6240601539611816,0.05143245682120323,,,
5,1279,,,,0.9847515225410461,0.6966292262077332,0.05084976181387901,,,
5,1280,,,,0.9832454919815063,0.6536964774131775,0.04509316012263298,,,
5,1281,,,,0.9819276928901672,0.6279069781303406,0.045469339936971664,,,
5,1282,,,,0.9826807379722595,0.6541353464126587,0.04664371907711029,,,
5,1283,,,,0.984375,0.6867924332618713,0.046612489968538284,,,
5,1284,,,,0.9821159839630127,0.6387832760810852,0.051174137741327286,,,
5,1285,,,,0.9823042154312134,0.6518518328666687,0.04388868063688278,,,
5,1286,,,,0.9839984774589539,0.6863468885421753,0.04360300675034523,,,
5,1287,,,,0.9824924468994141,0.6516854166984558,0.04180483892560005,,,
5,1288,,,,0.9796686768531799,0.5909090638160706,0.05167511850595474,,,
5,1289,,,,0.9832454919815063,0.6641509532928467,0.04773079231381416,,,
5,1290,,,,0.9826807379722595,0.6567164063453674,0.04406103119254112,,,
5,1291,,,,0.9800451993942261,0.5923076868057251,0.052160490304231644,,,
5,1292,,,,0.9823042154312134,0.6384615302085876,0.05246485769748688,,,
5,1293,,,,0.9858810305595398,0.7272727489471436,0.042535919696092606,,,
5,1294,,,,0.9847515225410461,0.6988847851753235,0.04470746964216232,,,
5,1295,,,,0.9796686768531799,0.5939849615097046,0.05648891255259514,,,
5,1296,,,,0.9851279854774475,0.6973180174827576,0.04234049469232559,,,
5,1297,,,,0.9824924468994141,0.6324110627174377,0.05090068653225899,,,
5,1298,,,,0.9851279854774475,0.7084870934486389,0.04465675726532936,,,
5,1299,,,,0.9819276928901672,0.6470588445663452,0.048435818403959274,,,
5,1300,,,,0.9849397540092468,0.7014925479888916,0.04610850661993027,,,
5,1301,,,,0.9828689694404602,0.6666666865348816,0.042804066091775894,,,
5,1302,,,,0.9815512299537659,0.6287878751754761,0.04719843715429306,,,
5,1303,,,,0.9839984774589539,0.6743295192718506,0.04630491882562637,,,
5,1304,,,,0.983433723449707,0.6691729426383972,0.0477120615541935,,,
5,1305,,,,0.9826807379722595,0.6515151262283325,0.045670971274375916,,,
5,1306,,,,0.9828689694404602,0.6591760516166687,0.04892263934016228,,,
5,1307,,,,0.9839984774589539,0.6792452931404114,0.04565265774726868,,,
5,1308,,,,0.9836220145225525,0.6640926599502563,0.04779306426644325,,,
5,1309,,,,0.983433723449707,0.6691729426383972,0.04600239917635918,,,
5,1310,,,,0.985316276550293,0.7153284549713135,0.04060262069106102,,,
5,1311,,,,0.9847515225410461,0.6966292262077332,0.047011274844408035,,,
5,1312,,,,0.9858810305595398,0.7386759519577026,0.04327714815735817,,,
5,1313,,,,0.9860692620277405,0.7279411554336548,0.0404030904173851,,,
5,1314,,,,0.9847515225410461,0.7096773982048035,0.04927024990320206,,,
5,1315,,,,0.9851279854774475,0.7127272486686707,0.04245101660490036,,,
5,1316,,,,0.9836220145225525,0.6765799522399902,0.050308238714933395,,,
5,1317,,,,0.9838102459907532,0.6666666865348816,0.04543689265847206,,,
5,1318,,,,0.9809864163398743,0.6130267977714539,0.04956775903701782,,,
5,1319,,,,0.9807981848716736,0.6222222447395325,0.051518891006708145,,,
5,1320,,,,0.9856927990913391,0.7164179086685181,0.04384715110063553,,,
5,1321,,,,0.9828689694404602,0.6666666865348816,0.04159177094697952,,,
5,1322,,,,0.9838102459907532,0.6742424368858337,0.05085834115743637,,,
5,1323,,,,0.9838102459907532,0.6717557311058044,0.045870862901210785,,,
5,1324,,,,0.983433723449707,0.6716417670249939,0.044820208102464676,,,
5,1325,,,,0.9839984774589539,0.6863468885421753,0.04626729339361191,,,
5,1326,,,,0.9838102459907532,0.6884058117866516,0.04590817540884018,,,
5,1327,,,,0.9823042154312134,0.6492537260055542,0.04743795096874237,,,
5,1328,,,,0.9845632314682007,0.6940298676490784,0.04455055668950081,,,
5,1329,,,,0.984375,0.6795367002487183,0.04189516603946686,,,
5,1330,,,,0.9841867685317993,0.6793892979621887,0.04899442940950394,,,
5,1331,,,,0.9847515225410461,0.6920152306556702,0.040261343121528625,,,
5,1332,,,,0.985316276550293,0.7067669034004211,0.045694850385189056,,,
5,1333,,,,0.9804216623306274,0.5873016119003296,0.050445739179849625,,,
5,1334,,,,0.9866340160369873,0.7399267554283142,0.041794274002313614,,,
5,1335,,,,0.984375,0.6891385912895203,0.04332181066274643,,,
5,1336,,,,0.9819276928901672,0.6307692527770996,0.049549296498298645,,,
5,1337,,,,0.9813629388809204,0.6292135119438171,0.052382249385118484,,,
5,1338,,,,0.984375,0.6937269568443298,0.04451228305697441,,,
5,1339,,,,0.9819276928901672,0.6363636255264282,0.04777732118964195,,,
5,1340,,,,0.9855045080184937,0.7116104960441589,0.04338295757770538,,,
5,1341,,,,0.9807981848716736,0.6015625,0.053848326206207275,,,
5,1342,,,,0.9838102459907532,0.6838235259056091,0.04551706463098526,,,
5,1343,,,,0.9811747074127197,0.6350364685058594,0.0485449843108654,,,
5,1344,,,,0.9845632314682007,0.6746031641960144,0.0483616441488266,,,
5,1345,,,,0.9838102459907532,0.6838235259056091,0.04658018797636032,,,
5,1346,,,,0.9841867685317993,0.6744186282157898,0.04467330500483513,,,
5,1347,,,,0.9798569083213806,0.5992509126663208,0.053714025765657425,,,
5,1348,,,,0.9866340160369873,0.7455196976661682,0.041947148740291595,,,
5,1349,,,,0.9847515225410461,0.6943396329879761,0.04718898981809616,,,
5,1350,,,,0.983433723449707,0.6716417670249939,0.043685298413038254,,,
5,1351,,,,0.9824924468994141,0.6568265557289124,0.04856563359498978,,,
5,1352,,,,0.9838102459907532,0.6838235259056091,0.0463373139500618,,,
5,1353,,,,0.9851279854774475,0.7127272486686707,0.040524814277887344,,,
5,1354,,,,0.9849397540092468,0.7080292105674744,0.041410576552152634,,,
5,1355,,,,0.9858810305595398,0.7272727489471436,0.04047606885433197,,,
5,1356,,,,0.9830572009086609,0.6666666865348816,0.04657268524169922,,,
5,1357,,,,0.9800451993942261,0.6074073910713196,0.0515807643532753,,,
5,1358,,,,0.9817394614219666,0.6254826188087463,0.0557684488594532,,,
5,1359,,,,0.9819276928901672,0.6496350169181824,0.045715298503637314,,,
5,1360,,,,0.9855045080184937,0.7179487347602844,0.04248921200633049,,,
5,1361,,,,0.9839984774589539,0.6931408047676086,0.04512980952858925,,,
5,1362,,,,0.9839984774589539,0.6816479563713074,0.043665602803230286,,,
5,1363,,,,0.9830572009086609,0.6641790866851807,0.04616239294409752,,,
5,1364,,,,0.9804216623306274,0.614814817905426,0.05726761370897293,,,
5,1365,,,,0.9832454919815063,0.6454183459281921,0.04675672575831413,,,
5,1366,,,,0.9824924468994141,0.649056613445282,0.04869820922613144,,,
5,1367,,,,0.9832454919815063,0.6536964774131775,0.048725854605436325,,,
5,1368,,,,0.9836220145225525,0.6813187003135681,0.04647256061434746,,,
5,1369,,,,0.983433723449707,0.6834532618522644,0.0439985916018486,,,
5,1370,,,,0.9802334308624268,0.6067415475845337,0.05277024582028389,,,
5,1371,,,,0.983433723449707,0.6834532618522644,0.04365767538547516,,,
5,1372,,,,0.9860692620277405,0.7259259223937988,0.04201244190335274,,,
5,1373,,,,0.9828689694404602,0.6591760516166687,0.048415981233119965,,,
5,1374,,,,0.983433723449707,0.6764705777168274,0.04947103187441826,,,
5,1375,,,,0.9851279854774475,0.7084870934486389,0.04495496302843094,,,
5,1376,,,,0.9836220145225525,0.6741573214530945,0.046852607280015945,,,
5,1377,,,,0.9804216623306274,0.5968992114067078,0.05015402287244797,,,
5,1378,,,,0.983433723449707,0.6716417670249939,0.04464982822537422,,,
5,1379,,,,0.984375,0.6937269568443298,0.04303855448961258,,,
5,1380,,,,0.9856927990913391,0.7099236845970154,0.043110284954309464,,,
5,1381,,,,0.9855045080184937,0.7179487347602844,0.03871253505349159,,,
5,1382,,,,0.9836220145225525,0.6765799522399902,0.04758676886558533,,,
5,1383,,,,0.9847515225410461,0.7054545283317566,0.039046838879585266,,,
5,1384,,,,0.9832454919815063,0.6739926934242249,0.041933801025152206,,,
5,1385,,,,0.9839984774589539,0.6840148568153381,0.04608262702822685,,,
5,1386,,,,0.9821159839630127,0.6520146727561951,0.047112543135881424,,,
5,1387,,,,0.9802334308624268,0.6037735939025879,0.050086066126823425,,,
5,1388,,,,0.9845632314682007,0.6917293071746826,0.04423793405294418,,,
5,1389,,,,0.9828689694404602,0.6642066240310669,0.04834280535578728,,,
5,1390,,,,0.9836220145225525,0.6836363673210144,0.04521302506327629,,,
5,1391,,,,0.9828689694404602,0.6513410210609436,0.048018813133239746,,,
5,1392,,,,0.9826807379722595,0.6617646813392639,0.0465967133641243,,,
5,1393,,,,0.9826807379722595,0.6488549709320068,0.049199894070625305,,,
5,1394,,,,0.9864457845687866,0.7272727489471436,0.04180128499865532,,,
5,1395,,,,0.9858810305595398,0.7272727489471436,0.04554574564099312,,,
5,1396,,,,0.9851279854774475,0.7084870934486389,0.03927348926663399,,,
5,1397,,,,0.984375,0.6867924332618713,0.04564393684267998,,,
5,1398,,,,0.985316276550293,0.7067669034004211,0.0444975383579731,,,
5,1399,,,,0.984375,0.6795367002487183,0.04556741192936897,,,
5,1400,,,,0.9845632314682007,0.7071428298950195,0.04610906168818474,,,
5,1401,,,,0.9841867685317993,0.6911764740943909,0.04644058272242546,,,
5,1402,,,,0.9845632314682007,0.6962962746620178,0.049397729337215424,,,
5,1403,,,,0.983433723449707,0.6834532618522644,0.05064553767442703,,,
5,1404,,,,0.9845632314682007,0.6846153736114502,0.04452212154865265,,,
5,1405,,,,0.9817394614219666,0.6283524632453918,0.05053414776921272,,,
5,1406,,,,0.9828689694404602,0.6591760516166687,0.0489913746714592,,,
5,1407,,,,0.9823042154312134,0.654411792755127,0.04610566422343254,,,
5,1408,,,,0.9830572009086609,0.6666666865348816,0.04199327155947685,,,
5,1409,,,,0.9845632314682007,0.689393937587738,0.044274602085351944,,,
5,1410,,,,0.9824924468994141,0.6516854166984558,0.04767170175909996,,,
5,1411,,,,0.9828689694404602,0.6539924144744873,0.04774150252342224,,,
5,1412,,,,0.9817394614219666,0.6446886658668518,0.048504821956157684,,,
5,1413,,,,0.9823042154312134,0.6412213444709778,0.04744089022278786,,,
5,1414,,,,0.9802334308624268,0.6037735939025879,0.049317508935928345,,,
5,1415,,,,0.9823042154312134,0.654411792755127,0.04642100632190704,,,
5,1416,,,,0.9851279854774475,0.7106227278709412,0.042350273579359055,,,
5,1417,,,,0.9847515225410461,0.6966292262077332,0.04219760745763779,,,
5,1418,,,,0.9821159839630127,0.6468401551246643,0.051058124750852585,,,
5,1419,,,,0.9847515225410461,0.6943396329879761,0.04358730465173721,,,
5,1420,,,,0.9838102459907532,0.6742424368858337,0.04667207971215248,,,
5,1421,,,,0.9841867685317993,0.6865671873092651,0.04095315933227539,,,
5,1422,,,,0.9809864163398743,0.6070038676261902,0.04947783425450325,,,
5,1423,,,,0.9802334308624268,0.6037735939025879,0.05360964313149452,,,
5,1424,,,,0.9832454919815063,0.6590038537979126,0.048525527119636536,,,
5,1425,,,,0.9855045080184937,0.7158671617507935,0.041848596185445786,,,
5,1426,,,,0.983433723449707,0.6716417670249939,0.05070405825972557,,,
5,1427,,,,0.985316276550293,0.7045454382896423,0.03929049149155617,,,
5,1428,,,,0.9851279854774475,0.6973180174827576,0.04627508670091629,,,
5,1429,,,,0.9832454919815063,0.6691449880599976,0.04855971410870552,,,
5,1430,,,,0.9819276928901672,0.641791045665741,0.05218402296304703,,,
5,1431,,,,0.9870105385780334,0.7526881694793701,0.04420946538448334,,,
5,1432,,,,0.9838102459907532,0.6814814805984497,0.04436272010207176,,,
5,1433,,,,0.9824924468994141,0.6642599105834961,0.0458875373005867,,,
5,1434,,,,0.9830572009086609,0.6641790866851807,0.05086365342140198,,,
5,1435,,,,0.9858810305595398,0.7330960631370544,0.04369810223579407,,,
5,1436,,,,0.9826807379722595,0.6567164063453674,0.04844890534877777,,,
5,1437,,,,0.9817394614219666,0.6498194932937622,0.048766203224658966,,,
5,1438,,,,0.984375,0.6891385912895203,0.04419788345694542,,,
5,1439,,,,0.9832454919815063,0.6715866923332214,0.0478249192237854,,,
5,1440,,,,0.9866340160369873,0.7473309636116028,0.0399746298789978,,,
5,1441,,,,0.9815512299537659,0.6315789222717285,0.04771621897816658,,,
5,1442,,,,0.983433723449707,0.6788321137428284,0.04033192619681358,,,
5,1443,,,,0.9826807379722595,0.6666666865348816,0.04453328996896744,,,
5,1444,,,,0.9862575531005859,0.7306272983551025,0.04091654345393181,,,
5,1445,,,,0.9849397540092468,0.6969696879386902,0.04659571126103401,,,
5,1446,,,,0.9836220145225525,0.6836363673210144,0.04367528483271599,,,
5,1447,,,,0.9841867685317993,0.6769230961799622,0.045297395437955856,,,
5,1448,,,,0.9838102459907532,0.6640625,0.047685761004686356,,,
5,1449,,,,0.9821159839630127,0.6415094137191772,0.046399086713790894,,,
5,1450,,,,0.9830572009086609,0.6616541147232056,0.04642386734485626,,,
5,1451,,,,0.9811747074127197,0.6183205842971802,0.05041952431201935,,,
5,1452,,,,0.985316276550293,0.7045454382896423,0.04342802241444588,,,
5,1453,,,,0.9821159839630127,0.6303501725196838,0.052571140229701996,,,
5,1454,,,,0.9832454919815063,0.6509804129600525,0.04639985412359238,,,
5,1455,,,,0.9851279854774475,0.6996197700500488,0.042759042233228683,,,
5,1456,,,,0.9845632314682007,0.6917293071746826,0.045452557504177094,,,
5,1457,,,,0.9839984774589539,0.6886447072029114,0.042636558413505554,,,
5,1458,,,,0.9811747074127197,0.6062992215156555,0.04948219284415245,,,
5,1459,,,,0.9836220145225525,0.661478579044342,0.05018388107419014,,,
5,1460,,,,0.9864457845687866,0.739130437374115,0.04156435281038284,,,
5,1461,,,,0.9830572009086609,0.6616541147232056,0.046699028462171555,,,
5,1462,,,,0.9806099534034729,0.5992217659950256,0.05151890963315964,,,
5,1463,,,,0.984375,0.6937269568443298,0.04003462940454483,,,
5,1464,,,,0.9847515225410461,0.6920152306556702,0.048098571598529816,,,
5,1465,,,,0.9845632314682007,0.689393937587738,0.04421260952949524,,,
5,1466,,,,0.9807981848716736,0.61654132604599,0.05096037685871124,,,
5,1467,,,,0.9817394614219666,0.6394051909446716,0.05003022402524948,,,
5,1468,,,,0.9838102459907532,0.6666666865348816,0.044225916266441345,,,
5,1469,,,,0.9813629388809204,0.6292135119438171,0.048521384596824646,,,
5,1470,,,,0.983433723449707,0.6811594367027283,0.042281217873096466,,,
5,1471,,,,0.983433723449707,0.6740740537643433,0.04692995548248291,,,
5,1472,,,,0.9847515225410461,0.6872586607933044,0.046525001525878906,,,
5,1473,,,,0.9847515225410461,0.6896551847457886,0.04218309372663498,,,
5,1474,,,,0.9813629388809204,0.6399999856948853,0.0492795892059803,,,
5,1475,,,,0.9832454919815063,0.6691449880599976,0.046019844710826874,,,
5,1476,,,,0.9824924468994141,0.6409266591072083,0.048147428780794144,,,
5,1477,,,,0.9847515225410461,0.7117437720298767,0.043173570185899734,,,
5,1478,,,,0.984375,0.6867924332618713,0.04135391488671303,,,
5,1479,,,,0.9828689694404602,0.6539924144744873,0.04760650545358658,,,
5,1480,,,,0.9856927990913391,0.7164179086685181,0.04398221895098686,,,
5,1481,,,,0.983433723449707,0.6834532618522644,0.045360200107097626,,,
5,1482,,,,0.9860692620277405,0.7279411554336548,0.04155590385198593,,,
5,1483,,,,0.9841867685317993,0.6911764740943909,0.04378928989171982,,,
5,1484,,,,0.9821159839630127,0.6360152959823608,0.045468639582395554,,,
5,1485,,,,0.9813629388809204,0.6206896305084229,0.048279937356710434,,,
5,1486,,,,0.9832454919815063,0.661596953868866,0.04510178416967392,,,
5,1487,,,,0.9813629388809204,0.6373626589775085,0.05006200075149536,,,
5,1488,,,,0.9817394614219666,0.6394051909446716,0.0462227500975132,,,
5,1489,,,,0.9838102459907532,0.6814814805984497,0.04518664628267288,,,
5,1490,,,,0.9847515225410461,0.7011070251464844,0.04276129603385925,,,
5,1491,,,,0.9845632314682007,0.6985294222831726,0.049675412476062775,,,
5,1492,,,,0.9830572009086609,0.6785714030265808,0.045914724469184875,,,
5,1493,,,,0.9849397540092468,0.6969696879386902,0.04365958645939827,,,
5,1494,,,,0.9824924468994141,0.654275119304657,0.045007169246673584,,,
5,1495,,,,0.9864457845687866,0.7428571581840515,0.044171079993247986,,,
5,1496,,,,0.9841867685317993,0.6911764740943909,0.044188812375068665,,,
5,1497,,,,0.9845632314682007,0.7050359845161438,0.04062637686729431,,,
5,1498,,,,0.9851279854774475,0.7127272486686707,0.04098522663116455,,,
5,1499,,,,0.9877575039863586,0.7692307829856873,0.03685172647237778,,,
5,1499,,,,,,,0.9831517338752747,0.6713228821754456,0.047059521079063416
6,1500,,,,0.9823042154312134,0.6518518328666687,0.04648616909980774,,,
6,1501,,,,0.983433723449707,0.6788321137428284,0.04678550362586975,,,
6,1502,,,,0.9839984774589539,0.6840148568153381,0.0441729798913002,,,
6,1503,,,,0.9845632314682007,0.7071428298950195,0.049558673053979874,,,
6,1504,,,,0.9864457845687866,0.7293233275413513,0.041931942105293274,,,
6,1505,,,,0.9815512299537659,0.6397058963775635,0.047294314950704575,,,
6,1506,,,,0.9828689694404602,0.6666666865348816,0.05123228579759598,,,
6,1507,,,,0.9847515225410461,0.7054545283317566,0.04416143521666527,,,
6,1508,,,,0.9870105385780334,0.7453874349594116,0.038905996829271317,,,
6,1509,,,,0.9807981848716736,0.6194030046463013,0.05224844813346863,,,
6,1510,,,,0.9838102459907532,0.6814814805984497,0.044970691204071045,,,
6,1511,,,,0.9858810305595398,0.7311828136444092,0.04237378388643265,,,
6,1512,,,,0.983433723449707,0.6764705777168274,0.04444664344191551,,,
6,1513,,,,0.9847515225410461,0.7032967209815979,0.04028012976050377,,,
6,1514,,,,0.9828689694404602,0.6666666865348816,0.04341665655374527,,,
6,1515,,,,0.9824924468994141,0.654275119304657,0.04740651324391365,,,
6,1516,,,,0.9826807379722595,0.6592592597007751,0.04647700488567352,,,
6,1517,,,,0.9830572009086609,0.6564885377883911,0.044422343373298645,,,
6,1518,,,,0.9870105385780334,0.731517493724823,0.043931927531957626,,,
6,1519,,,,0.9855045080184937,0.7279151678085327,0.041262153536081314,,,
6,1520,,,,0.9847515225410461,0.7054545283317566,0.04248081147670746,,,
6,1521,,,,0.9815512299537659,0.6397058963775635,0.047106966376304626,,,
6,1522,,,,0.9860692620277405,0.7196969985961914,0.04085138067603111,,,
6,1523,,,,0.9836220145225525,0.6741573214530945,0.0424792654812336,,,
6,1524,,,,0.9824924468994141,0.6463878154754639,0.048653677105903625,,,
6,1525,,,,0.9838102459907532,0.6791045069694519,0.048828043043613434,,,
6,1526,,,,0.9836220145225525,0.678966760635376,0.04609563201665878,,,
6,1527,,,,0.983433723449707,0.6691729426383972,0.044630277901887894,,,
6,1528,,,,0.9832454919815063,0.6509804129600525,0.044244639575481415,,,
6,1529,,,,0.9823042154312134,0.646616518497467,0.050433672964572906,,,
6,1530,,,,0.9845632314682007,0.6962962746620178,0.04449186846613884,,,
6,1531,,,,0.9864457845687866,0.739130437374115,0.03792133554816246,,,
6,1532,,,,0.9847515225410461,0.6920152306556702,0.04576975479722023,,,
6,1533,,,,0.9830572009086609,0.6691176295280457,0.0425790473818779,,,
6,1534,,,,0.9813629388809204,0.6206896305084229,0.05141628533601761,,,
6,1535,,,,0.9821159839630127,0.6441947817802429,0.046719931066036224,,,
6,1536,,,,0.9792921543121338,0.5925925970077515,0.049557771533727646,,,
6,1537,,,,0.9828689694404602,0.6539924144744873,0.05013587325811386,,,
6,1538,,,,0.9830572009086609,0.6739130616188049,0.037570130079984665,,,
6,1539,,,,0.9841867685317993,0.6911764740943909,0.0413106344640255,,,
6,1540,,,,0.9870105385780334,0.7396226525306702,0.040769223123788834,,,
6,1541,,,,0.9838102459907532,0.6791045069694519,0.04754671826958656,,,
6,1542,,,,0.9851279854774475,0.7084870934486389,0.04417233541607857,,,
6,1543,,,,0.9836220145225525,0.6666666865348816,0.043915051966905594,,,
6,1544,,,,0.9819276928901672,0.644444465637207,0.04516759514808655,,,
6,1545,,,,0.9813629388809204,0.6177605986595154,0.05320480465888977,,,
6,1546,,,,0.9849397540092468,0.7037037014961243,0.04289589449763298,,,
6,1547,,,,0.9832454919815063,0.6715866923332214,0.04909348115324974,,,
6,1548,,,,0.9828689694404602,0.6486486196517944,0.045891523361206055,,,
6,1549,,,,0.9826807379722595,0.6592592597007751,0.04413614794611931,,,
6,1550,,,,0.9847515225410461,0.7011070251464844,0.04065272584557533,,,
6,1551,,,,0.983433723449707,0.6666666865348816,0.04333769902586937,,,
6,1552,,,,0.9877635836601257,0.7670251131057739,0.03778576850891113,,,
6,1553,,,,0.9819276928901672,0.6496350169181824,0.04717786982655525,,,
6,1554,,,,0.9836220145225525,0.678966760635376,0.04291551932692528,,,
6,1555,,,,0.9855045080184937,0.7094339728355408,0.048288945108652115,,,
6,1556,,,,0.9839984774589539,0.6792452931404114,0.04452526569366455,,,
6,1557,,,,0.9836220145225525,0.6741573214530945,0.05259103327989578,,,
6,1558,,,,0.985316276550293,0.7067669034004211,0.0405963771045208,,,
6,1559,,,,0.9845632314682007,0.6962962746620178,0.04516427218914032,,,
6,1560,,,,0.9860692620277405,0.7299270033836365,0.03920136019587517,,,
6,1561,,,,0.9864457845687866,0.739130437374115,0.04094209149479866,,,
6,1562,,,,0.985316276550293,0.7153284549713135,0.04091197997331619,,,
6,1563,,,,0.9828689694404602,0.6539924144744873,0.04847282916307449,,,
6,1564,,,,0.9809864163398743,0.6188679337501526,0.05149397999048233,,,
6,1565,,,,0.9862575531005859,0.7345454692840576,0.04216068238019943,,,
6,1566,,,,0.9838102459907532,0.6814814805984497,0.0450894832611084,,,
6,1567,,,,0.9830572009086609,0.6691176295280457,0.04686685651540756,,,
6,1568,,,,0.9838102459907532,0.6814814805984497,0.04596816748380661,,,
6,1569,,,,0.9849397540092468,0.7058823704719543,0.04477224871516228,,,
6,1570,,,,0.9824924468994141,0.6568265557289124,0.04593166336417198,,,
6,1571,,,,0.9832454919815063,0.661596953868866,0.04577005282044411,,,
6,1572,,,,0.9847515225410461,0.6920152306556702,0.04233738034963608,,,
6,1573,,,,0.984375,0.6891385912895203,0.04109973460435867,,,
6,1574,,,,0.9832454919815063,0.6666666865348816,0.04952988773584366,,,
6,1575,,,,0.9839984774589539,0.6909090876579285,0.04283624514937401,,,
6,1576,,,,0.9815512299537659,0.6230769157409668,0.04624243453145027,,,
6,1577,,,,0.9860692620277405,0.7318840622901917,0.04306202009320259,,,
6,1578,,,,0.9856927990913391,0.720588207244873,0.037159450352191925,,,
6,1579,,,,0.9824924468994141,0.6463878154754639,0.046048641204833984,,,
6,1580,,,,0.9845632314682007,0.7050359845161438,0.041355863213539124,,,
6,1581,,,,0.9862575531005859,0.732600748538971,0.04241972044110298,,,
6,1582,,,,0.9838102459907532,0.6692307591438293,0.0479549765586853,,,
6,1583,,,,0.9821159839630127,0.6332046389579773,0.052176542580127716,,,
6,1584,,,,0.9819276928901672,0.6470588445663452,0.045122627168893814,,,
6,1585,,,,0.9841867685317993,0.6911764740943909,0.04159186780452728,,,
6,1586,,,,0.9855045080184937,0.7116104960441589,0.04574451595544815,,,
6,1587,,,,0.9851279854774475,0.704119861125946,0.042602188885211945,,,
6,1588,,,,0.9838102459907532,0.6766917109489441,0.044183872640132904,,,
6,1589,,,,0.9826807379722595,0.6617646813392639,0.04199252650141716,,,
6,1590,,,,0.9864457845687866,0.7333333492279053,0.042122092097997665,,,
6,1591,,,,0.9823042154312134,0.6328125,0.04998428747057915,,,
6,1592,,,,0.984375,0.6891385912895203,0.04445115476846695,,,
6,1593,,,,0.9811747074127197,0.6124030947685242,0.04952156916260719,,,
6,1594,,,,0.9830572009086609,0.6715328693389893,0.04321601986885071,,,
6,1595,,,,0.983433723449707,0.6764705777168274,0.042973775416612625,,,
6,1596,,,,0.9815512299537659,0.6370370388031006,0.05229915305972099,,,
6,1597,,,,0.9839984774589539,0.6816479563713074,0.0453413724899292,,,
6,1598,,,,0.9866340160369873,0.743682324886322,0.03927432745695114,,,
6,1599,,,,0.9864457845687866,0.739130437374115,0.038447413593530655,,,
6,1600,,,,0.983433723449707,0.6740740537643433,0.042410291731357574,,,
6,1601,,,,0.9888930916786194,0.7915194630622864,0.034248217940330505,,,
6,1602,,,,0.9826807379722595,0.6541353464126587,0.051197852939367294,,,
6,1603,,,,0.9828689694404602,0.6617100238800049,0.04095593839883804,,,
6,1604,,,,0.9858810305595398,0.723247230052948,0.041132524609565735,,,
6,1605,,,,0.983433723449707,0.6901408433914185,0.043583907186985016,,,
6,1606,,,,0.9821159839630127,0.6520146727561951,0.04763168841600418,,,
6,1607,,,,0.9838102459907532,0.695035457611084,0.042898617684841156,,,
6,1608,,,,0.9860692620277405,0.7357142567634583,0.04386446252465248,,,
6,1609,,,,0.9819276928901672,0.6279069781303406,0.055811475962400436,,,
6,1610,,,,0.9826807379722595,0.6666666865348816,0.04578502103686333,,,
6,1611,,,,0.9849397540092468,0.7058823704719543,0.04235652834177017,,,
6,1612,,,,0.985316276550293,0.7111111283302307,0.04445962235331535,,,
6,1613,,,,0.9858810305595398,0.7311828136444092,0.04496457800269127,,,
6,1614,,,,0.9873870611190796,0.7632508873939514,0.03832666575908661,,,
6,1615,,,,0.9851279854774475,0.6996197700500488,0.046788763254880905,,,
6,1616,,,,0.9832454919815063,0.6715866923332214,0.04442534223198891,,,
6,1617,,,,0.9845632314682007,0.7028985619544983,0.041970279067754745,,,
6,1618,,,,0.9870105385780334,0.7415730357170105,0.04467485472559929,,,
6,1619,,,,0.9862575531005859,0.7420494556427002,0.03833489120006561,,,
6,1620,,,,0.9839984774589539,0.6863468885421753,0.04199487343430519,,,
6,1621,,,,0.9824924468994141,0.649056613445282,0.05095070227980614,,,
6,1622,,,,0.9839984774589539,0.6909090876579285,0.04225974157452583,,,
6,1623,,,,0.9845632314682007,0.7071428298950195,0.041554346680641174,,,
6,1624,,,,0.9860692620277405,0.7299270033836365,0.04373142868280411,,,
6,1625,,,,0.9824924468994141,0.654275119304657,0.052476365119218826,,,
6,1626,,,,0.9856927990913391,0.7226277589797974,0.03582948073744774,,,
6,1627,,,,0.9832454919815063,0.6563706398010254,0.04731091856956482,,,
6,1628,,,,0.9838102459907532,0.6814814805984497,0.046109698712825775,,,
6,1629,,,,0.9849397540092468,0.7037037014961243,0.045036014169454575,,,
6,1630,,,,0.9851279854774475,0.704119861125946,0.037455614656209946,,,
6,1631,,,,0.9832454919815063,0.661596953868866,0.047751907259225845,,,
6,1632,,,,0.9860692620277405,0.7259259223937988,0.04180685803294182,,,
6,1633,,,,0.9860692620277405,0.7338129281997681,0.04112499579787254,,,
6,1634,,,,0.9839984774589539,0.6816479563713074,0.046870723366737366,,,
6,1635,,,,0.9817394614219666,0.6420664191246033,0.0524766743183136,,,
6,1636,,,,0.9832454919815063,0.6715866923332214,0.048385463654994965,,,
6,1637,,,,0.9841867685317993,0.6793892979621887,0.0465870127081871,,,
6,1638,,,,0.9838102459907532,0.6884058117866516,0.04173427075147629,,,
6,1639,,,,0.9870105385780334,0.7526881694793701,0.04004445672035217,,,
6,1640,,,,0.9849397540092468,0.692307710647583,0.04275507107377052,,,
6,1641,,,,0.9807981848716736,0.6382978558540344,0.05297519266605377,,,
6,1642,,,,0.9811747074127197,0.6212121248245239,0.04501230642199516,,,
6,1643,,,,0.9851279854774475,0.7127272486686707,0.04171859472990036,,,
6,1644,,,,0.9849397540092468,0.7101449370384216,0.042094357311725616,,,
6,1645,,,,0.9824924468994141,0.6516854166984558,0.04755257070064545,,,
6,1646,,,,0.9836220145225525,0.6836363673210144,0.04019927605986595,,,
6,1647,,,,0.9821159839630127,0.6594982147216797,0.04646006226539612,,,
6,1648,,,,0.9828689694404602,0.6566037535667419,0.04573841392993927,,,
6,1649,,,,0.9821159839630127,0.6415094137191772,0.04282044991850853,,,
6,1650,,,,0.9809864163398743,0.6100386381149292,0.05202946811914444,,,
6,1651,,,,0.9832454919815063,0.661596953868866,0.04575694352388382,,,
6,1652,,,,0.9839984774589539,0.6840148568153381,0.04988239333033562,,,
6,1653,,,,0.9821159839630127,0.6245059370994568,0.04810228943824768,,,
6,1654,,,,0.9849397540092468,0.6992481350898743,0.04422155022621155,,,
6,1655,,,,0.9819276928901672,0.6307692527770996,0.05251709744334221,,,
6,1656,,,,0.9836220145225525,0.6666666865348816,0.041918862611055374,,,
6,1657,,,,0.9845632314682007,0.6917293071746826,0.043225329369306564,,,
6,1658,,,,0.9830572009086609,0.6590909361839294,0.043617136776447296,,,
6,1659,,,,0.9841867685317993,0.6744186282157898,0.049091704189777374,,,
6,1660,,,,0.9826807379722595,0.6541353464126587,0.04959112033247948,,,
6,1661,,,,0.9809864163398743,0.6273062825202942,0.04875419661402702,,,
6,1662,,,,0.9828689694404602,0.6642066240310669,0.04460355266928673,,,
6,1663,,,,0.9847515225410461,0.7011070251464844,0.04324420914053917,,,
6,1664,,,,0.984375,0.6959707140922546,0.04181797057390213,,,
6,1665,,,,0.9830572009086609,0.6739130616188049,0.041233502328395844,,,
6,1666,,,,0.9826807379722595,0.6592592597007751,0.04683978483080864,,,
6,1667,,,,0.9841867685317993,0.6978417038917542,0.04131382331252098,,,
6,1668,,,,0.9832454919815063,0.6715866923332214,0.04677081108093262,,,
6,1669,,,,0.9858810305595398,0.7272727489471436,0.04193282127380371,,,
6,1670,,,,0.984375,0.7025089859962463,0.04637453332543373,,,
6,1671,,,,0.9855045080184937,0.7200000286102295,0.04444617033004761,,,
6,1672,,,,0.983433723449707,0.6716417670249939,0.04859738424420357,,,
6,1673,,,,0.9828689694404602,0.6539924144744873,0.05326444283127785,,,
6,1674,,,,0.9838102459907532,0.6838235259056091,0.04639450088143349,,,
6,1675,,,,0.9823042154312134,0.646616518497467,0.04723701626062393,,,
6,1676,,,,0.9851279854774475,0.7127272486686707,0.040483634918928146,,,
6,1677,,,,0.9875752925872803,0.760869562625885,0.03786977380514145,,,
6,1678,,,,0.984375,0.6959707140922546,0.04189746826887131,,,
6,1679,,,,0.9838102459907532,0.6861313581466675,0.04485524073243141,,,
6,1680,,,,0.9815512299537659,0.6259542107582092,0.04988105967640877,,,
6,1681,,,,0.9839984774589539,0.6816479563713074,0.045409832149744034,,,
6,1682,,,,0.9864457845687866,0.7293233275413513,0.0457991398870945,,,
6,1683,,,,0.9836220145225525,0.6716980934143066,0.04922366142272949,,,
6,1684,,,,0.9860692620277405,0.7218044996261597,0.04241824150085449,,,
6,1685,,,,0.9849397540092468,0.7122302055358887,0.03966984152793884,,,
6,1686,,,,0.9838102459907532,0.6861313581466675,0.0459885410964489,,,
6,1687,,,,0.9798569083213806,0.610909104347229,0.04781164973974228,,,
6,1688,,,,0.9830572009086609,0.6666666865348816,0.044554710388183594,,,
6,1689,,,,0.984375,0.6937269568443298,0.040720585733652115,,,
6,1690,,,,0.9838102459907532,0.6791045069694519,0.04522421211004257,,,
6,1691,,,,0.9845632314682007,0.6962962746620178,0.04351038485765457,,,
6,1692,,,,0.9845632314682007,0.7092198729515076,0.04156889021396637,,,
6,1693,,,,0.9823042154312134,0.6594203114509583,0.050123851746320724,,,
6,1694,,,,0.9871987700462341,0.7536231875419617,0.04292048141360283,,,
6,1695,,,,0.9881400465965271,0.7725631594657898,0.03912106156349182,,,
6,1696,,,,0.9860692620277405,0.7338129281997681,0.037686992436647415,,,
6,1697,,,,0.9845632314682007,0.7028985619544983,0.042458534240722656,,,
6,1698,,,,0.9838102459907532,0.6814814805984497,0.04529103636741638,,,
6,1699,,,,0.9839984774589539,0.6909090876579285,0.04024393856525421,,,
6,1700,,,,0.9841867685317993,0.6934306621551514,0.04122420400381088,,,
6,1701,,,,0.9860692620277405,0.73758864402771,0.03971247375011444,,,
6,1702,,,,0.9839984774589539,0.6816479563713074,0.04807022213935852,,,
6,1703,,,,0.9841867685317993,0.6888889074325562,0.04413154721260071,,,
6,1704,,,,0.985316276550293,0.7111111283302307,0.04178793728351593,,,
6,1705,,,,0.9855045080184937,0.7094339728355408,0.04556155949831009,,,
6,1706,,,,0.9858810305595398,0.7211896181106567,0.042067743837833405,,,
6,1707,,,,0.9849397540092468,0.6992481350898743,0.04313507676124573,,,
6,1708,,,,0.9830572009086609,0.6641790866851807,0.04900534078478813,,,
6,1709,,,,0.9819276928901672,0.6546762585639954,0.04468271881341934,,,
6,1710,,,,0.9858810305595398,0.7081711888313293,0.042005009949207306,,,
6,1711,,,,0.9851279854774475,0.701886773109436,0.04280848056077957,,,
6,1712,,,,0.9828689694404602,0.6539924144744873,0.04503167048096657,,,
6,1713,,,,0.9819276928901672,0.6546762585639954,0.0530630461871624,,,
6,1714,,,,0.9832454919815063,0.6691449880599976,0.04791080206632614,,,
6,1715,,,,0.9836220145225525,0.6716980934143066,0.04860088601708412,,,
6,1716,,,,0.9839984774589539,0.6743295192718506,0.0455019436776638,,,
6,1717,,,,0.9821159839630127,0.6387832760810852,0.042068369686603546,,,
6,1718,,,,0.9849397540092468,0.7037037014961243,0.043115124106407166,,,
6,1719,,,,0.9807981848716736,0.6222222447395325,0.049726128578186035,,,
6,1720,,,,0.9817394614219666,0.6446886658668518,0.04638724401593208,,,
6,1721,,,,0.9849397540092468,0.7014925479888916,0.042020950466394424,,,
6,1722,,,,0.9849397540092468,0.7058823704719543,0.041404012590646744,,,
6,1723,,,,0.9864457845687866,0.7372262477874756,0.039253994822502136,,,
6,1724,,,,0.9847515225410461,0.7075812220573425,0.045809682458639145,,,
6,1725,,,,0.9830572009086609,0.6762589812278748,0.04601464793086052,,,
6,1726,,,,0.9826807379722595,0.6567164063453674,0.04926653578877449,,,
6,1727,,,,0.9828689694404602,0.6566037535667419,0.04893709346652031,,,
6,1728,,,,0.9851279854774475,0.7106227278709412,0.0397748239338398,,,
6,1729,,,,0.9821159839630127,0.6545454263687134,0.04519660025835037,,,
6,1730,,,,0.9807981848716736,0.6194030046463013,0.04789075627923012,,,
6,1731,,,,0.9864457845687866,0.7428571581840515,0.039473313838243484,,,
6,1732,,,,0.9858810305595398,0.723247230052948,0.043733738362789154,,,
6,1733,,,,0.9792921543121338,0.5925925970077515,0.052758973091840744,,,
6,1734,,,,0.9871987700462341,0.7481481432914734,0.03963450714945793,,,
6,1735,,,,0.983433723449707,0.6788321137428284,0.04403990879654884,,,
6,1736,,,,0.9824924468994141,0.654275119304657,0.046532973647117615,,,
6,1737,,,,0.9868223071098328,0.7388059496879578,0.04184076189994812,,,
6,1738,,,,0.9858810305595398,0.723247230052948,0.03834117203950882,,,
6,1739,,,,0.9830572009086609,0.6691176295280457,0.04464946314692497,,,
6,1740,,,,0.9832454919815063,0.6763636469841003,0.04432859644293785,,,
6,1741,,,,0.9838102459907532,0.6742424368858337,0.0460132397711277,,,
6,1742,,,,0.9824924468994141,0.6568265557289124,0.04735826700925827,,,
6,1743,,,,0.9860692620277405,0.7357142567634583,0.03910607099533081,,,
6,1744,,,,0.9849397540092468,0.6992481350898743,0.04229579493403435,,,
6,1745,,,,0.9864457845687866,0.7333333492279053,0.03959991782903671,,,
6,1746,,,,0.9819276928901672,0.6470588445663452,0.049011584371328354,,,
6,1747,,,,0.9830572009086609,0.6715328693389893,0.041673269122838974,,,
6,1748,,,,0.9855045080184937,0.7094339728355408,0.04257601127028465,,,
6,1749,,,,0.9817333817481995,0.6269841194152832,0.05021519213914871,,,
6,1749,,,,,,,0.9832664728164673,0.6688245534896851,0.04584960639476776
7,1750,,,,0.9832454919815063,0.6691449880599976,0.04394343122839928,,,
7,1751,,,,0.9830572009086609,0.6715328693389893,0.0439615361392498,,,
7,1752,,,,0.9851279854774475,0.701886773109436,0.03987516090273857,,,
7,1753,,,,0.9826807379722595,0.6617646813392639,0.04640182480216026,,,
7,1754,,,,0.984375,0.6914498209953308,0.044405631721019745,,,
7,1755,,,,0.9800451993942261,0.6131386756896973,0.05137782171368599,,,
7,1756,,,,0.985316276550293,0.7132353186607361,0.03932838514447212,,,
7,1757,,,,0.985316276550293,0.7132353186607361,0.046101491898298264,,,
7,1758,,,,0.9845632314682007,0.6962962746620178,0.04731836915016174,,,
7,1759,,,,0.984375,0.6914498209953308,0.04154016077518463,,,
7,1760,,,,0.9817394614219666,0.6572437882423401,0.043482255190610886,,,
7,1761,,,,0.9864457845687866,0.7428571581840515,0.038001950830221176,,,
7,1762,,,,0.9832454919815063,0.6832740306854248,0.046495337039232254,,,
7,1763,,,,0.9828689694404602,0.6642066240310669,0.0468575693666935,,,
7,1764,,,,0.985316276550293,0.7111111283302307,0.042944133281707764,,,
7,1765,,,,0.983433723449707,0.6788321137428284,0.040660712867975235,,,
7,1766,,,,0.9832454919815063,0.6739926934242249,0.04806442931294441,,,
7,1767,,,,0.9847515225410461,0.6988847851753235,0.04524755850434303,,,
7,1768,,,,0.9847515225410461,0.7054545283317566,0.04580136761069298,,,
7,1769,,,,0.983433723449707,0.6666666865348816,0.047540899366140366,,,
7,1770,,,,0.9851279854774475,0.7188612222671509,0.045215386897325516,,,
7,1771,,,,0.9821159839630127,0.6494464874267578,0.04520165175199509,,,
7,1772,,,,0.9836220145225525,0.6836363673210144,0.042596083134412766,,,
7,1773,,,,0.9821159839630127,0.6468401551246643,0.046082958579063416,,,
7,1774,,,,0.9841867685317993,0.6888889074325562,0.04529820755124092,,,
7,1775,,,,0.9839984774589539,0.6816479563713074,0.04484367370605469,,,
7,1776,,,,0.9855045080184937,0.7137546539306641,0.039209749549627304,,,
7,1777,,,,0.9860692620277405,0.7259259223937988,0.03684945032000542,,,
7,1778,,,,0.985316276550293,0.7089552283287048,0.04340754821896553,,,
7,1779,,,,0.9845632314682007,0.6940298676490784,0.043432097882032394,,,
7,1780,,,,0.9851279854774475,0.7063196897506714,0.04269072413444519,,,
7,1781,,,,0.9841867685317993,0.6911764740943909,0.04396317899227142,,,
7,1782,,,,0.9832454919815063,0.6691449880599976,0.045283276587724686,,,
7,1783,,,,0.9823042154312134,0.6492537260055542,0.04759369045495987,,,
7,1784,,,,0.9821159839630127,0.6415094137191772,0.040808554738759995,,,
7,1785,,,,0.9855045080184937,0.7158671617507935,0.03888177126646042,,,
7,1786,,,,0.9824924468994141,0.654275119304657,0.04745925962924957,,,
7,1787,,,,0.9849397540092468,0.7014925479888916,0.04282229021191597,,,
7,1788,,,,0.9860692620277405,0.7238805890083313,0.04141600430011749,,,
7,1789,,,,0.9864457845687866,0.7352941036224365,0.04014548659324646,,,
7,1790,,,,0.9847515225410461,0.7054545283317566,0.03991534560918808,,,
7,1791,,,,0.9832454919815063,0.6715866923332214,0.04369846358895302,,,
7,1792,,,,0.983433723449707,0.6740740537643433,0.04679021239280701,,,
7,1793,,,,0.9836220145225525,0.6765799522399902,0.04643700271844864,,,
7,1794,,,,0.9838102459907532,0.6838235259056091,0.04697328805923462,,,
7,1795,,,,0.984375,0.6914498209953308,0.043610185384750366,,,
7,1796,,,,0.9849397540092468,0.7101449370384216,0.04152580723166466,,,
7,1797,,,,0.9845632314682007,0.7028985619544983,0.045407284051179886,,,
7,1798,,,,0.9847515225410461,0.7054545283317566,0.04283133149147034,,,
7,1799,,,,0.9847515225410461,0.7032967209815979,0.04585476219654083,,,
7,1800,,,,0.9847515225410461,0.6966292262077332,0.04712486267089844,,,
7,1801,,,,0.984375,0.6959707140922546,0.04285865277051926,,,
7,1802,,,,0.9828689694404602,0.6591760516166687,0.04495776444673538,,,
7,1803,,,,0.9821159839630127,0.6415094137191772,0.047259874641895294,,,
7,1804,,,,0.9828689694404602,0.6513410210609436,0.04622649773955345,,,
7,1805,,,,0.9860692620277405,0.7279411554336548,0.03974530100822449,,,
7,1806,,,,0.9821159839630127,0.6570397019386292,0.0440811924636364,,,
7,1807,,,,0.9845632314682007,0.6962962746620178,0.03975186124444008,,,
7,1808,,,,0.9823042154312134,0.654411792755127,0.04559890180826187,,,
7,1809,,,,0.9838102459907532,0.6884058117866516,0.04224180057644844,,,
7,1810,,,,0.9860692620277405,0.7299270033836365,0.039483457803726196,,,
7,1811,,,,0.9862575531005859,0.7306272983551025,0.037406615912914276,,,
7,1812,,,,0.9839984774589539,0.6863468885421753,0.04290197789669037,,,
7,1813,,,,0.9845632314682007,0.6962962746620178,0.04341607168316841,,,
7,1814,,,,0.9813629388809204,0.6292135119438171,0.04520556703209877,,,
7,1815,,,,0.9855045080184937,0.7158671617507935,0.037534601986408234,,,
7,1816,,,,0.984375,0.6891385912895203,0.041589539498090744,,,
7,1817,,,,0.9851279854774475,0.7084870934486389,0.04331120476126671,,,
7,1818,,,,0.9828689694404602,0.6591760516166687,0.05095978081226349,,,
7,1819,,,,0.985316276550293,0.7089552283287048,0.048117849975824356,,,
7,1820,,,,0.9832454919815063,0.6763636469841003,0.04514015093445778,,,
7,1821,,,,0.9870105385780334,0.754448413848877,0.03890255093574524,,,
7,1822,,,,0.9855045080184937,0.7220216393470764,0.0415443554520607,,,
7,1823,,,,0.9847515225410461,0.7075812220573425,0.043314944952726364,,,
7,1824,,,,0.9826807379722595,0.6690647602081299,0.04408669471740723,,,
7,1825,,,,0.9841867685317993,0.6978417038917542,0.04249442368745804,,,
7,1826,,,,0.9845632314682007,0.7028985619544983,0.043759241700172424,,,
7,1827,,,,0.9851279854774475,0.7188612222671509,0.03804789111018181,,,
7,1828,,,,0.9845632314682007,0.6917293071746826,0.04025190696120262,,,
7,1829,,,,0.985316276550293,0.7234042286872864,0.04104573279619217,,,
7,1830,,,,0.9838102459907532,0.6884058117866516,0.04160833731293678,,,
7,1831,,,,0.9828689694404602,0.671480119228363,0.042683374136686325,,,
7,1832,,,,0.9832454919815063,0.661596953868866,0.0491948164999485,,,
7,1833,,,,0.9845632314682007,0.6940298676490784,0.040324900299310684,,,
7,1834,,,,0.9851279854774475,0.7063196897506714,0.04341353476047516,,,
7,1835,,,,0.9838102459907532,0.6884058117866516,0.04014843329787254,,,
7,1836,,,,0.9866340160369873,0.7491165995597839,0.03870469331741333,,,
7,1837,,,,0.9841867685317993,0.6978417038917542,0.04075513780117035,,,
7,1838,,,,0.9856927990913391,0.7266187071800232,0.04117101430892944,,,
7,1839,,,,0.9830572009086609,0.6762589812278748,0.043649397790431976,,,
7,1840,,,,0.983433723449707,0.6764705777168274,0.04597046226263046,,,
7,1841,,,,0.9839984774589539,0.6953405141830444,0.04782414436340332,,,
7,1842,,,,0.9851279854774475,0.7084870934486389,0.04220223054289818,,,
7,1843,,,,0.9823042154312134,0.6412213444709778,0.04595235735177994,,,
7,1844,,,,0.9838102459907532,0.6791045069694519,0.04095999151468277,,,
7,1845,,,,0.9836220145225525,0.6859205961227417,0.04506095498800278,,,
7,1846,,,,0.9838102459907532,0.6884058117866516,0.044699542224407196,,,
7,1847,,,,0.9870105385780334,0.7472527623176575,0.0404781810939312,,,
7,1848,,,,0.9839984774589539,0.6792452931404114,0.047476526349782944,,,
7,1849,,,,0.9849397540092468,0.694656491279602,0.04534728825092316,,,
7,1850,,,,0.9838102459907532,0.6814814805984497,0.04254358634352684,,,
7,1851,,,,0.9836220145225525,0.6640926599502563,0.044039286673069,,,
7,1852,,,,0.9839984774589539,0.6909090876579285,0.04309600591659546,,,
7,1853,,,,0.9851279854774475,0.6996197700500488,0.04295232519507408,,,
7,1854,,,,0.9851279854774475,0.7084870934486389,0.04431520029902458,,,
7,1855,,,,0.9866340160369873,0.743682324886322,0.03525048866868019,,,
7,1856,,,,0.9870105385780334,0.750902533531189,0.0403473787009716,,,
7,1857,,,,0.9821159839630127,0.6545454263687134,0.04697743430733681,,,
7,1858,,,,0.983433723449707,0.6716417670249939,0.04585474357008934,,,
7,1859,,,,0.983433723449707,0.692307710647583,0.040823765099048615,,,
7,1860,,,,0.9838102459907532,0.6884058117866516,0.044846002012491226,,,
7,1861,,,,0.9845632314682007,0.6985294222831726,0.04184363782405853,,,
7,1862,,,,0.984375,0.6959707140922546,0.04200676456093788,,,
7,1863,,,,0.9830572009086609,0.6691176295280457,0.04132547602057457,,,
7,1864,,,,0.9841867685317993,0.6934306621551514,0.045488256961107254,,,
7,1865,,,,0.9866340160369873,0.7340824007987976,0.04033765196800232,,,
7,1866,,,,0.9860692620277405,0.7218044996261597,0.03808148205280304,,,
7,1867,,,,0.983433723449707,0.6788321137428284,0.04448390752077103,,,
7,1868,,,,0.9824924468994141,0.654275119304657,0.048243824392557144,,,
7,1869,,,,0.9847515225410461,0.7096773982048035,0.04674689844250679,,,
7,1870,,,,0.9836220145225525,0.6813187003135681,0.04229874536395073,,,
7,1871,,,,0.9855045080184937,0.7179487347602844,0.04226171597838402,,,
7,1872,,,,0.9855045080184937,0.7116104960441589,0.04549017176032066,,,
7,1873,,,,0.9832454919815063,0.661596953868866,0.0429396852850914,,,
7,1874,,,,0.983433723449707,0.6811594367027283,0.044143564999103546,,,
7,1875,,,,0.9870105385780334,0.7490909099578857,0.03967037424445152,,,
7,1876,,,,0.9855045080184937,0.7158671617507935,0.03849498927593231,,,
7,1877,,,,0.9819276928901672,0.6470588445663452,0.04800261929631233,,,
7,1878,,,,0.9839984774589539,0.6692606806755066,0.049130868166685104,,,
7,1879,,,,0.9847515225410461,0.7075812220573425,0.04578816145658493,,,
7,1880,,,,0.9830572009086609,0.6616541147232056,0.04676216468214989,,,
7,1881,,,,0.9860692620277405,0.7196969985961914,0.0427497997879982,,,
7,1882,,,,0.9847515225410461,0.7075812220573425,0.040258411318063736,,,
7,1883,,,,0.9860692620277405,0.713178277015686,0.04487042501568794,,,
7,1884,,,,0.9832454919815063,0.6666666865348816,0.046070557087659836,,,
7,1885,,,,0.9856927990913391,0.7076923251152039,0.041934940963983536,,,
7,1886,,,,0.9836220145225525,0.661478579044342,0.04617855325341225,,,
7,1887,,,,0.9838102459907532,0.6717557311058044,0.04555797949433327,,,
7,1888,,,,0.9845632314682007,0.6985294222831726,0.04223068431019783,,,
7,1889,,,,0.9802334308624268,0.6067415475845337,0.04915350303053856,,,
7,1890,,,,0.983433723449707,0.6788321137428284,0.04348502680659294,,,
7,1891,,,,0.9826807379722595,0.6515151262283325,0.046398453414440155,,,
7,1892,,,,0.9839984774589539,0.6792452931404114,0.044055089354515076,,,
7,1893,,,,0.9824924468994141,0.654275119304657,0.04312918335199356,,,
7,1894,,,,0.9847515225410461,0.7054545283317566,0.04160666838288307,,,
7,1895,,,,0.9847515225410461,0.6920152306556702,0.04299573600292206,,,
7,1896,,,,0.9847515225410461,0.7054545283317566,0.04682958498597145,,,
7,1897,,,,0.9821159839630127,0.6594982147216797,0.04596439376473427,,,
7,1898,,,,0.9838102459907532,0.6971830725669861,0.04347728192806244,,,
7,1899,,,,0.9838102459907532,0.6791045069694519,0.04551680386066437,,,
7,1900,,,,0.984375,0.6844106316566467,0.047817397862672806,,,
7,1901,,,,0.9815512299537659,0.6343283653259277,0.04742457717657089,,,
7,1902,,,,0.9823042154312134,0.6713286638259888,0.041844699531793594,,,
7,1903,,,,0.9836220145225525,0.6765799522399902,0.042745765298604965,,,
7,1904,,,,0.9866340160369873,0.7380073666572571,0.039784666150808334,,,
7,1905,,,,0.9807981848716736,0.6222222447395325,0.045455798506736755,,,
7,1906,,,,0.9858810305595398,0.723247230052948,0.042286068201065063,,,
7,1907,,,,0.9828689694404602,0.6539924144744873,0.04375554621219635,,,
7,1908,,,,0.9864457845687866,0.7446808218955994,0.03933043032884598,,,
7,1909,,,,0.9836220145225525,0.6666666865348816,0.047085437923669815,,,
7,1910,,,,0.9838102459907532,0.6791045069694519,0.04273733124136925,,,
7,1911,,,,0.9823042154312134,0.6384615302085876,0.045100849121809006,,,
7,1912,,,,0.9851279854774475,0.7106227278709412,0.04095962271094322,,,
7,1913,,,,0.9836220145225525,0.6765799522399902,0.04293112829327583,,,
7,1914,,,,0.9851279854774475,0.7084870934486389,0.039014119654893875,,,
7,1915,,,,0.9836220145225525,0.6716980934143066,0.04507041722536087,,,
7,1916,,,,0.9841867685317993,0.6888889074325562,0.040292199701070786,,,
7,1917,,,,0.9823042154312134,0.6492537260055542,0.048161350190639496,,,
7,1918,,,,0.9830572009086609,0.6691176295280457,0.04340739548206329,,,
7,1919,,,,0.984375,0.6891385912895203,0.0428258515894413,,,
7,1920,,,,0.9828689694404602,0.6539924144744873,0.051992494612932205,,,
7,1921,,,,0.9875752925872803,0.7659574747085571,0.036419738084077835,,,
7,1922,,,,0.9832454919815063,0.6641509532928467,0.046021878719329834,,,
7,1923,,,,0.9819276928901672,0.641791045665741,0.04638208821415901,,,
7,1924,,,,0.9830572009086609,0.6538461446762085,0.04775797575712204,,,
7,1925,,,,0.983433723449707,0.6834532618522644,0.04641936719417572,,,
7,1926,,,,0.9841867685317993,0.6978417038917542,0.045835141092538834,,,
7,1927,,,,0.9839984774589539,0.6840148568153381,0.04303145781159401,,,
7,1928,,,,0.9804216623306274,0.6030534505844116,0.048489224165678024,,,
7,1929,,,,0.9841867685317993,0.6978417038917542,0.04527606442570686,,,
7,1930,,,,0.9839984774589539,0.7017543911933899,0.04696768522262573,,,
7,1931,,,,0.9858810305595398,0.7330960631370544,0.0367768220603466,,,
7,1932,,,,0.9862575531005859,0.7383512258529663,0.039794012904167175,,,
7,1933,,,,0.9811747074127197,0.6296296119689941,0.047226790338754654,,,
7,1934,,,,0.9858810305595398,0.7292418479919434,0.038599301129579544,,,
7,1935,,,,0.9836220145225525,0.6716980934143066,0.042539484798908234,,,
7,1936,,,,0.9823042154312134,0.6594203114509583,0.0453401617705822,,,
7,1937,,,,0.9815512299537659,0.6343283653259277,0.04499974101781845,,,
7,1938,,,,0.9828689694404602,0.6738350987434387,0.04395077005028725,,,
7,1939,,,,0.9841867685317993,0.6934306621551514,0.04259191080927849,,,
7,1940,,,,0.9839984774589539,0.6886447072029114,0.04508209601044655,,,
7,1941,,,,0.9858810305595398,0.7252747416496277,0.038395870476961136,,,
7,1942,,,,0.9815512299537659,0.6370370388031006,0.0512121245265007,,,
7,1943,,,,0.9855045080184937,0.7158671617507935,0.041326068341732025,,,
7,1944,,,,0.9826807379722595,0.6461538672447205,0.04843504726886749,,,
7,1945,,,,0.9845632314682007,0.6962962746620178,0.04222702980041504,,,
7,1946,,,,0.9836220145225525,0.6836363673210144,0.04460638016462326,,,
7,1947,,,,0.983433723449707,0.6811594367027283,0.04475021734833717,,,
7,1948,,,,0.984375,0.6914498209953308,0.04194163531064987,,,
7,1949,,,,0.9851279854774475,0.701886773109436,0.047060877084732056,,,
7,1950,,,,0.9858810305595398,0.7252747416496277,0.04169723764061928,,,
7,1951,,,,0.9879518151283264,0.7681159377098083,0.034890297800302505,,,
7,1952,,,,0.9819276928901672,0.6390977501869202,0.051166433840990067,,,
7,1953,,,,0.984375,0.6819923520088196,0.03806305304169655,,,
7,1954,,,,0.9836220145225525,0.690391480922699,0.04319959133863449,,,
7,1955,,,,0.9870105385780334,0.754448413848877,0.038669388741254807,,,
7,1956,,,,0.9851279854774475,0.7084870934486389,0.04350101947784424,,,
7,1957,,,,0.9856927990913391,0.720588207244873,0.04240342229604721,,,
7,1958,,,,0.9839984774589539,0.6953405141830444,0.04081493243575096,,,
7,1959,,,,0.9841867685317993,0.6888889074325562,0.04387391358613968,,,
7,1960,,,,0.9800451993942261,0.6159420013427734,0.05030558258295059,,,
7,1961,,,,0.9866340160369873,0.7418181896209717,0.03499191626906395,,,
7,1962,,,,0.9845632314682007,0.7071428298950195,0.039127424359321594,,,
7,1963,,,,0.9839984774589539,0.6975088715553284,0.043094784021377563,,,
7,1964,,,,0.9847515225410461,0.6988847851753235,0.041033532470464706,,,
7,1965,,,,0.9832454919815063,0.6715866923332214,0.04592802748084068,,,
7,1966,,,,0.9860692620277405,0.7279411554336548,0.042866360396146774,,,
7,1967,,,,0.9819276928901672,0.6595744490623474,0.046095866709947586,,,
7,1968,,,,0.9847515225410461,0.7032967209815979,0.04837027192115784,,,
7,1969,,,,0.9847515225410461,0.7032967209815979,0.044668328016996384,,,
7,1970,,,,0.9858810305595398,0.7252747416496277,0.04325343295931816,,,
7,1971,,,,0.9845632314682007,0.6870229244232178,0.042349815368652344,,,
7,1972,,,,0.984375,0.6937269568443298,0.04248791188001633,,,
7,1973,,,,0.9830572009086609,0.6808510422706604,0.04032083600759506,,,
7,1974,,,,0.9862575531005859,0.7364621162414551,0.03971237689256668,,,
7,1975,,,,0.9826807379722595,0.6666666865348816,0.04141201451420784,,,
7,1976,,,,0.9856927990913391,0.7226277589797974,0.041999250650405884,,,
7,1977,,,,0.9841867685317993,0.6769230961799622,0.05072849616408348,,,
7,1978,,,,0.9841867685317993,0.695652186870575,0.04259253665804863,,,
7,1979,,,,0.9856927990913391,0.7164179086685181,0.04003527760505676,,,
7,1980,,,,0.9860692620277405,0.7318840622901917,0.04394399747252464,,,
7,1981,,,,0.9836220145225525,0.6881720423698425,0.04297007620334625,,,
7,1982,,,,0.9868223071098328,0.7517730593681335,0.035712260752916336,,,
7,1983,,,,0.9855045080184937,0.7072243094444275,0.042942408472299576,,,
7,1984,,,,0.9860692620277405,0.7279411554336548,0.04226948693394661,,,
7,1985,,,,0.983433723449707,0.6740740537643433,0.04140271618962288,,,
7,1986,,,,0.9845632314682007,0.6917293071746826,0.042490407824516296,,,
7,1987,,,,0.985316276550293,0.7022900581359863,0.04270448163151741,,,
7,1988,,,,0.9821159839630127,0.6360152959823608,0.04798605293035507,,,
7,1989,,,,0.9845632314682007,0.7028985619544983,0.04273361340165138,,,
7,1990,,,,0.9838102459907532,0.6742424368858337,0.04148656502366066,,,
7,1991,,,,0.9864457845687866,0.748251736164093,0.03645719215273857,,,
7,1992,,,,0.9856927990913391,0.7226277589797974,0.03931666538119316,,,
7,1993,,,,0.9868223071098328,0.7463768124580383,0.04132693260908127,,,
7,1994,,,,0.9862575531005859,0.7364621162414551,0.03675170987844467,,,
7,1995,,,,0.9866340160369873,0.7473309636116028,0.03788116201758385,,,
7,1996,,,,0.9832454919815063,0.6763636469841003,0.04590732976794243,,,
7,1997,,,,0.9849397540092468,0.7058823704719543,0.04123898595571518,,,
7,1998,,,,0.9862575531005859,0.7402135133743286,0.03701388090848923,,,
7,1999,,,,0.9840652942657471,0.7007299065589905,0.043362703174352646,,,
7,1999,,,,,,,0.9840805530548096,0.6926096677780151,0.044375110417604446
8,2000,,,,0.9811747074127197,0.6323529481887817,0.05170447379350662,,,
8,2001,,,,0.9870105385780334,0.75789475440979,0.03352954611182213,,,
8,2002,,,,0.984375,0.6891385912895203,0.03860008344054222,,,
8,2003,,,,0.984375,0.6981818079948425,0.041147682815790176,,,
8,2004,,,,0.9847515225410461,0.6966292262077332,0.039789918810129166,,,
8,2005,,,,0.9860692620277405,0.7259259223937988,0.038582563400268555,,,
8,2006,,,,0.9855045080184937,0.7179487347602844,0.0380898155272007,,,
8,2007,,,,0.9851279854774475,0.7084870934486389,0.03930198773741722,,,
8,2008,,,,0.9862575531005859,0.732600748538971,0.03774861991405487,,,
8,2009,,,,0.9823042154312134,0.646616518497467,0.04504909738898277,,,
8,2010,,,,0.984375,0.6981818079948425,0.03791279345750809,,,
8,2011,,,,0.9819276928901672,0.6496350169181824,0.04664405435323715,,,
8,2012,,,,0.9836220145225525,0.6666666865348816,0.045082688331604004,,,
8,2013,,,,0.9800451993942261,0.5984848737716675,0.04962391406297684,,,
8,2014,,,,0.984375,0.6891385912895203,0.04138972982764244,,,
8,2015,,,,0.9838102459907532,0.6717557311058044,0.046618618071079254,,,
8,2016,,,,0.9830572009086609,0.6808510422706604,0.04458620399236679,,,
8,2017,,,,0.9849397540092468,0.7080292105674744,0.03902800381183624,,,
8,2018,,,,0.9877635836601257,0.761904776096344,0.03373904153704643,,,
8,2019,,,,0.9858810305595398,0.7311828136444092,0.03842093423008919,,,
8,2020,,,,0.9841867685317993,0.6865671873092651,0.04281579330563545,,,
8,2021,,,,0.9856927990913391,0.7323943376541138,0.040799129754304886,,,
8,2022,,,,0.9821159839630127,0.6689895391464233,0.04354795813560486,,,
8,2023,,,,0.9873870611190796,0.7649123072624207,0.038780540227890015,,,
8,2024,,,,0.9845632314682007,0.7007299065589905,0.04145641252398491,,,
8,2025,,,,0.9845632314682007,0.7132866978645325,0.04116509109735489,,,
8,2026,,,,0.9855045080184937,0.7220216393470764,0.040696728974580765,,,
8,2027,,,,0.9849397540092468,0.716312050819397,0.040890395641326904,,,
8,2028,,,,0.9845632314682007,0.6846153736114502,0.04333316162228584,,,
8,2029,,,,0.985316276550293,0.7111111283302307,0.04908742383122444,,,
8,2030,,,,0.9828689694404602,0.680701732635498,0.046394385397434235,,,
8,2031,,,,0.9828689694404602,0.671480119228363,0.045378342270851135,,,
8,2032,,,,0.9824924468994141,0.6690391302108765,0.04862311854958534,,,
8,2033,,,,0.9887048006057739,0.782608687877655,0.03789721801877022,,,
8,2034,,,,0.9838102459907532,0.6766917109489441,0.04373067617416382,,,
8,2035,,,,0.9832454919815063,0.6641509532928467,0.047982968389987946,,,
8,2036,,,,0.9870105385780334,0.7415730357170105,0.03815203160047531,,,
8,2037,,,,0.9847515225410461,0.7011070251464844,0.040245503187179565,,,
8,2038,,,,0.9839984774589539,0.6840148568153381,0.04283340275287628,,,
8,2039,,,,0.9839984774589539,0.6816479563713074,0.047447968274354935,,,
8,2040,,,,0.9856927990913391,0.7121211886405945,0.042726095765829086,,,
8,2041,,,,0.9821159839630127,0.6468401551246643,0.05533797666430473,,,
8,2042,,,,0.985316276550293,0.7194244861602783,0.03908034786581993,,,
8,2043,,,,0.9847515225410461,0.6966292262077332,0.04238031432032585,,,
8,2044,,,,0.9819276928901672,0.6390977501869202,0.047255922108888626,,,
8,2045,,,,0.9888930916786194,0.7838827967643738,0.03949911147356033,,,
8,2046,,,,0.9821159839630127,0.6468401551246643,0.043437711894512177,,,
8,2047,,,,0.9845632314682007,0.6940298676490784,0.04688072204589844,,,
8,2048,,,,0.9866340160369873,0.7360594868659973,0.04060102626681328,,,
8,2049,,,,0.985316276550293,0.7214285731315613,0.0390348918735981,,,
8,2050,,,,0.9849397540092468,0.7101449370384216,0.045198287814855576,,,
8,2051,,,,0.9845632314682007,0.6962962746620178,0.04285940155386925,,,
8,2052,,,,0.9813629388809204,0.6451612710952759,0.04266027361154556,,,
8,2053,,,,0.983433723449707,0.6857143044471741,0.04130911827087402,,,
8,2054,,,,0.9830572009086609,0.6715328693389893,0.04904046654701233,,,
8,2055,,,,0.9864457845687866,0.7464788556098938,0.039516009390354156,,,
8,2056,,,,0.983433723449707,0.6834532618522644,0.041923679411411285,,,
8,2057,,,,0.9851279854774475,0.7208480834960938,0.04145843908190727,,,
8,2058,,,,0.9828689694404602,0.6690909266471863,0.041234567761421204,,,
8,2059,,,,0.9841867685317993,0.695652186870575,0.045041799545288086,,,
8,2060,,,,0.9870105385780334,0.754448413848877,0.03618466854095459,,,
8,2061,,,,0.9836220145225525,0.690391480922699,0.04569308087229729,,,
8,2062,,,,0.983433723449707,0.6834532618522644,0.044903770089149475,,,
8,2063,,,,0.9849397540092468,0.6969696879386902,0.039755094796419144,,,
8,2064,,,,0.9807981848716736,0.6106870174407959,0.0481870174407959,,,
8,2065,,,,0.9826807379722595,0.6592592597007751,0.048417527228593826,,,
8,2066,,,,0.9847515225410461,0.7032967209815979,0.03914717957377434,,,
8,2067,,,,0.9864457845687866,0.7272727489471436,0.04382217302918434,,,
8,2068,,,,0.9809864163398743,0.6217228174209595,0.05036395415663719,,,
8,2069,,,,0.9830572009086609,0.6564885377883911,0.047939494252204895,,,
8,2070,,,,0.985316276550293,0.717391312122345,0.03948896378278732,,,
8,2071,,,,0.9809864163398743,0.6159695982933044,0.046385377645492554,,,
8,2072,,,,0.9864457845687866,0.7446808218955994,0.03810468316078186,,,
8,2073,,,,0.9862575531005859,0.7306272983551025,0.03767242282629013,,,
8,2074,,,,0.985316276550293,0.7045454382896423,0.04227755591273308,,,
8,2075,,,,0.9856927990913391,0.7076923251152039,0.04087163135409355,,,
8,2076,,,,0.9856927990913391,0.720588207244873,0.041983529925346375,,,
8,2077,,,,0.9851279854774475,0.704119861125946,0.0428064689040184,,,
8,2078,,,,0.9828689694404602,0.6666666865348816,0.04033094644546509,,,
8,2079,,,,0.9830572009086609,0.6739130616188049,0.046838171780109406,,,
8,2080,,,,0.9824924468994141,0.649056613445282,0.046407971531152725,,,
8,2081,,,,0.9845632314682007,0.6985294222831726,0.04396238550543785,,,
8,2082,,,,0.9860692620277405,0.7299270033836365,0.038414765149354935,,,
8,2083,,,,0.9847515225410461,0.6988847851753235,0.04292553290724754,,,
8,2084,,,,0.9864457845687866,0.7464788556098938,0.03897734731435776,,,
8,2085,,,,0.9860692620277405,0.7259259223937988,0.03944048285484314,,,
8,2086,,,,0.9888930916786194,0.7929824590682983,0.03476092591881752,,,
8,2087,,,,0.9855045080184937,0.7220216393470764,0.04023578763008118,,,
8,2088,,,,0.9860692620277405,0.7299270033836365,0.039894986897706985,,,
8,2089,,,,0.9832454919815063,0.6739926934242249,0.051050446927547455,,,
8,2090,,,,0.9868223071098328,0.7463768124580383,0.03656058385968208,,,
8,2091,,,,0.9811747074127197,0.6240601539611816,0.0526401549577713,,,
8,2092,,,,0.9830572009086609,0.6641790866851807,0.04534861072897911,,,
8,2093,,,,0.9847515225410461,0.6896551847457886,0.04395338147878647,,,
8,2094,,,,0.9862575531005859,0.7345454692840576,0.04079662263393402,,,
8,2095,,,,0.9845632314682007,0.6940298676490784,0.03915826976299286,,,
8,2096,,,,0.9839984774589539,0.6909090876579285,0.043002765625715256,,,
8,2097,,,,0.9823042154312134,0.6594203114509583,0.04311426728963852,,,
8,2098,,,,0.9821159839630127,0.6468401551246643,0.04403289780020714,,,
8,2099,,,,0.9858810305595398,0.7104247212409973,0.04245084151625633,,,
8,2100,,,,0.9862575531005859,0.7364621162414551,0.038006849586963654,,,
8,2101,,,,0.9866340160369873,0.743682324886322,0.042733948677778244,,,
8,2102,,,,0.9841867685317993,0.6865671873092651,0.04273498058319092,,,
8,2103,,,,0.9883283376693726,0.7801418304443359,0.038917046040296555,,,
8,2104,,,,0.9845632314682007,0.7007299065589905,0.04505038261413574,,,
8,2105,,,,0.9841867685317993,0.6842105388641357,0.046303849667310715,,,
8,2106,,,,0.9855045080184937,0.7240143418312073,0.03869282454252243,,,
8,2107,,,,0.984375,0.7003610134124756,0.03945834934711456,,,
8,2108,,,,0.984375,0.6959707140922546,0.04056389629840851,,,
8,2109,,,,0.9862575531005859,0.732600748538971,0.04029200226068497,,,
8,2110,,,,0.9877635836601257,0.7636363506317139,0.038793958723545074,,,
8,2111,,,,0.9828689694404602,0.6591760516166687,0.04975321516394615,,,
8,2112,,,,0.9855045080184937,0.7240143418312073,0.0401856005191803,,,
8,2113,,,,0.9815512299537659,0.6201550364494324,0.047873884439468384,,,
8,2114,,,,0.9836220145225525,0.678966760635376,0.04673648625612259,,,
8,2115,,,,0.9813629388809204,0.6264150738716125,0.04697917401790619,,,
8,2116,,,,0.9883283376693726,0.7785714268684387,0.03542713820934296,,,
8,2117,,,,0.984375,0.6981818079948425,0.044609785079956055,,,
8,2118,,,,0.9866340160369873,0.7473309636116028,0.04179316759109497,,,
8,2119,,,,0.9860692620277405,0.7357142567634583,0.041339583694934845,,,
8,2120,,,,0.9845632314682007,0.6870229244232178,0.04375728219747543,,,
8,2121,,,,0.9851279854774475,0.7168458700180054,0.035158976912498474,,,
8,2122,,,,0.9860692620277405,0.7299270033836365,0.0399666503071785,,,
8,2123,,,,0.9832454919815063,0.6641509532928467,0.04213196411728859,,,
8,2124,,,,0.9847515225410461,0.7117437720298767,0.042717259377241135,,,
8,2125,,,,0.9821159839630127,0.6468401551246643,0.04508805274963379,,,
8,2126,,,,0.9866340160369873,0.7508772015571594,0.03964801877737045,,,
8,2127,,,,0.9845632314682007,0.7132866978645325,0.043205197900533676,,,
8,2128,,,,0.984375,0.6914498209953308,0.0433344766497612,,,
8,2129,,,,0.9855045080184937,0.7240143418312073,0.03822394460439682,,,
8,2130,,,,0.9845632314682007,0.6870229244232178,0.04581708461046219,,,
8,2131,,,,0.9875752925872803,0.7625899314880371,0.04056816175580025,,,
8,2132,,,,0.9870105385780334,0.7490909099578857,0.041259121149778366,,,
8,2133,,,,0.984375,0.6937269568443298,0.04612713307142258,,,
8,2134,,,,0.9856927990913391,0.7266187071800232,0.043266020715236664,,,
8,2135,,,,0.9855045080184937,0.7179487347602844,0.03820418566465378,,,
8,2136,,,,0.984375,0.7046263217926025,0.04217479005455971,,,
8,2137,,,,0.9817394614219666,0.6446886658668518,0.04564512521028519,,,
8,2138,,,,0.9851279854774475,0.7127272486686707,0.04110335186123848,,,
8,2139,,,,0.9832454919815063,0.6641509532928467,0.04575584828853607,,,
8,2140,,,,0.9819276928901672,0.644444465637207,0.04919915273785591,,,
8,2141,,,,0.9824924468994141,0.6568265557289124,0.043419286608695984,,,
8,2142,,,,0.9851279854774475,0.7063196897506714,0.039906375110149384,,,
8,2143,,,,0.9855045080184937,0.725978672504425,0.044067732989788055,,,
8,2144,,,,0.9836220145225525,0.6881720423698425,0.043806757777929306,,,
8,2145,,,,0.9858810305595398,0.7272727489471436,0.038919463753700256,,,
8,2146,,,,0.985316276550293,0.7153284549713135,0.04404918849468231,,,
8,2147,,,,0.9823042154312134,0.6384615302085876,0.05282825976610184,,,
8,2148,,,,0.9841867685317993,0.7103448510169983,0.041269443929195404,,,
8,2149,,,,0.9885165691375732,0.7844523191452026,0.032756268978118896,,,
8,2150,,,,0.984375,0.6914498209953308,0.041623301804065704,,,
8,2151,,,,0.984375,0.6891385912895203,0.04510452598333359,,,
8,2152,,,,0.9864457845687866,0.7372262477874756,0.04224563390016556,,,
8,2153,,,,0.983433723449707,0.6879432797431946,0.04174867272377014,,,
8,2154,,,,0.9871987700462341,0.7553957104682922,0.03566144406795502,,,
8,2155,,,,0.9851279854774475,0.7063196897506714,0.04165847599506378,,,
8,2156,,,,0.9821159839630127,0.6360152959823608,0.04788685962557793,,,
8,2157,,,,0.9849397540092468,0.6992481350898743,0.040986284613609314,,,
8,2158,,,,0.9856927990913391,0.720588207244873,0.04137388989329338,,,
8,2159,,,,0.9845632314682007,0.6985294222831726,0.04403320327401161,,,
8,2160,,,,0.9824924468994141,0.6593406796455383,0.04677649959921837,,,
8,2161,,,,0.9858810305595398,0.7252747416496277,0.039013441652059555,,,
8,2162,,,,0.9828689694404602,0.6539924144744873,0.044041793793439865,,,
8,2163,,,,0.9856927990913391,0.7285714149475098,0.04001762717962265,,,
8,2164,,,,0.9875752925872803,0.7642857432365417,0.03762824088335037,,,
8,2165,,,,0.985316276550293,0.7153284549713135,0.03930919989943504,,,
8,2166,,,,0.9871987700462341,0.7536231875419617,0.03365882486104965,,,
8,2167,,,,0.9836220145225525,0.6813187003135681,0.04082481935620308,,,
8,2168,,,,0.9862575531005859,0.7383512258529663,0.036968380212783813,,,
8,2169,,,,0.9849397540092468,0.7080292105674744,0.0444217287003994,,,
8,2170,,,,0.9841867685317993,0.6888889074325562,0.03964017331600189,,,
8,2171,,,,0.9838102459907532,0.6861313581466675,0.04175807163119316,,,
8,2172,,,,0.9868223071098328,0.7602739930152893,0.039800044149160385,,,
8,2173,,,,0.9832454919815063,0.6666666865348816,0.042581263929605484,,,
8,2174,,,,0.9866340160369873,0.743682324886322,0.0389680452644825,,,
8,2175,,,,0.9836220145225525,0.6640926599502563,0.046095069497823715,,,
8,2176,,,,0.984375,0.7046263217926025,0.04074466973543167,,,
8,2177,,,,0.9828689694404602,0.6761565804481506,0.037177953869104385,,,
8,2178,,,,0.9856927990913391,0.7246376872062683,0.04166211187839508,,,
8,2179,,,,0.9813629388809204,0.6264150738716125,0.046606190502643585,,,
8,2180,,,,0.9851279854774475,0.7063196897506714,0.048479583114385605,,,
8,2181,,,,0.9849397540092468,0.7014925479888916,0.0404638834297657,,,
8,2182,,,,0.983433723449707,0.6811594367027283,0.04314938932657242,,,
8,2183,,,,0.9815512299537659,0.6315789222717285,0.04503863304853439,,,
8,2184,,,,0.9862575531005859,0.7420494556427002,0.03906598687171936,,,
8,2185,,,,0.9809864163398743,0.6273062825202942,0.04345504939556122,,,
8,2186,,,,0.9862575531005859,0.7306272983551025,0.04585723951458931,,,
8,2187,,,,0.985316276550293,0.717391312122345,0.045711930841207504,,,
8,2188,,,,0.9871987700462341,0.7481481432914734,0.04153144732117653,,,
8,2189,,,,0.9855045080184937,0.7240143418312073,0.03796445578336716,,,
8,2190,,,,0.9851279854774475,0.7188612222671509,0.04258290305733681,,,
8,2191,,,,0.9849397540092468,0.7080292105674744,0.04422686994075775,,,
8,2192,,,,0.985316276550293,0.7153284549713135,0.0438087061047554,,,
8,2193,,,,0.9839984774589539,0.6953405141830444,0.039083924144506454,,,
8,2194,,,,0.9849397540092468,0.694656491279602,0.0483267605304718,,,
8,2195,,,,0.9821159839630127,0.6520146727561951,0.04826890304684639,,,
8,2196,,,,0.9864457845687866,0.7293233275413513,0.04335860162973404,,,
8,2197,,,,0.9856927990913391,0.7054263353347778,0.04238942265510559,,,
8,2198,,,,0.985316276550293,0.7111111283302307,0.04570125415921211,,,
8,2199,,,,0.9855045080184937,0.7158671617507935,0.04002617299556732,,,
8,2200,,,,0.9856927990913391,0.7185184955596924,0.041999801993370056,,,
8,2201,,,,0.9817394614219666,0.6498194932937622,0.04916004836559296,,,
8,2202,,,,0.9860692620277405,0.7218044996261597,0.040929824113845825,,,
8,2203,,,,0.9830572009086609,0.6785714030265808,0.04326733946800232,,,
8,2204,,,,0.9845632314682007,0.7028985619544983,0.04369702190160751,,,
8,2205,,,,0.9847515225410461,0.7117437720298767,0.0423668809235096,,,
8,2206,,,,0.9866340160369873,0.7399267554283142,0.04143635928630829,,,
8,2207,,,,0.9851279854774475,0.7063196897506714,0.043419260531663895,,,
8,2208,,,,0.9838102459907532,0.6742424368858337,0.04417774826288223,,,
8,2209,,,,0.9858810305595398,0.7272727489471436,0.0387769415974617,,,
8,2210,,,,0.9839984774589539,0.6909090876579285,0.04195355623960495,,,
8,2211,,,,0.9832454919815063,0.6763636469841003,0.04064842313528061,,,
8,2212,,,,0.9883283376693726,0.7785714268684387,0.03622787445783615,,,
8,2213,,,,0.9845632314682007,0.6985294222831726,0.04294469580054283,,,
8,2214,,,,0.9849397540092468,0.7142857313156128,0.039924684911966324,,,
8,2215,,,,0.9866340160369873,0.7526132464408875,0.036816686391830444,,,
8,2216,,,,0.9883283376693726,0.7785714268684387,0.03635161742568016,,,
8,2217,,,,0.9864457845687866,0.7464788556098938,0.03839755058288574,,,
8,2218,,,,0.9864457845687866,0.7313432693481445,0.041022758930921555,,,
8,2219,,,,0.9811747074127197,0.6428571343421936,0.04475343972444534,,,
8,2220,,,,0.9836220145225525,0.678966760635376,0.046210695058107376,,,
8,2221,,,,0.9864457845687866,0.7372262477874756,0.03715035319328308,,,
8,2222,,,,0.9836220145225525,0.678966760635376,0.04112750664353371,,,
8,2223,,,,0.9839984774589539,0.6863468885421753,0.04415980353951454,,,
8,2224,,,,0.9862575531005859,0.7383512258529663,0.03909263014793396,,,
8,2225,,,,0.9855045080184937,0.7179487347602844,0.03986727446317673,,,
8,2226,,,,0.984375,0.6981818079948425,0.04353564605116844,,,
8,2227,,,,0.9849397540092468,0.7142857313156128,0.04084266722202301,,,
8,2228,,,,0.9858810305595398,0.7191011309623718,0.04332895576953888,,,
8,2229,,,,0.9851279854774475,0.7148014307022095,0.04391062259674072,,,
8,2230,,,,0.9817394614219666,0.6548042893409729,0.043024491518735886,,,
8,2231,,,,0.9821159839630127,0.6494464874267578,0.04956978186964989,,,
8,2232,,,,0.9871987700462341,0.7536231875419617,0.0378120020031929,,,
8,2233,,,,0.9877635836601257,0.7686832547187805,0.03525950387120247,,,
8,2234,,,,0.9813629388809204,0.6346863508224487,0.04962140694260597,,,
8,2235,,,,0.9858810305595398,0.7368420958518982,0.039765533059835434,,,
8,2236,,,,0.9858810305595398,0.7330960631370544,0.04185102880001068,,,
8,2237,,,,0.9845632314682007,0.7210884094238281,0.04410317912697792,,,
8,2238,,,,0.9877635836601257,0.7653429508209229,0.033565472811460495,,,
8,2239,,,,0.9856927990913391,0.7304964661598206,0.03983793407678604,,,
8,2240,,,,0.985316276550293,0.7111111283302307,0.03872247785329819,,,
8,2241,,,,0.9838102459907532,0.6814814805984497,0.0460994690656662,,,
8,2242,,,,0.9849397540092468,0.7080292105674744,0.038308143615722656,,,
8,2243,,,,0.9856927990913391,0.720588207244873,0.04067529737949371,,,
8,2244,,,,0.9841867685317993,0.695652186870575,0.042394574731588364,,,
8,2245,,,,0.9841867685317993,0.7021276354789734,0.04223000258207321,,,
8,2246,,,,0.983433723449707,0.6666666865348816,0.04360989108681679,,,
8,2247,,,,0.9862575531005859,0.7224334478378296,0.03860621154308319,,,
8,2248,,,,0.9866340160369873,0.7380073666572571,0.03676866367459297,,,
8,2249,,,,0.9860085248947144,0.7333333492279053,0.03881845995783806,,,
8,2249,,,,,,,0.9841105341911316,0.6919927000999451,0.04369962960481644
9,2250,,,,0.985316276550293,0.7153284549713135,0.04060566425323486,,,
9,2251,,,,0.9824924468994141,0.6516854166984558,0.048775676637887955,,,
9,2252,,,,0.985316276550293,0.7272727489471436,0.044237539172172546,,,
9,2253,,,,0.9845632314682007,0.6985294222831726,0.042128562927246094,,,
9,2254,,,,0.9826807379722595,0.6592592597007751,0.048652611672878265,,,
9,2255,,,,0.9849397540092468,0.7101449370384216,0.03878425434231758,,,
9,2256,,,,0.9836220145225525,0.6859205961227417,0.04377853870391846,,,
9,2257,,,,0.9849397540092468,0.7122302055358887,0.043274614959955215,,,
9,2258,,,,0.9826807379722595,0.6592592597007751,0.04554589092731476,,,
9,2259,,,,0.9839984774589539,0.6909090876579285,0.04350707307457924,,,
9,2260,,,,0.9836220145225525,0.6859205961227417,0.04241561517119408,,,
9,2261,,,,0.9815512299537659,0.6343283653259277,0.04794374108314514,,,
9,2262,,,,0.9864457845687866,0.7428571581840515,0.03614875301718712,,,
9,2263,,,,0.9845632314682007,0.7028985619544983,0.04112960025668144,,,
9,2264,,,,0.9849397540092468,0.7142857313156128,0.03824927657842636,,,
9,2265,,,,0.9830572009086609,0.6715328693389893,0.04014168679714203,,,
9,2266,,,,0.9824924468994141,0.6618182063102722,0.049023475497961044,,,
9,2267,,,,0.9870105385780334,0.7396226525306702,0.03822299838066101,,,
9,2268,,,,0.9824924468994141,0.6463878154754639,0.04733845964074135,,,
9,2269,,,,0.9860692620277405,0.7338129281997681,0.04513812065124512,,,
9,2270,,,,0.9873870611190796,0.7632508873939514,0.037226602435112,,,
9,2271,,,,0.9855045080184937,0.7179487347602844,0.037989649921655655,,,
9,2272,,,,0.9836220145225525,0.678966760635376,0.04260461777448654,,,
9,2273,,,,0.9851279854774475,0.7168458700180054,0.03881916403770447,,,
9,2274,,,,0.9858810305595398,0.7330960631370544,0.03813742846250534,,,
9,2275,,,,0.984375,0.6937269568443298,0.0432777963578701,,,
9,2276,,,,0.9855045080184937,0.7200000286102295,0.04119368642568588,,,
9,2277,,,,0.9858810305595398,0.7272727489471436,0.03935135155916214,,,
9,2278,,,,0.9856927990913391,0.7226277589797974,0.041351914405822754,,,
9,2279,,,,0.9849397540092468,0.7058823704719543,0.04011430963873863,,,
9,2280,,,,0.9858810305595398,0.7272727489471436,0.040912214666604996,,,
9,2281,,,,0.9836220145225525,0.6813187003135681,0.047321490943431854,,,
9,2282,,,,0.9875752925872803,0.753731369972229,0.036244217306375504,,,
9,2283,,,,0.9841867685317993,0.699999988079071,0.039355237036943436,,,
9,2284,,,,0.9860692620277405,0.7318840622901917,0.04130814969539642,,,
9,2285,,,,0.985316276550293,0.7153284549713135,0.03991023451089859,,,
9,2286,,,,0.9868223071098328,0.7482014298439026,0.03851929306983948,,,
9,2287,,,,0.9830572009086609,0.6739130616188049,0.04403553158044815,,,
9,2288,,,,0.9832454919815063,0.6715866923332214,0.041791897267103195,,,
9,2289,,,,0.9847515225410461,0.6988847851753235,0.040225740522146225,,,
9,2290,,,,0.9862575531005859,0.7383512258529663,0.04063647612929344,,,
9,2291,,,,0.9879518151283264,0.7647058963775635,0.03741391748189926,,,
9,2292,,,,0.9824924468994141,0.6516854166984558,0.04695030674338341,,,
9,2293,,,,0.9847515225410461,0.7032967209815979,0.04160502180457115,,,
9,2294,,,,0.9839984774589539,0.6840148568153381,0.041893262416124344,,,
9,2295,,,,0.9858810305595398,0.7272727489471436,0.039684850722551346,,,
9,2296,,,,0.9871987700462341,0.7518247961997986,0.03789445012807846,,,
9,2297,,,,0.984375,0.7046263217926025,0.03793619945645332,,,
9,2298,,,,0.9881400465965271,0.7725631594657898,0.03878458961844444,,,
9,2299,,,,0.9811747074127197,0.6240601539611816,0.05349942669272423,,,
9,2300,,,,0.9832454919815063,0.6810035705566406,0.04781872779130936,,,
9,2301,,,,0.9851279854774475,0.7188612222671509,0.04433407634496689,,,
9,2302,,,,0.9847515225410461,0.7117437720298767,0.04203449934720993,,,
9,2303,,,,0.9832454919815063,0.6787003874778748,0.043733470141887665,,,
9,2304,,,,0.9851279854774475,0.7168458700180054,0.0391995795071125,,,
9,2305,,,,0.9809864163398743,0.624535322189331,0.0498565211892128,,,
9,2306,,,,0.9830572009086609,0.6830986142158508,0.04374929144978523,,,
9,2307,,,,0.983433723449707,0.6857143044471741,0.0440603569149971,,,
9,2308,,,,0.9855045080184937,0.7116104960441589,0.04539316147565842,,,
9,2309,,,,0.985316276550293,0.7153284549713135,0.03987322747707367,,,
9,2310,,,,0.9841867685317993,0.6911764740943909,0.04464666172862053,,,
9,2311,,,,0.9849397540092468,0.692307710647583,0.03996006026864052,,,
9,2312,,,,0.9849397540092468,0.7058823704719543,0.04281243309378624,,,
9,2313,,,,0.983433723449707,0.6615384817123413,0.04336518794298172,,,
9,2314,,,,0.9868223071098328,0.7426470518112183,0.040107931941747665,,,
9,2315,,,,0.9836220145225525,0.6716980934143066,0.04395682364702225,,,
9,2316,,,,0.9860692620277405,0.7338129281997681,0.03804642707109451,,,
9,2317,,,,0.983433723449707,0.6788321137428284,0.04383034259080887,,,
9,2318,,,,0.9849397540092468,0.7142857313156128,0.03901544213294983,,,
9,2319,,,,0.9851279854774475,0.7127272486686707,0.0386018380522728,,,
9,2320,,,,0.9838102459907532,0.6971830725669861,0.0406237430870533,,,
9,2321,,,,0.985316276550293,0.7132353186607361,0.044613711535930634,,,
9,2322,,,,0.9838102459907532,0.6766917109489441,0.042211610823869705,,,
9,2323,,,,0.9856927990913391,0.7164179086685181,0.04127003252506256,,,
9,2324,,,,0.9868223071098328,0.7407407164573669,0.03729512169957161,,,
9,2325,,,,0.9860692620277405,0.7357142567634583,0.03576960042119026,,,
9,2326,,,,0.9866340160369873,0.7508772015571594,0.03709553927183151,,,
9,2327,,,,0.9830572009086609,0.6666666865348816,0.04364745691418648,,,
9,2328,,,,0.9839984774589539,0.6863468885421753,0.04473387822508812,,,
9,2329,,,,0.9858810305595398,0.7292418479919434,0.035932790488004684,,,
9,2330,,,,0.9858810305595398,0.7386759519577026,0.039239004254341125,,,
9,2331,,,,0.9836220145225525,0.6836363673210144,0.042799998074769974,,,
9,2332,,,,0.985316276550293,0.717391312122345,0.04048079624772072,,,
9,2333,,,,0.9828689694404602,0.671480119228363,0.04241781681776047,,,
9,2334,,,,0.9860692620277405,0.7218044996261597,0.044245459139347076,,,
9,2335,,,,0.9849397540092468,0.6969696879386902,0.04196171090006828,,,
9,2336,,,,0.9868223071098328,0.7552447319030762,0.03594789654016495,,,
9,2337,,,,0.9849397540092468,0.7014925479888916,0.038492556661367416,,,
9,2338,,,,0.9849397540092468,0.7080292105674744,0.03853381797671318,,,
9,2339,,,,0.983433723449707,0.65625,0.043514151126146317,,,
9,2340,,,,0.9860692620277405,0.7238805890083313,0.03786681592464447,,,
9,2341,,,,0.9873870611190796,0.7681660652160645,0.033320385962724686,,,
9,2342,,,,0.9847515225410461,0.7177700400352478,0.04148711636662483,,,
9,2343,,,,0.9868223071098328,0.7517730593681335,0.03790077567100525,,,
9,2344,,,,0.9856927990913391,0.720588207244873,0.04167357087135315,,,
9,2345,,,,0.9860692620277405,0.7299270033836365,0.040052611380815506,,,
9,2346,,,,0.9855045080184937,0.7200000286102295,0.04605190083384514,,,
9,2347,,,,0.985316276550293,0.7214285731315613,0.03957556560635567,,,
9,2348,,,,0.9847515225410461,0.7011070251464844,0.04626254364848137,,,
9,2349,,,,0.9845632314682007,0.6985294222831726,0.04222258925437927,,,
9,2350,,,,0.9864457845687866,0.7313432693481445,0.03901985287666321,,,
9,2351,,,,0.9864457845687866,0.7352941036224365,0.040646109730005264,,,
9,2352,,,,0.9870105385780334,0.7472527623176575,0.0378202386200428,,,
9,2353,,,,0.9836220145225525,0.6881720423698425,0.03982240706682205,,,
9,2354,,,,0.9851279854774475,0.7148014307022095,0.03898558393120766,,,
9,2355,,,,0.9807981848716736,0.6304348111152649,0.04448080435395241,,,
9,2356,,,,0.9839984774589539,0.6840148568153381,0.0430079847574234,,,
9,2357,,,,0.9851279854774475,0.7106227278709412,0.03978820517659187,,,
9,2358,,,,0.9862575531005859,0.7364621162414551,0.04075679928064346,,,
9,2359,,,,0.9851279854774475,0.7127272486686707,0.03808394446969032,,,
9,2360,,,,0.9839984774589539,0.6953405141830444,0.05008164048194885,,,
9,2361,,,,0.9832454919815063,0.6739926934242249,0.040834538638591766,,,
9,2362,,,,0.9817394614219666,0.6472727060317993,0.04524867236614227,,,
9,2363,,,,0.9841867685317993,0.6818181872367859,0.041539330035448074,,,
9,2364,,,,0.9836220145225525,0.678966760635376,0.04469531401991844,,,
9,2365,,,,0.9855045080184937,0.7116104960441589,0.040218476206064224,,,
9,2366,,,,0.984375,0.6867924332618713,0.03936992958188057,,,
9,2367,,,,0.9849397540092468,0.7183098793029785,0.04063386470079422,,,
9,2368,,,,0.9881400465965271,0.7773851752281189,0.03651881963014603,,,
9,2369,,,,0.9860692620277405,0.7279411554336548,0.03966439515352249,,,
9,2370,,,,0.9862575531005859,0.7402135133743286,0.03731049969792366,,,
9,2371,,,,0.9838102459907532,0.695035457611084,0.045704782009124756,,,
9,2372,,,,0.9845632314682007,0.6962962746620178,0.04551857337355614,,,
9,2373,,,,0.9871987700462341,0.7518247961997986,0.04194584861397743,,,
9,2374,,,,0.9856927990913391,0.7285714149475098,0.04236790910363197,,,
9,2375,,,,0.9875752925872803,0.7642857432365417,0.03700830787420273,,,
9,2376,,,,0.9832454919815063,0.6666666865348816,0.04299769178032875,,,
9,2377,,,,0.9841867685317993,0.699999988079071,0.0406433641910553,,,
9,2378,,,,0.9864457845687866,0.739130437374115,0.03718254342675209,,,
9,2379,,,,0.9819276928901672,0.6546762585639954,0.04356341063976288,,,
9,2380,,,,0.9847515225410461,0.7157894968986511,0.03986913338303566,,,
9,2381,,,,0.9838102459907532,0.6861313581466675,0.045844804495573044,,,
9,2382,,,,0.9845632314682007,0.7071428298950195,0.042720645666122437,,,
9,2383,,,,0.9817394614219666,0.6446886658668518,0.043200816959142685,,,
9,2384,,,,0.9845632314682007,0.7050359845161438,0.04227910563349724,,,
9,2385,,,,0.9839984774589539,0.6863468885421753,0.04371178150177002,,,
9,2386,,,,0.9862575531005859,0.7306272983551025,0.03960837051272392,,,
9,2387,,,,0.9832454919815063,0.685512363910675,0.04259227216243744,,,
9,2388,,,,0.9862575531005859,0.7364621162414551,0.0401102751493454,,,
9,2389,,,,0.9871987700462341,0.746268630027771,0.03687427565455437,,,
9,2390,,,,0.9870105385780334,0.7472527623176575,0.037614282220602036,,,
9,2391,,,,0.9839984774589539,0.6840148568153381,0.03996063396334648,,,
9,2392,,,,0.985316276550293,0.7111111283302307,0.04325094446539879,,,
9,2393,,,,0.9847515225410461,0.6988847851753235,0.04413224756717682,,,
9,2394,,,,0.9875752925872803,0.7591241002082825,0.04016996547579765,,,
9,2395,,,,0.9888930916786194,0.7885304689407349,0.03621498495340347,,,
9,2396,,,,0.9858810305595398,0.7169811129570007,0.04047597572207451,,,
9,2397,,,,0.9826807379722595,0.6666666865348816,0.045175060629844666,,,
9,2398,,,,0.9858810305595398,0.7311828136444092,0.03884595260024071,,,
9,2399,,,,0.983433723449707,0.6788321137428284,0.04126035422086716,,,
9,2400,,,,0.9870105385780334,0.7453874349594116,0.03768877685070038,,,
9,2401,,,,0.9815512299537659,0.6287878751754761,0.04656673222780228,,,
9,2402,,,,0.9864457845687866,0.7446808218955994,0.03622866049408913,,,
9,2403,,,,0.9868223071098328,0.7426470518112183,0.038886796683073044,,,
9,2404,,,,0.9856927990913391,0.7226277589797974,0.0406135618686676,,,
9,2405,,,,0.9849397540092468,0.7122302055358887,0.044037140905857086,,,
9,2406,,,,0.985316276550293,0.7111111283302307,0.04325204715132713,,,
9,2407,,,,0.9858810305595398,0.7330960631370544,0.03865251690149307,,,
9,2408,,,,0.9823042154312134,0.6518518328666687,0.043236829340457916,,,
9,2409,,,,0.9856927990913391,0.7304964661598206,0.03829888254404068,,,
9,2410,,,,0.9845632314682007,0.7007299065589905,0.04295611381530762,,,
9,2411,,,,0.9862575531005859,0.7245283126831055,0.041588254272937775,,,
9,2412,,,,0.9860692620277405,0.7394366264343262,0.04012900963425636,,,
9,2413,,,,0.983433723449707,0.6857143044471741,0.04296845942735672,,,
9,2414,,,,0.9864457845687866,0.7410072088241577,0.038698095828294754,,,
9,2415,,,,0.9847515225410461,0.7011070251464844,0.048332005739212036,,,
9,2416,,,,0.9868223071098328,0.7482014298439026,0.036919184029102325,,,
9,2417,,,,0.9862575531005859,0.7383512258529663,0.03900264948606491,,,
9,2418,,,,0.9855045080184937,0.7240143418312073,0.044910136610269547,,,
9,2419,,,,0.9871987700462341,0.7536231875419617,0.03564903885126114,,,
9,2420,,,,0.9839984774589539,0.6816479563713074,0.04145943373441696,,,
9,2421,,,,0.9832454919815063,0.6641509532928467,0.04722199589014053,,,
9,2422,,,,0.9830572009086609,0.6691176295280457,0.041993699967861176,,,
9,2423,,,,0.9855045080184937,0.7220216393470764,0.0416455902159214,,,
9,2424,,,,0.9860692620277405,0.7394366264343262,0.04076381027698517,,,
9,2425,,,,0.9845632314682007,0.6917293071746826,0.043735817074775696,,,
9,2426,,,,0.9841867685317993,0.6911764740943909,0.03816667199134827,,,
9,2427,,,,0.9849397540092468,0.7080292105674744,0.043013036251068115,,,
9,2428,,,,0.9883283376693726,0.7785714268684387,0.033066969364881516,,,
9,2429,,,,0.9832454919815063,0.6666666865348816,0.047725778073072433,,,
9,2430,,,,0.9824924468994141,0.6516854166984558,0.0408923514187336,,,
9,2431,,,,0.9845632314682007,0.7050359845161438,0.04158424958586693,,,
9,2432,,,,0.9847515225410461,0.7075812220573425,0.040980346500873566,,,
9,2433,,,,0.9841867685317993,0.699999988079071,0.04240760952234268,,,
9,2434,,,,0.9862575531005859,0.7383512258529663,0.03774207457900047,,,
9,2435,,,,0.9883283376693726,0.7816901206970215,0.0342843122780323,,,
9,2436,,,,0.9826807379722595,0.6592592597007751,0.046462833881378174,,,
9,2437,,,,0.9845632314682007,0.7050359845161438,0.04081497713923454,,,
9,2438,,,,0.9870105385780334,0.7472527623176575,0.03812685236334801,,,
9,2439,,,,0.9858810305595398,0.7349823117256165,0.04303848743438721,,,
9,2440,,,,0.9839984774589539,0.6840148568153381,0.04271800071001053,,,
9,2441,,,,0.9855045080184937,0.725978672504425,0.04164008051156998,,,
9,2442,,,,0.9879518151283264,0.7681159377098083,0.03768765181303024,,,
9,2443,,,,0.9849397540092468,0.7142857313156128,0.04056379571557045,,,
9,2444,,,,0.9851279854774475,0.7127272486686707,0.038459744304418564,,,
9,2445,,,,0.984375,0.6959707140922546,0.04266585782170296,,,
9,2446,,,,0.9851279854774475,0.7168458700180054,0.04378092288970947,,,
9,2447,,,,0.9839984774589539,0.6909090876579285,0.04127595201134682,,,
9,2448,,,,0.9823042154312134,0.6518518328666687,0.04574602469801903,,,
9,2449,,,,0.9851279854774475,0.7127272486686707,0.04050107300281525,,,
9,2450,,,,0.9839984774589539,0.7017543911933899,0.04028243198990822,,,
9,2451,,,,0.9849397540092468,0.7101449370384216,0.044941674917936325,,,
9,2452,,,,0.9838102459907532,0.6838235259056091,0.04413755610585213,,,
9,2453,,,,0.9839984774589539,0.703832745552063,0.041336074471473694,,,
9,2454,,,,0.9860692620277405,0.7430555820465088,0.03825199604034424,,,
9,2455,,,,0.9858810305595398,0.7252747416496277,0.03927653655409813,,,
9,2456,,,,0.9851279854774475,0.7127272486686707,0.04096680134534836,,,
9,2457,,,,0.9849397540092468,0.694656491279602,0.0417591817677021,,,
9,2458,,,,0.9864457845687866,0.7372262477874756,0.03892727568745613,,,
9,2459,,,,0.9841867685317993,0.6842105388641357,0.04074380174279213,,,
9,2460,,,,0.9798569083213806,0.6022304892539978,0.04768841713666916,,,
9,2461,,,,0.9881400465965271,0.7692307829856873,0.03630019351840019,,,
9,2462,,,,0.984375,0.6981818079948425,0.04103497043251991,,,
9,2463,,,,0.985316276550293,0.7067669034004211,0.04150999337434769,,,
9,2464,,,,0.9856927990913391,0.7121211886405945,0.0432240329682827,,,
9,2465,,,,0.9836220145225525,0.6859205961227417,0.04215119034051895,,,
9,2466,,,,0.9856927990913391,0.7379310131072998,0.043089237064123154,,,
9,2467,,,,0.9864457845687866,0.748251736164093,0.03649388253688812,,,
9,2468,,,,0.9847515225410461,0.7075812220573425,0.04203386232256889,,,
9,2469,,,,0.9836220145225525,0.6989619135856628,0.03936152532696724,,,
9,2470,,,,0.9855045080184937,0.725978672504425,0.041143931448459625,,,
9,2471,,,,0.9849397540092468,0.716312050819397,0.04186941310763359,,,
9,2472,,,,0.985316276550293,0.7272727489471436,0.040182240307331085,,,
9,2473,,,,0.9836220145225525,0.690391480922699,0.04353712126612663,,,
9,2474,,,,0.9855045080184937,0.7179487347602844,0.04257537052035332,,,
9,2475,,,,0.9856927990913391,0.7266187071800232,0.04094214364886284,,,
9,2476,,,,0.9838102459907532,0.6814814805984497,0.0415191613137722,,,
9,2477,,,,0.9836220145225525,0.678966760635376,0.04220122843980789,,,
9,2478,,,,0.9830572009086609,0.6830986142158508,0.04164109006524086,,,
9,2479,,,,0.9868223071098328,0.7388059496879578,0.043615687638521194,,,
9,2480,,,,0.9839984774589539,0.6863468885421753,0.04098953679203987,,,
9,2481,,,,0.9847515225410461,0.7117437720298767,0.04170304536819458,,,
9,2482,,,,0.9851279854774475,0.7303754091262817,0.03911786153912544,,,
9,2483,,,,0.9832454919815063,0.661596953868866,0.04416746646165848,,,
9,2484,,,,0.9860692620277405,0.7218044996261597,0.03761117160320282,,,
9,2485,,,,0.9828689694404602,0.671480119228363,0.04629908874630928,,,
9,2486,,,,0.9830572009086609,0.6715328693389893,0.040818873792886734,,,
9,2487,,,,0.9858810305595398,0.7191011309623718,0.040429458022117615,,,
9,2488,,,,0.9849397540092468,0.6969696879386902,0.04144681245088577,,,
9,2489,,,,0.9841867685317993,0.6934306621551514,0.03967108204960823,,,
9,2490,,,,0.9866340160369873,0.7340824007987976,0.04034944251179695,,,
9,2491,,,,0.9855045080184937,0.7158671617507935,0.04044520482420921,,,
9,2492,,,,0.9841867685317993,0.6793892979621887,0.04212068393826485,,,
9,2493,,,,0.983433723449707,0.6716417670249939,0.042166128754615784,,,
9,2494,,,,0.9845632314682007,0.6940298676490784,0.0412713848054409,,,
9,2495,,,,0.9877635836601257,0.7703180313110352,0.03264253959059715,,,
9,2496,,,,0.9881400465965271,0.7758007049560547,0.03822946920990944,,,
9,2497,,,,0.9860692620277405,0.7318840622901917,0.03917897865176201,,,
9,2498,,,,0.9862575531005859,0.732600748538971,0.040092673152685165,,,
9,2499,,,,0.9830936789512634,0.6813187003135681,0.040132615715265274,,,
9,2499,,,,,,,0.9844784140586853,0.7020223140716553,0.042869262397289276
10,2500,,,,0.9866340160369873,0.7526132464408875,0.03984012082219124,,,
10,2501,,,,0.9836220145225525,0.6881720423698425,0.046841491013765335,,,
10,2502,,,,0.9870105385780334,0.754448413848877,0.03903132677078247,,,
10,2503,,,,0.9819276928901672,0.6521739363670349,0.04875931516289711,,,
10,2504,,,,0.9839984774589539,0.6909090876579285,0.04597565531730652,,,
10,2505,,,,0.9851279854774475,0.7127272486686707,0.03873961791396141,,,
10,2506,,,,0.9828689694404602,0.6690909266471863,0.04140781611204147,,,
10,2507,,,,0.9870105385780334,0.7595818638801575,0.037670474499464035,,,
10,2508,,,,0.9860692620277405,0.7318840622901917,0.03885030746459961,,,
10,2509,,,,0.9864457845687866,0.7333333492279053,0.03641394525766373,,,
10,2510,,,,0.9815512299537659,0.6397058963775635,0.048676326870918274,,,
10,2511,,,,0.9845632314682007,0.7152777910232544,0.04267953336238861,,,
10,2512,,,,0.9875752925872803,0.7555555701255798,0.0371771976351738,,,
10,2513,,,,0.9841867685317993,0.6978417038917542,0.037153176963329315,,,
10,2514,,,,0.9838102459907532,0.6884058117866516,0.043381087481975555,,,
10,2515,,,,0.9875752925872803,0.7676056623458862,0.03626956418156624,,,
10,2516,,,,0.985316276550293,0.7194244861602783,0.03909473121166229,,,
10,2517,,,,0.9849397540092468,0.7080292105674744,0.036777082830667496,,,
10,2518,,,,0.9849397540092468,0.7202796936035156,0.04099900647997856,,,
10,2519,,,,0.9839984774589539,0.6953405141830444,0.04389800503849983,,,
10,2520,,,,0.9860692620277405,0.7394366264343262,0.04032878950238228,,,
10,2521,,,,0.9887048006057739,0.7902097702026367,0.03674444183707237,,,
10,2522,,,,0.9860692620277405,0.7338129281997681,0.04043123498558998,,,
10,2523,,,,0.9838102459907532,0.6838235259056091,0.04202503338456154,,,
10,2524,,,,0.9847515225410461,0.7096773982048035,0.03930629417300224,,,
10,2525,,,,0.9851279854774475,0.7208480834960938,0.035976458340883255,,,
10,2526,,,,0.9856927990913391,0.7342657446861267,0.03744764253497124,,,
10,2527,,,,0.9830572009086609,0.6641790866851807,0.04626176133751869,,,
10,2528,,,,0.9877635836601257,0.761904776096344,0.03466476872563362,,,
10,2529,,,,0.985316276550293,0.7272727489471436,0.042111195623874664,,,
10,2530,,,,0.9838102459907532,0.6928571462631226,0.04294203221797943,,,
10,2531,,,,0.9860692620277405,0.713178277015686,0.042606011033058167,,,
10,2532,,,,0.9860692620277405,0.7338129281997681,0.0359237901866436,,,
10,2533,,,,0.9839984774589539,0.6743295192718506,0.047128234058618546,,,
10,2534,,,,0.9849397540092468,0.7142857313156128,0.038000307977199554,,,
10,2535,,,,0.983433723449707,0.6811594367027283,0.03801758214831352,,,
10,2536,,,,0.9851279854774475,0.7168458700180054,0.04364964738488197,,,
10,2537,,,,0.9830572009086609,0.6666666865348816,0.044924043118953705,,,
10,2538,,,,0.9838102459907532,0.6640625,0.04391204193234444,,,
10,2539,,,,0.9836220145225525,0.6765799522399902,0.04295159876346588,,,
10,2540,,,,0.9838102459907532,0.6791045069694519,0.042992595583200455,,,
10,2541,,,,0.9826807379722595,0.6642335653305054,0.04633446782827377,,,
10,2542,,,,0.9830572009086609,0.6616541147232056,0.04359642043709755,,,
10,2543,,,,0.984375,0.6959707140922546,0.04060447961091995,,,
10,2544,,,,0.9841867685317993,0.6842105388641357,0.0482710637152195,,,
10,2545,,,,0.9839984774589539,0.6840148568153381,0.04180361330509186,,,
10,2546,,,,0.985316276550293,0.7111111283302307,0.04281133785843849,,,
10,2547,,,,0.9841867685317993,0.6934306621551514,0.04208777844905853,,,
10,2548,,,,0.9856927990913391,0.7226277589797974,0.041557133197784424,,,
10,2549,,,,0.9856927990913391,0.7266187071800232,0.03783407062292099,,,
10,2550,,,,0.9851279854774475,0.7247386574745178,0.0423712357878685,,,
10,2551,,,,0.9841867685317993,0.7062937021255493,0.04254675284028053,,,
10,2552,,,,0.984375,0.7046263217926025,0.04057886824011803,,,
10,2553,,,,0.9845632314682007,0.6985294222831726,0.03983249142765999,,,
10,2554,,,,0.983433723449707,0.6716417670249939,0.04353741928935051,,,
10,2555,,,,0.9841867685317993,0.6842105388641357,0.040182214230298996,,,
10,2556,,,,0.9860692620277405,0.7279411554336548,0.0405060350894928,,,
10,2557,,,,0.9873870611190796,0.7545787692070007,0.03807762265205383,,,
10,2558,,,,0.9868223071098328,0.7517730593681335,0.036689531058073044,,,
10,2559,,,,0.9871987700462341,0.7518247961997986,0.0374600887298584,,,
10,2560,,,,0.9871987700462341,0.75,0.03494555503129959,,,
10,2561,,,,0.9856927990913391,0.7246376872062683,0.041842348873615265,,,
10,2562,,,,0.9855045080184937,0.725978672504425,0.038882747292518616,,,
10,2563,,,,0.9860692620277405,0.7259259223937988,0.03790747746825218,,,
10,2564,,,,0.9851279854774475,0.7148014307022095,0.0438368059694767,,,
10,2565,,,,0.9836220145225525,0.6925795078277588,0.043256327509880066,,,
10,2566,,,,0.9871987700462341,0.7518247961997986,0.041346896439790726,,,
10,2567,,,,0.9866340160369873,0.7360594868659973,0.03818576782941818,,,
10,2568,,,,0.9851279854774475,0.7168458700180054,0.039471790194511414,,,
10,2569,,,,0.9877635836601257,0.7686832547187805,0.03347853571176529,,,
10,2570,,,,0.9860692620277405,0.7299270033836365,0.04066796228289604,,,
10,2571,,,,0.9821159839630127,0.6570397019386292,0.045545462518930435,,,
10,2572,,,,0.9860692620277405,0.7394366264343262,0.0391690731048584,,,
10,2573,,,,0.9868223071098328,0.7482014298439026,0.03636642172932625,,,
10,2574,,,,0.9871987700462341,0.7622377872467041,0.03779343515634537,,,
10,2575,,,,0.9821159839630127,0.6494464874267578,0.043593794107437134,,,
10,2576,,,,0.9855045080184937,0.725978672504425,0.03764134645462036,,,
10,2577,,,,0.9868223071098328,0.7445255517959595,0.037074554711580276,,,
10,2578,,,,0.9864457845687866,0.7428571581840515,0.04132926091551781,,,
10,2579,,,,0.9841867685317993,0.6978417038917542,0.04581595957279205,,,
10,2580,,,,0.9866340160369873,0.7526132464408875,0.037144046276807785,,,
10,2581,,,,0.9860692620277405,0.7338129281997681,0.03592173010110855,,,
10,2582,,,,0.9841867685317993,0.699999988079071,0.03833911940455437,,,
10,2583,,,,0.985316276550293,0.7089552283287048,0.041236862540245056,,,
10,2584,,,,0.9847515225410461,0.7011070251464844,0.03836311399936676,,,
10,2585,,,,0.9862575531005859,0.7306272983551025,0.03908683732151985,,,
10,2586,,,,0.9887048006057739,0.7810218930244446,0.03810592368245125,,,
10,2587,,,,0.9879518151283264,0.7730496525764465,0.03597991168498993,,,
10,2588,,,,0.9811747074127197,0.6503496766090393,0.04375188797712326,,,
10,2589,,,,0.9851279854774475,0.7168458700180054,0.03766845166683197,,,
10,2590,,,,0.983433723449707,0.6811594367027283,0.04165326803922653,,,
10,2591,,,,0.9858810305595398,0.7191011309623718,0.03898196294903755,,,
10,2592,,,,0.9847515225410461,0.7032967209815979,0.039786700159311295,,,
10,2593,,,,0.9851279854774475,0.7208480834960938,0.036694444715976715,,,
10,2594,,,,0.9851279854774475,0.7106227278709412,0.038439325988292694,,,
10,2595,,,,0.9836220145225525,0.6881720423698425,0.04111964628100395,,,
10,2596,,,,0.9856927990913391,0.7226277589797974,0.042785268276929855,,,
10,2597,,,,0.9858810305595398,0.723247230052948,0.043100662529468536,,,
10,2598,,,,0.9836220145225525,0.696864128112793,0.046431802213191986,,,
10,2599,,,,0.9824924468994141,0.649056613445282,0.047158051282167435,,,
10,2600,,,,0.9873870611190796,0.7665505409240723,0.03891581669449806,,,
10,2601,,,,0.9813629388809204,0.6292135119438171,0.04754804074764252,,,
10,2602,,,,0.9851279854774475,0.7106227278709412,0.041908204555511475,,,
10,2603,,,,0.9851279854774475,0.7084870934486389,0.040654558688402176,,,
10,2604,,,,0.9838102459907532,0.6884058117866516,0.04387720674276352,,,
10,2605,,,,0.9858810305595398,0.7272727489471436,0.04227389395236969,,,
10,2606,,,,0.9839984774589539,0.6886447072029114,0.040623269975185394,,,
10,2607,,,,0.9836220145225525,0.6881720423698425,0.04495687037706375,,,
10,2608,,,,0.9870105385780334,0.7490909099578857,0.03621397167444229,,,
10,2609,,,,0.9871987700462341,0.7622377872467041,0.03720242157578468,,,
10,2610,,,,0.985316276550293,0.7194244861602783,0.0352897085249424,,,
10,2611,,,,0.9860692620277405,0.7279411554336548,0.03724726662039757,,,
10,2612,,,,0.9849397540092468,0.6969696879386902,0.04341905564069748,,,
10,2613,,,,0.9856927990913391,0.7285714149475098,0.0360514260828495,,,
10,2614,,,,0.9847515225410461,0.7032967209815979,0.04184891656041145,,,
10,2615,,,,0.9870105385780334,0.754448413848877,0.03508387878537178,,,
10,2616,,,,0.9866340160369873,0.7455196976661682,0.04085494205355644,,,
10,2617,,,,0.9860692620277405,0.7279411554336548,0.04046215862035751,,,
10,2618,,,,0.9875752925872803,0.760869562625885,0.0381816104054451,,,
10,2619,,,,0.9860692620277405,0.7394366264343262,0.03867032006382942,,,
10,2620,,,,0.9841867685317993,0.695652186870575,0.04419087618589401,,,
10,2621,,,,0.985316276550293,0.7291666865348816,0.035195209085941315,,,
10,2622,,,,0.9864457845687866,0.7464788556098938,0.03752662241458893,,,
10,2623,,,,0.9856927990913391,0.7164179086685181,0.04069644212722778,,,
10,2624,,,,0.9839984774589539,0.6909090876579285,0.045662377029657364,,,
10,2625,,,,0.9877635836601257,0.7636363506317139,0.03479753062129021,,,
10,2626,,,,0.983433723449707,0.6879432797431946,0.04288077354431152,,,
10,2627,,,,0.9894578456878662,0.8055555820465088,0.03519010916352272,,,
10,2628,,,,0.983433723449707,0.6788321137428284,0.04268617182970047,,,
10,2629,,,,0.985316276550293,0.7111111283302307,0.04196712002158165,,,
10,2630,,,,0.9860692620277405,0.73758864402771,0.041693415492773056,,,
10,2631,,,,0.9856927990913391,0.7185184955596924,0.04040546715259552,,,
10,2632,,,,0.9881400465965271,0.7773851752281189,0.03480475768446922,,,
10,2633,,,,0.9849397540092468,0.7122302055358887,0.038312409073114395,,,
10,2634,,,,0.9841867685317993,0.699999988079071,0.044066816568374634,,,
10,2635,,,,0.9890813231468201,0.801369845867157,0.03355417400598526,,,
10,2636,,,,0.9849397540092468,0.7122302055358887,0.04102374613285065,,,
10,2637,,,,0.9860692620277405,0.7394366264343262,0.035481881350278854,,,
10,2638,,,,0.9881400465965271,0.774193525314331,0.034830156713724136,,,
10,2639,,,,0.9823042154312134,0.6618704795837402,0.04126739874482155,,,
10,2640,,,,0.9828689694404602,0.6642066240310669,0.044833045452833176,,,
10,2641,,,,0.9823042154312134,0.6492537260055542,0.0481138601899147,,,
10,2642,,,,0.9855045080184937,0.7179487347602844,0.04006246104836464,,,
10,2643,,,,0.9845632314682007,0.689393937587738,0.042384497821331024,,,
10,2644,,,,0.9862575531005859,0.7420494556427002,0.038390494883060455,,,
10,2645,,,,0.984375,0.7067137956619263,0.040428176522254944,,,
10,2646,,,,0.984375,0.7003610134124756,0.040126603096723557,,,
10,2647,,,,0.985316276550293,0.7214285731315613,0.04283728450536728,,,
10,2648,,,,0.9868223071098328,0.7482014298439026,0.03650050610303879,,,
10,2649,,,,0.9839984774589539,0.6953405141830444,0.04064624384045601,,,
10,2650,,,,0.9807981848716736,0.6194030046463013,0.047286927700042725,,,
10,2651,,,,0.9847515225410461,0.6943396329879761,0.04286337271332741,,,
10,2652,,,,0.9866340160369873,0.7380073666572571,0.03872163966298103,,,
10,2653,,,,0.9845632314682007,0.6917293071746826,0.04300771281123161,,,
10,2654,,,,0.9862575531005859,0.7345454692840576,0.04104616120457649,,,
10,2655,,,,0.9862575531005859,0.7402135133743286,0.04048766568303108,,,
10,2656,,,,0.9877635836601257,0.7670251131057739,0.03628262132406235,,,
10,2657,,,,0.9845632314682007,0.7092198729515076,0.04077089577913284,,,
10,2658,,,,0.9841867685317993,0.6888889074325562,0.03974517062306404,,,
10,2659,,,,0.9849397540092468,0.7183098793029785,0.04063626006245613,,,
10,2660,,,,0.9849397540092468,0.7101449370384216,0.03858523815870285,,,
10,2661,,,,0.984375,0.7067137956619263,0.03909827396273613,,,
10,2662,,,,0.9860692620277405,0.7394366264343262,0.03632016107439995,,,
10,2663,,,,0.9849397540092468,0.6969696879386902,0.04330088198184967,,,
10,2664,,,,0.984375,0.6914498209953308,0.03827616199851036,,,
10,2665,,,,0.9836220145225525,0.6925795078277588,0.043465275317430496,,,
10,2666,,,,0.9858810305595398,0.7330960631370544,0.03902482986450195,,,
10,2667,,,,0.9864457845687866,0.7428571581840515,0.03976017236709595,,,
10,2668,,,,0.9838102459907532,0.7013888955116272,0.040277183055877686,,,
10,2669,,,,0.9856927990913391,0.7226277589797974,0.04062560573220253,,,
10,2670,,,,0.9841867685317993,0.6978417038917542,0.03724509850144386,,,
10,2671,,,,0.9839984774589539,0.6840148568153381,0.04548625275492668,,,
10,2672,,,,0.9858810305595398,0.723247230052948,0.04354254528880119,,,
10,2673,,,,0.9860692620277405,0.7299270033836365,0.03674861416220665,,,
10,2674,,,,0.9860692620277405,0.7299270033836365,0.039928484708070755,,,
10,2675,,,,0.984375,0.6891385912895203,0.03991079330444336,,,
10,2676,,,,0.9847515225410461,0.6966292262077332,0.03876309469342232,,,
10,2677,,,,0.985316276550293,0.7272727489471436,0.037217877805233,,,
10,2678,,,,0.9851279854774475,0.7127272486686707,0.04266171157360077,,,
10,2679,,,,0.9858810305595398,0.7272727489471436,0.03871534392237663,,,
10,2680,,,,0.9885165691375732,0.7715355753898621,0.03212506324052811,,,
10,2681,,,,0.9855045080184937,0.7240143418312073,0.04229051247239113,,,
10,2682,,,,0.9851279854774475,0.701886773109436,0.0423356257379055,,,
10,2683,,,,0.9838102459907532,0.6791045069694519,0.0434386320412159,,,
10,2684,,,,0.9855045080184937,0.7094339728355408,0.03823334351181984,,,
10,2685,,,,0.9836220145225525,0.6716980934143066,0.042902179062366486,,,
10,2686,,,,0.9866340160369873,0.7491165995597839,0.03974979743361473,,,
10,2687,,,,0.983433723449707,0.6901408433914185,0.04336903989315033,,,
10,2688,,,,0.9845632314682007,0.7007299065589905,0.0434400774538517,,,
10,2689,,,,0.9841867685317993,0.6978417038917542,0.044653214514255524,,,
10,2690,,,,0.9868223071098328,0.7552447319030762,0.0336301326751709,,,
10,2691,,,,0.984375,0.6959707140922546,0.041511308401823044,,,
10,2692,,,,0.9864457845687866,0.7464788556098938,0.037879493087530136,,,
10,2693,,,,0.9862575531005859,0.7491409182548523,0.03731253743171692,,,
10,2694,,,,0.985316276550293,0.7291666865348816,0.03754162788391113,,,
10,2695,,,,0.9841867685317993,0.695652186870575,0.03989622741937637,,,
10,2696,,,,0.9858810305595398,0.7330960631370544,0.03708036243915558,,,
10,2697,,,,0.9845632314682007,0.7132866978645325,0.041068755090236664,,,
10,2698,,,,0.9849397540092468,0.7183098793029785,0.041320718824863434,,,
10,2699,,,,0.9851279854774475,0.7168458700180054,0.035843878984451294,,,
10,2700,,,,0.983433723449707,0.692307710647583,0.0402066595852375,,,
10,2701,,,,0.9890813231468201,0.7928571701049805,0.03555198386311531,,,
10,2702,,,,0.9832454919815063,0.6715866923332214,0.04511779174208641,,,
10,2703,,,,0.9807981848716736,0.6357142925262451,0.047022853046655655,,,
10,2704,,,,0.985316276550293,0.717391312122345,0.0371551550924778,,,
10,2705,,,,0.9868223071098328,0.7482014298439026,0.03519823029637337,,,
10,2706,,,,0.9877635836601257,0.7653429508209229,0.03659231588244438,,,
10,2707,,,,0.9826807379722595,0.6567164063453674,0.04472273215651512,,,
10,2708,,,,0.9849397540092468,0.7058823704719543,0.0389506071805954,,,
10,2709,,,,0.9849397540092468,0.7037037014961243,0.040912777185440063,,,
10,2710,,,,0.9858810305595398,0.7292418479919434,0.041220683604478836,,,
10,2711,,,,0.9838102459907532,0.6861313581466675,0.04377200827002525,,,
10,2712,,,,0.9839984774589539,0.6840148568153381,0.04217004403471947,,,
10,2713,,,,0.9830572009086609,0.6641790866851807,0.04399966821074486,,,
10,2714,,,,0.9849397540092468,0.7101449370384216,0.04046950489282608,,,
10,2715,,,,0.9841867685317993,0.6793892979621887,0.04440515860915184,,,
10,2716,,,,0.9821159839630127,0.6570397019386292,0.04451809078454971,,,
10,2717,,,,0.984375,0.6867924332618713,0.046250589191913605,,,
10,2718,,,,0.983433723449707,0.6691729426383972,0.04511013627052307,,,
10,2719,,,,0.9855045080184937,0.7158671617507935,0.039127591997385025,,,
10,2720,,,,0.9841867685317993,0.6911764740943909,0.0417693555355072,,,
10,2721,,,,0.984375,0.6914498209953308,0.040219731628894806,,,
10,2722,,,,0.9862575531005859,0.732600748538971,0.04017231985926628,,,
10,2723,,,,0.9871987700462341,0.746268630027771,0.04019491374492645,,,
10,2724,,,,0.9866340160369873,0.7360594868659973,0.03905516862869263,,,
10,2725,,,,0.9870105385780334,0.7453874349594116,0.038844842463731766,,,
10,2726,,,,0.9847515225410461,0.7011070251464844,0.041861336678266525,,,
10,2727,,,,0.9839984774589539,0.703832745552063,0.04400598257780075,,,
10,2728,,,,0.9849397540092468,0.7122302055358887,0.0394977405667305,,,
10,2729,,,,0.983433723449707,0.6811594367027283,0.04125188663601875,,,
10,2730,,,,0.9860692620277405,0.7430555820465088,0.03907502442598343,,,
10,2731,,,,0.9879518151283264,0.7714285850524902,0.03914037346839905,,,
10,2732,,,,0.9851279854774475,0.7084870934486389,0.04032231494784355,,,
10,2733,,,,0.9838102459907532,0.695035457611084,0.04296175763010979,,,
10,2734,,,,0.9855045080184937,0.7279151678085327,0.03648509085178375,,,
10,2735,,,,0.985316276550293,0.7153284549713135,0.03970782458782196,,,
10,2736,,,,0.9819276928901672,0.6571428775787354,0.04284244030714035,,,
10,2737,,,,0.9851279854774475,0.7148014307022095,0.0403166301548481,,,
10,2738,,,,0.985316276550293,0.7194244861602783,0.04153703153133392,,,
10,2739,,,,0.9824924468994141,0.6642599105834961,0.04284186288714409,,,
10,2740,,,,0.9856927990913391,0.7121211886405945,0.04126415401697159,,,
10,2741,,,,0.983433723449707,0.6764705777168274,0.04466426745057106,,,
10,2742,,,,0.983433723449707,0.6641221642494202,0.04278293624520302,,,
10,2743,,,,0.9832454919815063,0.685512363910675,0.04311666637659073,,,
10,2744,,,,0.9873870611190796,0.7681660652160645,0.03701196610927582,,,
10,2745,,,,0.9826807379722595,0.6617646813392639,0.044580068439245224,,,
10,2746,,,,0.9879518151283264,0.769784152507782,0.035571228712797165,,,
10,2747,,,,0.9871987700462341,0.7553957104682922,0.04091703146696091,,,
10,2748,,,,0.9851279854774475,0.7084870934486389,0.040652740746736526,,,
10,2749,,,,0.9860085248947144,0.7293233275413513,0.04209964722394943,,,
10,2749,,,,,,,0.9842554330825806,0.6931149363517761,0.042480599135160446
11,2750,,,,0.9845632314682007,0.6985294222831726,0.04016232118010521,,,
11,2751,,,,0.9847515225410461,0.6848248839378357,0.042690105736255646,,,
11,2752,,,,0.9864457845687866,0.739130437374115,0.03509107604622841,,,
11,2753,,,,0.9860692620277405,0.7299270033836365,0.03786158189177513,,,
11,2754,,,,0.9888930916786194,0.7870036363601685,0.03434987738728523,,,
11,2755,,,,0.984375,0.6914498209953308,0.04432721063494682,,,
11,2756,,,,0.9862575531005859,0.7345454692840576,0.03856084123253822,,,
11,2757,,,,0.9864457845687866,0.7293233275413513,0.03651884198188782,,,
11,2758,,,,0.985316276550293,0.7194244861602783,0.03556674346327782,,,
11,2759,,,,0.9826807379722595,0.640625,0.041830189526081085,,,
11,2760,,,,0.9860692620277405,0.7259259223937988,0.03968172147870064,,,
11,2761,,,,0.9847515225410461,0.7157894968986511,0.04074554145336151,,,
11,2762,,,,0.9866340160369873,0.7399267554283142,0.03629336506128311,,,
11,2763,,,,0.9845632314682007,0.7092198729515076,0.0416937991976738,,,
11,2764,,,,0.9868223071098328,0.7569444179534912,0.036280080676078796,,,
11,2765,,,,0.9845632314682007,0.7172414064407349,0.03879866376519203,,,
11,2766,,,,0.9841867685317993,0.7042253613471985,0.04280434921383858,,,
11,2767,,,,0.9864457845687866,0.7372262477874756,0.03780234977602959,,,
11,2768,,,,0.9866340160369873,0.7455196976661682,0.036232538521289825,,,
11,2769,,,,0.983433723449707,0.6857143044471741,0.045106902718544006,,,
11,2770,,,,0.9858810305595398,0.7252747416496277,0.037384696304798126,,,
11,2771,,,,0.9839984774589539,0.6975088715553284,0.0407363623380661,,,
11,2772,,,,0.9841867685317993,0.7021276354789734,0.04325820133090019,,,
11,2773,,,,0.9860692620277405,0.7394366264343262,0.04121282324194908,,,
11,2774,,,,0.9836220145225525,0.690391480922699,0.044155944138765335,,,
11,2775,,,,0.984375,0.6914498209953308,0.043631087988615036,,,
11,2776,,,,0.9877635836601257,0.7583643198013306,0.03477422520518303,,,
11,2777,,,,0.9855045080184937,0.7200000286102295,0.04169352352619171,,,
11,2778,,,,0.9845632314682007,0.6940298676490784,0.038831669837236404,,,
11,2779,,,,0.9845632314682007,0.6917293071746826,0.04287949949502945,,,
11,2780,,,,0.9855045080184937,0.7200000286102295,0.037519000470638275,,,
11,2781,,,,0.9839984774589539,0.6909090876579285,0.04287229850888252,,,
11,2782,,,,0.985316276550293,0.7132353186607361,0.035527344793081284,,,
11,2783,,,,0.9856927990913391,0.7266187071800232,0.037077706307172775,,,
11,2784,,,,0.9875752925872803,0.7591241002082825,0.03566529601812363,,,
11,2785,,,,0.985316276550293,0.7153284549713135,0.040706608444452286,,,
11,2786,,,,0.9862575531005859,0.7383512258529663,0.03962276875972748,,,
11,2787,,,,0.9855045080184937,0.7158671617507935,0.03901771083474159,,,
11,2788,,,,0.9862575531005859,0.7345454692840576,0.040240008383989334,,,
11,2789,,,,0.9830572009086609,0.6691176295280457,0.04480474069714546,,,
11,2790,,,,0.9862575531005859,0.7474048733711243,0.03957347944378853,,,
11,2791,,,,0.9873870611190796,0.7581227421760559,0.0373813696205616,,,
11,2792,,,,0.9851279854774475,0.7168458700180054,0.0402483195066452,,,
11,2793,,,,0.9860692620277405,0.7259259223937988,0.04021885618567467,,,
11,2794,,,,0.9873870611190796,0.7563636302947998,0.03533082455396652,,,
11,2795,,,,0.9873870611190796,0.7681660652160645,0.03368289768695831,,,
11,2796,,,,0.983433723449707,0.692307710647583,0.039315734058618546,,,
11,2797,,,,0.9866340160369873,0.7491165995597839,0.037684325128793716,,,
11,2798,,,,0.9823042154312134,0.6569343209266663,0.04346143454313278,,,
11,2799,,,,0.9870105385780334,0.7472527623176575,0.037795260548591614,,,
11,2800,,,,0.9856927990913391,0.7226277589797974,0.040561743080616,,,
11,2801,,,,0.985316276550293,0.7194244861602783,0.03668192774057388,,,
11,2802,,,,0.9860692620277405,0.7318840622901917,0.03708651661872864,,,
11,2803,,,,0.9845632314682007,0.7112675905227661,0.037756532430648804,,,
11,2804,,,,0.9871987700462341,0.7536231875419617,0.036013636738061905,,,
11,2805,,,,0.9856927990913391,0.7246376872062683,0.04025762528181076,,,
11,2806,,,,0.9845632314682007,0.7132866978645325,0.0403856486082077,,,
11,2807,,,,0.9860692620277405,0.7357142567634583,0.03794155642390251,,,
11,2808,,,,0.9866340160369873,0.743682324886322,0.03627077490091324,,,
11,2809,,,,0.9841867685317993,0.6911764740943909,0.041644345968961716,,,
11,2810,,,,0.9851279854774475,0.7127272486686707,0.03831276297569275,,,
11,2811,,,,0.9830572009086609,0.6739130616188049,0.04402896389365196,,,
11,2812,,,,0.983433723449707,0.6879432797431946,0.04566837102174759,,,
11,2813,,,,0.9824924468994141,0.6642599105834961,0.04176041856408119,,,
11,2814,,,,0.9860692620277405,0.7238805890083313,0.037018876522779465,,,
11,2815,,,,0.9849397540092468,0.7183098793029785,0.03859596326947212,,,
11,2816,,,,0.9836220145225525,0.6813187003135681,0.04172511026263237,,,
11,2817,,,,0.9849397540092468,0.7014925479888916,0.0385604053735733,,,
11,2818,,,,0.9856927990913391,0.7266187071800232,0.039842478930950165,,,
11,2819,,,,0.9868223071098328,0.7445255517959595,0.03453405573964119,,,
11,2820,,,,0.9851279854774475,0.7063196897506714,0.04345247149467468,,,
11,2821,,,,0.9866340160369873,0.743682324886322,0.0362197570502758,,,
11,2822,,,,0.984375,0.6959707140922546,0.043117158114910126,,,
11,2823,,,,0.9860692620277405,0.7318840622901917,0.03972174599766731,,,
11,2824,,,,0.9860692620277405,0.7357142567634583,0.03345702961087227,,,
11,2825,,,,0.9855045080184937,0.7240143418312073,0.04367481917142868,,,
11,2826,,,,0.984375,0.7025089859962463,0.046560775488615036,,,
11,2827,,,,0.9887048006057739,0.7872340679168701,0.032153695821762085,,,
11,2828,,,,0.9847515225410461,0.7117437720298767,0.03862646222114563,,,
11,2829,,,,0.9868223071098328,0.7445255517959595,0.03764551877975464,,,
11,2830,,,,0.9873870611190796,0.7632508873939514,0.03527972474694252,,,
11,2831,,,,0.9838102459907532,0.6791045069694519,0.04701380804181099,,,
11,2832,,,,0.9856927990913391,0.7285714149475098,0.039762403815984726,,,
11,2833,,,,0.9875752925872803,0.7642857432365417,0.03192104026675224,,,
11,2834,,,,0.9849397540092468,0.7142857313156128,0.04516315087676048,,,
11,2835,,,,0.9858810305595398,0.723247230052948,0.04288149252533913,,,
11,2836,,,,0.9851279854774475,0.7148014307022095,0.044254519045352936,,,
11,2837,,,,0.9839984774589539,0.6953405141830444,0.04483519867062569,,,
11,2838,,,,0.9866340160369873,0.7399267554283142,0.03603023290634155,,,
11,2839,,,,0.9841867685317993,0.6934306621551514,0.040530066937208176,,,
11,2840,,,,0.984375,0.7046263217926025,0.04062238335609436,,,
11,2841,,,,0.9871987700462341,0.7536231875419617,0.03652147576212883,,,
11,2842,,,,0.9849397540092468,0.7080292105674744,0.037689220160245895,,,
11,2843,,,,0.9860692620277405,0.7299270033836365,0.04138581454753876,,,
11,2844,,,,0.9845632314682007,0.6985294222831726,0.03639635443687439,,,
11,2845,,,,0.9849397540092468,0.716312050819397,0.03853703662753105,,,
11,2846,,,,0.9841867685317993,0.6911764740943909,0.04242697358131409,,,
11,2847,,,,0.9821159839630127,0.6619216799736023,0.04253123700618744,,,
11,2848,,,,0.9819276928901672,0.6546762585639954,0.04395589232444763,,,
11,2849,,,,0.9866340160369873,0.7526132464408875,0.03783825412392616,,,
11,2850,,,,0.984375,0.7025089859962463,0.040831148624420166,,,
11,2851,,,,0.9839984774589539,0.6996466517448425,0.044086236506700516,,,
11,2852,,,,0.9860692620277405,0.7430555820465088,0.03765343129634857,,,
11,2853,,,,0.9858810305595398,0.7148289084434509,0.04163387045264244,,,
11,2854,,,,0.985316276550293,0.717391312122345,0.03870893642306328,,,
11,2855,,,,0.9839984774589539,0.6840148568153381,0.0417538546025753,,,
11,2856,,,,0.9836220145225525,0.6813187003135681,0.04225032031536102,,,
11,2857,,,,0.9836220145225525,0.6859205961227417,0.04041594639420509,,,
11,2858,,,,0.9870105385780334,0.7526881694793701,0.0352000892162323,,,
11,2859,,,,0.9838102459907532,0.6906474828720093,0.03946199640631676,,,
11,2860,,,,0.9851279854774475,0.7084870934486389,0.037840280681848526,,,
11,2861,,,,0.9871987700462341,0.75,0.04040532931685448,,,
11,2862,,,,0.983433723449707,0.6740740537643433,0.04113633185625076,,,
11,2863,,,,0.984375,0.6937269568443298,0.04457249864935875,,,
11,2864,,,,0.9879518151283264,0.7714285850524902,0.030952947214245796,,,
11,2865,,,,0.9866340160369873,0.7418181896209717,0.035123731940984726,,,
11,2866,,,,0.9832454919815063,0.661596953868866,0.04509818181395531,,,
11,2867,,,,0.9845632314682007,0.7071428298950195,0.037578679621219635,,,
11,2868,,,,0.9879518151283264,0.7762237787246704,0.03562144190073013,,,
11,2869,,,,0.985316276550293,0.7253521084785461,0.04032916575670242,,,
11,2870,,,,0.9856927990913391,0.7379310131072998,0.0370631143450737,,,
11,2871,,,,0.9839984774589539,0.7017543911933899,0.04212383180856705,,,
11,2872,,,,0.9868223071098328,0.7463768124580383,0.03789607807993889,,,
11,2873,,,,0.9860692620277405,0.7394366264343262,0.04044301435351372,,,
11,2874,,,,0.9885165691375732,0.7859649062156677,0.03766288235783577,,,
11,2875,,,,0.9855045080184937,0.725978672504425,0.040867142379283905,,,
11,2876,,,,0.9856927990913391,0.7323943376541138,0.04401079937815666,,,
11,2877,,,,0.9826807379722595,0.6666666865348816,0.04163594916462898,,,
11,2878,,,,0.9855045080184937,0.7179487347602844,0.03892374038696289,,,
11,2879,,,,0.9849397540092468,0.7101449370384216,0.04285285994410515,,,
11,2880,,,,0.9870105385780334,0.7526881694793701,0.03494369983673096,,,
11,2881,,,,0.9877635836601257,0.7636363506317139,0.038146086037158966,,,
11,2882,,,,0.983433723449707,0.6879432797431946,0.04817982390522957,,,
11,2883,,,,0.9847515225410461,0.7117437720298767,0.03805335983633995,,,
11,2884,,,,0.9851279854774475,0.7168458700180054,0.038624461740255356,,,
11,2885,,,,0.9860692620277405,0.73758864402771,0.03822644054889679,,,
11,2886,,,,0.9824924468994141,0.6713780760765076,0.04219483584165573,,,
11,2887,,,,0.9841867685317993,0.695652186870575,0.04148425534367561,,,
11,2888,,,,0.9862575531005859,0.7456446290016174,0.0361892394721508,,,
11,2889,,,,0.9841867685317993,0.6888889074325562,0.04243749380111694,,,
11,2890,,,,0.9824924468994141,0.6593406796455383,0.04325404763221741,,,
11,2891,,,,0.9858810305595398,0.7191011309623718,0.0395519845187664,,,
11,2892,,,,0.9858810305595398,0.7272727489471436,0.03840939700603485,,,
11,2893,,,,0.9824924468994141,0.6593406796455383,0.04240383580327034,,,
11,2894,,,,0.9813629388809204,0.6346863508224487,0.050840914249420166,,,
11,2895,,,,0.9841867685317993,0.6865671873092651,0.040116216987371445,,,
11,2896,,,,0.9870105385780334,0.74349445104599,0.03943423181772232,,,
11,2897,,,,0.9862575531005859,0.7383512258529663,0.03873119130730629,,,
11,2898,,,,0.9838102459907532,0.6742424368858337,0.041217464953660965,,,
11,2899,,,,0.9839984774589539,0.6816479563713074,0.03826742246747017,,,
11,2900,,,,0.9836220145225525,0.6716980934143066,0.039983201771974564,,,
11,2901,,,,0.9841867685317993,0.6934306621551514,0.03903363645076752,,,
11,2902,,,,0.9855045080184937,0.7158671617507935,0.0381721556186676,,,
11,2903,,,,0.9856927990913391,0.7142857313156128,0.04161638766527176,,,
11,2904,,,,0.9836220145225525,0.6836363673210144,0.042642395943403244,,,
11,2905,,,,0.9873870611190796,0.7471697926521301,0.036970071494579315,,,
11,2906,,,,0.984375,0.6937269568443298,0.03942376747727394,,,
11,2907,,,,0.9858810305595398,0.7349823117256165,0.04054410755634308,,,
11,2908,,,,0.9847515225410461,0.6943396329879761,0.03774075582623482,,,
11,2909,,,,0.9845632314682007,0.7028985619544983,0.041735973209142685,,,
11,2910,,,,0.9830572009086609,0.6666666865348816,0.04846343398094177,,,
11,2911,,,,0.9851279854774475,0.7148014307022095,0.04230888560414314,,,
11,2912,,,,0.9868223071098328,0.7426470518112183,0.037094682455062866,,,
11,2913,,,,0.9856927990913391,0.7285714149475098,0.03906484320759773,,,
11,2914,,,,0.9849397540092468,0.7080292105674744,0.04090460017323494,,,
11,2915,,,,0.9851279854774475,0.7168458700180054,0.04001560062170029,,,
11,2916,,,,0.9858810305595398,0.7330960631370544,0.039218124002218246,,,
11,2917,,,,0.983433723449707,0.6879432797431946,0.04596463218331337,,,
11,2918,,,,0.9873870611190796,0.769759476184845,0.03641369566321373,,,
11,2919,,,,0.9864457845687866,0.75,0.034965213388204575,,,
11,2920,,,,0.9849397540092468,0.716312050819397,0.03953046351671219,,,
11,2921,,,,0.9858810305595398,0.7330960631370544,0.037381861358881,,,
11,2922,,,,0.9836220145225525,0.6813187003135681,0.04027971997857094,,,
11,2923,,,,0.9871987700462341,0.7571428418159485,0.03340359777212143,,,
11,2924,,,,0.9868223071098328,0.7517730593681335,0.03961195796728134,,,
11,2925,,,,0.9868223071098328,0.75,0.03979714959859848,,,
11,2926,,,,0.9870105385780334,0.7453874349594116,0.03739452734589577,,,
11,2927,,,,0.9847515225410461,0.6966292262077332,0.04552169516682625,,,
11,2928,,,,0.9858810305595398,0.7148289084434509,0.04297487437725067,,,
11,2929,,,,0.9864457845687866,0.7410072088241577,0.0362338162958622,,,
11,2930,,,,0.9845632314682007,0.689393937587738,0.04496988654136658,,,
11,2931,,,,0.9856927990913391,0.720588207244873,0.038492102175951004,,,
11,2932,,,,0.9858810305595398,0.7330960631370544,0.04130899906158447,,,
11,2933,,,,0.9868223071098328,0.7426470518112183,0.04197824373841286,,,
11,2934,,,,0.9849397540092468,0.7142857313156128,0.039113882929086685,,,
11,2935,,,,0.9855045080184937,0.7317073345184326,0.036144182085990906,,,
11,2936,,,,0.9845632314682007,0.6962962746620178,0.041794776916503906,,,
11,2937,,,,0.9841867685317993,0.699999988079071,0.04250750318169594,,,
11,2938,,,,0.9890813231468201,0.7928571701049805,0.03449187055230141,,,
11,2939,,,,0.9849397540092468,0.716312050819397,0.038663558661937714,,,
11,2940,,,,0.9868223071098328,0.7517730593681335,0.040410999208688736,,,
11,2941,,,,0.9868223071098328,0.7445255517959595,0.0368233360350132,,,
11,2942,,,,0.984375,0.7046263217926025,0.04094648361206055,,,
11,2943,,,,0.9851279854774475,0.7247386574745178,0.036511633545160294,,,
11,2944,,,,0.9864457845687866,0.7410072088241577,0.040637608617544174,,,
11,2945,,,,0.9847515225410461,0.7096773982048035,0.0416557677090168,,,
11,2946,,,,0.9866340160369873,0.7526132464408875,0.03664209693670273,,,
11,2947,,,,0.9845632314682007,0.7028985619544983,0.03802726790308952,,,
11,2948,,,,0.9836220145225525,0.696864128112793,0.042403075844049454,,,
11,2949,,,,0.985316276550293,0.7272727489471436,0.03801211714744568,,,
11,2950,,,,0.983433723449707,0.6811594367027283,0.042654260993003845,,,
11,2951,,,,0.9864457845687866,0.7428571581840515,0.036768343299627304,,,
11,2952,,,,0.9862575531005859,0.7438596487045288,0.036146726459264755,,,
11,2953,,,,0.9864457845687866,0.7428571581840515,0.037592001259326935,,,
11,2954,,,,0.9815512299537659,0.6397058963775635,0.04306229576468468,,,
11,2955,,,,0.9836220145225525,0.6813187003135681,0.04750543832778931,,,
11,2956,,,,0.9847515225410461,0.7032967209815979,0.041351787745952606,,,
11,2957,,,,0.9866340160369873,0.7491165995597839,0.0374206118285656,,,
11,2958,,,,0.9862575531005859,0.7438596487045288,0.038367994129657745,,,
11,2959,,,,0.9847515225410461,0.7096773982048035,0.03894837573170662,,,
11,2960,,,,0.9830572009086609,0.6785714030265808,0.04254324734210968,,,
11,2961,,,,0.9860692620277405,0.7357142567634583,0.039008915424346924,,,
11,2962,,,,0.9839984774589539,0.6863468885421753,0.040480468422174454,,,
11,2963,,,,0.9855045080184937,0.7179487347602844,0.03976041451096535,,,
11,2964,,,,0.9856927990913391,0.7304964661598206,0.03764950484037399,,,
11,2965,,,,0.9855045080184937,0.725978672504425,0.03866688534617424,,,
11,2966,,,,0.9888930916786194,0.7958477735519409,0.033316243439912796,,,
11,2967,,,,0.9864457845687866,0.7428571581840515,0.03615470230579376,,,
11,2968,,,,0.9828689694404602,0.671480119228363,0.04188459739089012,,,
11,2969,,,,0.984375,0.6937269568443298,0.04574538767337799,,,
11,2970,,,,0.9830572009086609,0.6715328693389893,0.04696037992835045,,,
11,2971,,,,0.9856927990913391,0.7266187071800232,0.043530967086553574,,,
11,2972,,,,0.9864457845687866,0.7352941036224365,0.040811773389577866,,,
11,2973,,,,0.9875752925872803,0.7625899314880371,0.03418703377246857,,,
11,2974,,,,0.9855045080184937,0.7240143418312073,0.039488501846790314,,,
11,2975,,,,0.9860692620277405,0.7318840622901917,0.038064997643232346,,,
11,2976,,,,0.9858810305595398,0.7292418479919434,0.040031999349594116,,,
11,2977,,,,0.9862575531005859,0.7402135133743286,0.03836223483085632,,,
11,2978,,,,0.9845632314682007,0.7028985619544983,0.03758008033037186,,,
11,2979,,,,0.9868223071098328,0.7482014298439026,0.036538176238536835,,,
11,2980,,,,0.9851279854774475,0.701886773109436,0.04178280383348465,,,
11,2981,,,,0.9847515225410461,0.6920152306556702,0.040680646896362305,,,
11,2982,,,,0.9849397540092468,0.7080292105674744,0.04082980751991272,,,
11,2983,,,,0.9879518151283264,0.7611940503120422,0.03881001099944115,,,
11,2984,,,,0.9862575531005859,0.7383512258529663,0.039971642196178436,,,
11,2985,,,,0.9871987700462341,0.7481481432914734,0.036514170467853546,,,
11,2986,,,,0.983433723449707,0.6641221642494202,0.041030917316675186,,,
11,2987,,,,0.9841867685317993,0.6934306621551514,0.04166112467646599,,,
11,2988,,,,0.9856927990913391,0.7142857313156128,0.03645647317171097,,,
11,2989,,,,0.9862575531005859,0.7345454692840576,0.03786197304725647,,,
11,2990,,,,0.9849397540092468,0.7122302055358887,0.03920932486653328,,,
11,2991,,,,0.9860692620277405,0.7357142567634583,0.03680865466594696,,,
11,2992,,,,0.9851279854774475,0.7208480834960938,0.035280779004096985,,,
11,2993,,,,0.9830572009086609,0.6830986142158508,0.0432548001408577,,,
11,2994,,,,0.9855045080184937,0.7137546539306641,0.041189759969711304,,,
11,2995,,,,0.9847515225410461,0.7054545283317566,0.04406929388642311,,,
11,2996,,,,0.9830572009086609,0.6875,0.047862399369478226,,,
11,2997,,,,0.9881400465965271,0.7804877758026123,0.034282587468624115,,,
11,2998,,,,0.9856927990913391,0.7323943376541138,0.03615741804242134,,,
11,2999,,,,0.9856199026107788,0.7259259223937988,0.03773270174860954,,,
11,2999,,,,,,,0.9847256541252136,0.7088765501976013,0.04159748554229736
12,3000,,,,0.9856927990913391,0.7323943376541138,0.03852229192852974,,,
12,3001,,,,0.9866340160369873,0.7491165995597839,0.03599664941430092,,,
12,3002,,,,0.9868223071098328,0.75,0.03595469892024994,,,
12,3003,,,,0.9832454919815063,0.6739926934242249,0.03824600577354431,,,
12,3004,,,,0.9858810305595398,0.7349823117256165,0.04062750190496445,,,
12,3005,,,,0.9862575531005859,0.7420494556427002,0.039746738970279694,,,
12,3006,,,,0.9887048006057739,0.782608687877655,0.034409958869218826,,,
12,3007,,,,0.9838102459907532,0.6861313581466675,0.039112262427806854,,,
12,3008,,,,0.9858810305595398,0.7292418479919434,0.03853577747941017,,,
12,3009,,,,0.9849397540092468,0.7101449370384216,0.04205751046538353,,,
12,3010,,,,0.9888930916786194,0.790035605430603,0.032100751996040344,,,
12,3011,,,,0.9828689694404602,0.6617100238800049,0.041072361171245575,,,
12,3012,,,,0.9864457845687866,0.7446808218955994,0.03562425449490547,,,
12,3013,,,,0.9823042154312134,0.654411792755127,0.043368224054574966,,,
12,3014,,,,0.9871987700462341,0.7571428418159485,0.03542358800768852,,,
12,3015,,,,0.9877635836601257,0.7719298005104065,0.03810923919081688,,,
12,3016,,,,0.985316276550293,0.7153284549713135,0.04118794575333595,,,
12,3017,,,,0.9838102459907532,0.6766917109489441,0.039798956364393234,,,
12,3018,,,,0.9855045080184937,0.7158671617507935,0.037241242825984955,,,
12,3019,,,,0.9841867685317993,0.7042253613471985,0.03929298371076584,,,
12,3020,,,,0.9860692620277405,0.7412587404251099,0.035704128444194794,,,
12,3021,,,,0.9828689694404602,0.6617100238800049,0.04598822444677353,,,
12,3022,,,,0.9875752925872803,0.7642857432365417,0.037224505096673965,,,
12,3023,,,,0.985316276550293,0.7194244861602783,0.03968394175171852,,,
12,3024,,,,0.985316276550293,0.717391312122345,0.04192114993929863,,,
12,3025,,,,0.9862575531005859,0.7364621162414551,0.036558929830789566,,,
12,3026,,,,0.9873870611190796,0.7649123072624207,0.03767813742160797,,,
12,3027,,,,0.985316276550293,0.7111111283302307,0.0374549999833107,,,
12,3028,,,,0.9817394614219666,0.6420664191246033,0.04648922011256218,,,
12,3029,,,,0.9849397540092468,0.7122302055358887,0.03954155370593071,,,
12,3030,,,,0.9841867685317993,0.6888889074325562,0.04047367349267006,,,
12,3031,,,,0.9832454919815063,0.6832740306854248,0.04435555636882782,,,
12,3032,,,,0.9849397540092468,0.716312050819397,0.039087455719709396,,,
12,3033,,,,0.9839984774589539,0.6931408047676086,0.044725388288497925,,,
12,3034,,,,0.9866340160369873,0.7418181896209717,0.038140714168548584,,,
12,3035,,,,0.9826807379722595,0.6567164063453674,0.0510566309094429,,,
12,3036,,,,0.9862575531005859,0.7286245226860046,0.039798688143491745,,,
12,3037,,,,0.9838102459907532,0.6928571462631226,0.04431183263659477,,,
12,3038,,,,0.9856927990913391,0.7379310131072998,0.03689286485314369,,,
12,3039,,,,0.9845632314682007,0.6985294222831726,0.04395206272602081,,,
12,3040,,,,0.9841867685317993,0.6793892979621887,0.04316522181034088,,,
12,3041,,,,0.984375,0.7046263217926025,0.041466739028692245,,,
12,3042,,,,0.984375,0.6867924332618713,0.040145911276340485,,,
12,3043,,,,0.9807981848716736,0.633093535900116,0.04436531290411949,,,
12,3044,,,,0.9849397540092468,0.7101449370384216,0.044729720801115036,,,
12,3045,,,,0.983433723449707,0.6740740537643433,0.038722895085811615,,,
12,3046,,,,0.9875752925872803,0.760869562625885,0.0357312336564064,,,
12,3047,,,,0.985316276550293,0.7194244861602783,0.03840028494596481,,,
12,3048,,,,0.9870105385780334,0.74349445104599,0.03659999370574951,,,
12,3049,,,,0.9851279854774475,0.7106227278709412,0.0393330417573452,,,
12,3050,,,,0.9849397540092468,0.7101449370384216,0.038926102221012115,,,
12,3051,,,,0.9847515225410461,0.6966292262077332,0.04120780527591705,,,
12,3052,,,,0.9851279854774475,0.7106227278709412,0.04005942866206169,,,
12,3053,,,,0.9828689694404602,0.680701732635498,0.04086548462510109,,,
12,3054,,,,0.9849397540092468,0.7202796936035156,0.03759714215993881,,,
12,3055,,,,0.9838102459907532,0.6928571462631226,0.03692850470542908,,,
12,3056,,,,0.9873870611190796,0.7615658640861511,0.034349504858255386,,,
12,3057,,,,0.9860692620277405,0.7279411554336548,0.037172332406044006,,,
12,3058,,,,0.9868223071098328,0.7517730593681335,0.041635412722826004,,,
12,3059,,,,0.9839984774589539,0.6975088715553284,0.04184442013502121,,,
12,3060,,,,0.9841867685317993,0.699999988079071,0.04298466816544533,,,
12,3061,,,,0.9845632314682007,0.7112675905227661,0.04390307515859604,,,
12,3062,,,,0.9855045080184937,0.7298245429992676,0.03950086236000061,,,
12,3063,,,,0.9868223071098328,0.7407407164573669,0.0378185510635376,,,
12,3064,,,,0.9873870611190796,0.7632508873939514,0.033920951187610626,,,
12,3065,,,,0.9845632314682007,0.7112675905227661,0.037015628069639206,,,
12,3066,,,,0.9824924468994141,0.6516854166984558,0.046570148319005966,,,
12,3067,,,,0.9868223071098328,0.7407407164573669,0.03609283268451691,,,
12,3068,,,,0.9838102459907532,0.6906474828720093,0.042315687984228134,,,
12,3069,,,,0.9864457845687866,0.7446808218955994,0.04026848450303078,,,
12,3070,,,,0.9849397540092468,0.7183098793029785,0.0393037386238575,,,
12,3071,,,,0.9870105385780334,0.7612456679344177,0.034878090023994446,,,
12,3072,,,,0.9866340160369873,0.743682324886322,0.037265051156282425,,,
12,3073,,,,0.9821159839630127,0.6468401551246643,0.04682566970586777,,,
12,3074,,,,0.9845632314682007,0.7007299065589905,0.04284510761499405,,,
12,3075,,,,0.9883283376693726,0.7876712083816528,0.03346394747495651,,,
12,3076,,,,0.9890813231468201,0.7943262457847595,0.03221874311566353,,,
12,3077,,,,0.9841867685317993,0.6842105388641357,0.04566071927547455,,,
12,3078,,,,0.9873870611190796,0.7665505409240723,0.03511631116271019,,,
12,3079,,,,0.9858810305595398,0.7330960631370544,0.039120811969041824,,,
12,3080,,,,0.9849397540092468,0.7101449370384216,0.03975657746195793,,,
12,3081,,,,0.9845632314682007,0.7007299065589905,0.04021219164133072,,,
12,3082,,,,0.984375,0.7003610134124756,0.04204852133989334,,,
12,3083,,,,0.9819276928901672,0.644444465637207,0.05034933611750603,,,
12,3084,,,,0.9881400465965271,0.7709090709686279,0.034791070967912674,,,
12,3085,,,,0.9856927990913391,0.7246376872062683,0.04305046424269676,,,
12,3086,,,,0.9858810305595398,0.7292418479919434,0.037204593420028687,,,
12,3087,,,,0.9870105385780334,0.750902533531189,0.03430016338825226,,,
12,3088,,,,0.9871987700462341,0.758865237236023,0.040283992886543274,,,
12,3089,,,,0.9824924468994141,0.6642599105834961,0.04553498700261116,,,
12,3090,,,,0.9860692620277405,0.73758864402771,0.035040538758039474,,,
12,3091,,,,0.9855045080184937,0.7158671617507935,0.043081026524305344,,,
12,3092,,,,0.9881400465965271,0.7758007049560547,0.0341196171939373,,,
12,3093,,,,0.9839984774589539,0.6886447072029114,0.04112248495221138,,,
12,3094,,,,0.9858810305595398,0.7292418479919434,0.03846033290028572,,,
12,3095,,,,0.9847515225410461,0.71378093957901,0.04152761027216911,,,
12,3096,,,,0.983433723449707,0.6857143044471741,0.04207848384976387,,,
12,3097,,,,0.9847515225410461,0.7054545283317566,0.04302932322025299,,,
12,3098,,,,0.9849397540092468,0.7037037014961243,0.04100407660007477,,,
12,3099,,,,0.9838102459907532,0.695035457611084,0.045113369822502136,,,
12,3100,,,,0.9868223071098328,0.7463768124580383,0.037438541650772095,,,
12,3101,,,,0.9875752925872803,0.7659574747085571,0.03438803553581238,,,
12,3102,,,,0.9862575531005859,0.7402135133743286,0.03851934149861336,,,
12,3103,,,,0.9866340160369873,0.743682324886322,0.035760775208473206,,,
12,3104,,,,0.9817394614219666,0.6446886658668518,0.04274476319551468,,,
12,3105,,,,0.9887048006057739,0.7872340679168701,0.03606243431568146,,,
12,3106,,,,0.9862575531005859,0.7383512258529663,0.03838526830077171,,,
12,3107,,,,0.9866340160369873,0.7418181896209717,0.041015662252902985,,,
12,3108,,,,0.9841867685317993,0.7062937021255493,0.038709670305252075,,,
12,3109,,,,0.9858810305595398,0.7349823117256165,0.03498408570885658,,,
12,3110,,,,0.9849397540092468,0.7080292105674744,0.037500202655792236,,,
12,3111,,,,0.9860692620277405,0.7299270033836365,0.03921317309141159,,,
12,3112,,,,0.9860692620277405,0.7394366264343262,0.03732302039861679,,,
12,3113,,,,0.9873870611190796,0.7665505409240723,0.03196097910404205,,,
12,3114,,,,0.9873870611190796,0.7563636302947998,0.03749241679906845,,,
12,3115,,,,0.9856927990913391,0.720588207244873,0.04491725191473961,,,
12,3116,,,,0.9858810305595398,0.7349823117256165,0.04107743874192238,,,
12,3117,,,,0.9851279854774475,0.7188612222671509,0.04293350130319595,,,
12,3118,,,,0.9873870611190796,0.7563636302947998,0.03449484705924988,,,
12,3119,,,,0.9849397540092468,0.6969696879386902,0.040259841829538345,,,
12,3120,,,,0.9858810305595398,0.7311828136444092,0.039139896631240845,,,
12,3121,,,,0.9868223071098328,0.7517730593681335,0.03634016215801239,,,
12,3122,,,,0.9866340160369873,0.7360594868659973,0.038041263818740845,,,
12,3123,,,,0.9847515225410461,0.7117437720298767,0.04057293012738228,,,
12,3124,,,,0.9858810305595398,0.7368420958518982,0.039863500744104385,,,
12,3125,,,,0.9855045080184937,0.7298245429992676,0.03904087841510773,,,
12,3126,,,,0.9879518151283264,0.7762237787246704,0.036756906658411026,,,
12,3127,,,,0.9849397540092468,0.7183098793029785,0.04191838577389717,,,
12,3128,,,,0.983433723449707,0.6764705777168274,0.03910272568464279,,,
12,3129,,,,0.9855045080184937,0.7220216393470764,0.038147952407598495,,,
12,3130,,,,0.9860692620277405,0.7448275685310364,0.04110198840498924,,,
12,3131,,,,0.9883283376693726,0.7769784331321716,0.03488786518573761,,,
12,3132,,,,0.9873870611190796,0.7615658640861511,0.03942929953336716,,,
12,3133,,,,0.9883283376693726,0.7832167744636536,0.0310689564794302,,,
12,3134,,,,0.9875752925872803,0.7625899314880371,0.03604504466056824,,,
12,3135,,,,0.9871987700462341,0.7553957104682922,0.03639737889170647,,,
12,3136,,,,0.9845632314682007,0.7007299065589905,0.03829190880060196,,,
12,3137,,,,0.985316276550293,0.7132353186607361,0.03836854547262192,,,
12,3138,,,,0.9871987700462341,0.7481481432914734,0.03712020441889763,,,
12,3139,,,,0.9864457845687866,0.7313432693481445,0.03996993228793144,,,
12,3140,,,,0.9845632314682007,0.7071428298950195,0.03986493498086929,,,
12,3141,,,,0.9875752925872803,0.7591241002082825,0.037896282970905304,,,
12,3142,,,,0.9868223071098328,0.75,0.033634740859270096,,,
12,3143,,,,0.9830572009086609,0.6666666865348816,0.0429830364882946,,,
12,3144,,,,0.9828689694404602,0.6829268336296082,0.04178980365395546,,,
12,3145,,,,0.9858810305595398,0.7330960631370544,0.03928501904010773,,,
12,3146,,,,0.9849397540092468,0.716312050819397,0.040028903633356094,,,
12,3147,,,,0.9864457845687866,0.7428571581840515,0.0384933166205883,,,
12,3148,,,,0.984375,0.7046263217926025,0.037167154252529144,,,
12,3149,,,,0.9862575531005859,0.7364621162414551,0.035659145563840866,,,
12,3150,,,,0.9873870611190796,0.7728813290596008,0.03628578409552574,,,
12,3151,,,,0.9838102459907532,0.695035457611084,0.04070190340280533,,,
12,3152,,,,0.9838102459907532,0.6838235259056091,0.04360451176762581,,,
12,3153,,,,0.9851279854774475,0.7266436219215393,0.03620447218418121,,,
12,3154,,,,0.9839984774589539,0.7017543911933899,0.042997684329748154,,,
12,3155,,,,0.9836220145225525,0.6989619135856628,0.04233373701572418,,,
12,3156,,,,0.9836220145225525,0.6859205961227417,0.04281264543533325,,,
12,3157,,,,0.9864457845687866,0.7372262477874756,0.037600286304950714,,,
12,3158,,,,0.9856927990913391,0.7304964661598206,0.03834875300526619,,,
12,3159,,,,0.9896460771560669,0.8028674125671387,0.032395798712968826,,,
12,3160,,,,0.9885165691375732,0.7859649062156677,0.03352861478924751,,,
12,3161,,,,0.9849397540092468,0.7037037014961243,0.04099005088210106,,,
12,3162,,,,0.9866340160369873,0.7418181896209717,0.03587167337536812,,,
12,3163,,,,0.9862575531005859,0.732600748538971,0.03829749673604965,,,
12,3164,,,,0.9875752925872803,0.7555555701255798,0.03740386292338371,,,
12,3165,,,,0.9875752925872803,0.7724137902259827,0.033596981316804886,,,
12,3166,,,,0.9856927990913391,0.7164179086685181,0.04018444940447807,,,
12,3167,,,,0.9860692620277405,0.7338129281997681,0.03742273151874542,,,
12,3168,,,,0.985316276550293,0.7132353186607361,0.035594791173934937,,,
12,3169,,,,0.9838102459907532,0.6766917109489441,0.04416802152991295,,,
12,3170,,,,0.9860692620277405,0.7357142567634583,0.03718453645706177,,,
12,3171,,,,0.9860692620277405,0.7299270033836365,0.038948509842157364,,,
12,3172,,,,0.9875752925872803,0.7625899314880371,0.0352378711104393,,,
12,3173,,,,0.9819276928901672,0.6496350169181824,0.041619379073381424,,,
12,3174,,,,0.9858810305595398,0.7330960631370544,0.035787470638751984,,,
12,3175,,,,0.9870105385780334,0.7526881694793701,0.034320391714572906,,,
12,3176,,,,0.9868223071098328,0.7445255517959595,0.03832601010799408,,,
12,3177,,,,0.9849397540092468,0.7101449370384216,0.040229786187410355,,,
12,3178,,,,0.9838102459907532,0.6838235259056091,0.0447423942387104,,,
12,3179,,,,0.9871987700462341,0.758865237236023,0.03482456132769585,,,
12,3180,,,,0.9868223071098328,0.7482014298439026,0.03620818257331848,,,
12,3181,,,,0.9809864163398743,0.6327272653579712,0.04736148193478584,,,
12,3182,,,,0.9855045080184937,0.725978672504425,0.037895672023296356,,,
12,3183,,,,0.9845632314682007,0.7092198729515076,0.04099884629249573,,,
12,3184,,,,0.9858810305595398,0.744027316570282,0.03370298817753792,,,
12,3185,,,,0.9849397540092468,0.716312050819397,0.04007115960121155,,,
12,3186,,,,0.9892695546150208,0.7985865473747253,0.03376397490501404,,,
12,3187,,,,0.984375,0.7025089859962463,0.042266957461833954,,,
12,3188,,,,0.9845632314682007,0.7191780805587769,0.041936688125133514,,,
12,3189,,,,0.9858810305595398,0.7349823117256165,0.04063572734594345,,,
12,3190,,,,0.9836220145225525,0.696864128112793,0.03820181265473366,,,
12,3191,,,,0.9841867685317993,0.695652186870575,0.04223407059907913,,,
12,3192,,,,0.9847515225410461,0.7075812220573425,0.04146111011505127,,,
12,3193,,,,0.9868223071098328,0.7445255517959595,0.037261079996824265,,,
12,3194,,,,0.9864457845687866,0.7428571581840515,0.04008648917078972,,,
12,3195,,,,0.9858810305595398,0.7311828136444092,0.03961789980530739,,,
12,3196,,,,0.983433723449707,0.6740740537643433,0.03867020457983017,,,
12,3197,,,,0.9839984774589539,0.703832745552063,0.04133399575948715,,,
12,3198,,,,0.9855045080184937,0.733564019203186,0.037058353424072266,,,
12,3199,,,,0.9870105385780334,0.7490909099578857,0.036978352814912796,,,
12,3200,,,,0.9849397540092468,0.7183098793029785,0.040120501071214676,,,
12,3201,,,,0.9851279854774475,0.7106227278709412,0.04005032777786255,,,
12,3202,,,,0.9855045080184937,0.7179487347602844,0.0372883602976799,,,
12,3203,,,,0.9845632314682007,0.6985294222831726,0.04497641697525978,,,
12,3204,,,,0.9871987700462341,0.758865237236023,0.03403357416391373,,,
12,3205,,,,0.9864457845687866,0.7410072088241577,0.0387733057141304,,,
12,3206,,,,0.9851279854774475,0.7063196897506714,0.04130423814058304,,,
12,3207,,,,0.9845632314682007,0.6962962746620178,0.041123952716588974,,,
12,3208,,,,0.9847515225410461,0.7117437720298767,0.038247644901275635,,,
12,3209,,,,0.9851279854774475,0.7148014307022095,0.04032515734434128,,,
12,3210,,,,0.985316276550293,0.7253521084785461,0.042124249041080475,,,
12,3211,,,,0.9839984774589539,0.6931408047676086,0.039458055049180984,,,
12,3212,,,,0.9873870611190796,0.7509293556213379,0.03578924387693405,,,
12,3213,,,,0.9849397540092468,0.6969696879386902,0.03862970694899559,,,
12,3214,,,,0.9873870611190796,0.7681660652160645,0.03581221401691437,,,
12,3215,,,,0.9870105385780334,0.7595818638801575,0.03526608273386955,,,
12,3216,,,,0.9875752925872803,0.7659574747085571,0.032155729830265045,,,
12,3217,,,,0.9845632314682007,0.7112675905227661,0.0393705815076828,,,
12,3218,,,,0.9841867685317993,0.695652186870575,0.038557641208171844,,,
12,3219,,,,0.9881400465965271,0.7773851752281189,0.0387628972530365,,,
12,3220,,,,0.9868223071098328,0.7552447319030762,0.035655636340379715,,,
12,3221,,,,0.9856927990913391,0.7246376872062683,0.034536100924015045,,,
12,3222,,,,0.9849397540092468,0.7037037014961243,0.04271823167800903,,,
12,3223,,,,0.9873870611190796,0.7615658640861511,0.03286596015095711,,,
12,3224,,,,0.9858810305595398,0.7386759519577026,0.03398609533905983,,,
12,3225,,,,0.985316276550293,0.7214285731315613,0.04087686538696289,,,
12,3226,,,,0.9871987700462341,0.7553957104682922,0.03458632901310921,,,
12,3227,,,,0.9868223071098328,0.7445255517959595,0.03866448253393173,,,
12,3228,,,,0.9866340160369873,0.7455196976661682,0.03905742987990379,,,
12,3229,,,,0.9879518151283264,0.7730496525764465,0.03295060247182846,,,
12,3230,,,,0.9866340160369873,0.7508772015571594,0.04009327292442322,,,
12,3231,,,,0.9821159839630127,0.6468401551246643,0.044840630143880844,,,
12,3232,,,,0.9841867685317993,0.6865671873092651,0.04492900148034096,,,
12,3233,,,,0.985316276550293,0.7194244861602783,0.0431387685239315,,,
12,3234,,,,0.9839984774589539,0.6996466517448425,0.042752817273139954,,,
12,3235,,,,0.9871987700462341,0.7536231875419617,0.0329074002802372,,,
12,3236,,,,0.985316276550293,0.7253521084785461,0.03973634913563728,,,
12,3237,,,,0.9862575531005859,0.7345454692840576,0.039383284747600555,,,
12,3238,,,,0.985316276550293,0.7153284549713135,0.03940737992525101,,,
12,3239,,,,0.9862575531005859,0.7456446290016174,0.0369340181350708,,,
12,3240,,,,0.9860692620277405,0.7318840622901917,0.0393032506108284,,,
12,3241,,,,0.9892695546150208,0.8027681708335876,0.03270130604505539,,,
12,3242,,,,0.9856927990913391,0.7226277589797974,0.03981691971421242,,,
12,3243,,,,0.9870105385780334,0.7472527623176575,0.03784474730491638,,,
12,3244,,,,0.9836220145225525,0.6741573214530945,0.041414543986320496,,,
12,3245,,,,0.9858810305595398,0.723247230052948,0.041346337646245956,,,
12,3246,,,,0.9832454919815063,0.6641509532928467,0.03959864750504494,,,
12,3247,,,,0.9860692620277405,0.73758864402771,0.03647990897297859,,,
12,3248,,,,0.9866340160369873,0.7508772015571594,0.03176731988787651,,,
12,3249,,,,0.9842596054077148,0.6966292262077332,0.038678478449583054,,,
12,3249,,,,,,,0.9847137331962585,0.7083098888397217,0.04129721596837044
13,3250,,,,0.9847515225410461,0.6966292262077332,0.04081631079316139,,,
13,3251,,,,0.9838102459907532,0.6814814805984497,0.040013693273067474,,,
13,3252,,,,0.9849397540092468,0.7080292105674744,0.03729861229658127,,,
13,3253,,,,0.9862575531005859,0.7383512258529663,0.03550535812973976,,,
13,3254,,,,0.9830572009086609,0.6564885377883911,0.04088134691119194,,,
13,3255,,,,0.9847515225410461,0.7117437720298767,0.03989888355135918,,,
13,3256,,,,0.9879518151283264,0.7593985199928284,0.035922061651945114,,,
13,3257,,,,0.9836220145225525,0.678966760635376,0.04314938932657242,,,
13,3258,,,,0.9855045080184937,0.7240143418312073,0.04660005867481232,,,
13,3259,,,,0.984375,0.6981818079948425,0.04095006734132767,,,
13,3260,,,,0.9870105385780334,0.754448413848877,0.036321792751550674,,,
13,3261,,,,0.983433723449707,0.692307710647583,0.04197877272963524,,,
13,3262,,,,0.9836220145225525,0.690391480922699,0.03925886005163193,,,
13,3263,,,,0.984375,0.7003610134124756,0.0424223393201828,,,
13,3264,,,,0.9856927990913391,0.7226277589797974,0.03736887499690056,,,
13,3265,,,,0.9866340160369873,0.7508772015571594,0.032889124006032944,,,
13,3266,,,,0.9862575531005859,0.7402135133743286,0.03886818513274193,,,
13,3267,,,,0.9851279854774475,0.7106227278709412,0.03900573030114174,,,
13,3268,,,,0.985316276550293,0.717391312122345,0.041159939020872116,,,
13,3269,,,,0.9856927990913391,0.7246376872062683,0.03901776298880577,,,
13,3270,,,,0.9832454919815063,0.6787003874778748,0.04328901693224907,,,
13,3271,,,,0.9866340160369873,0.7491165995597839,0.03691256791353226,,,
13,3272,,,,0.9870105385780334,0.7561837434768677,0.03543606773018837,,,
13,3273,,,,0.9877635836601257,0.7653429508209229,0.03776167705655098,,,
13,3274,,,,0.9875752925872803,0.7692307829856873,0.03617651015520096,,,
13,3275,,,,0.9847515225410461,0.7054545283317566,0.04736713692545891,,,
13,3276,,,,0.9855045080184937,0.7240143418312073,0.03883058950304985,,,
13,3277,,,,0.9847515225410461,0.7096773982048035,0.037827905267477036,,,
13,3278,,,,0.9856927990913391,0.7246376872062683,0.0428779236972332,,,
13,3279,,,,0.9870105385780334,0.7561837434768677,0.037458907812833786,,,
13,3280,,,,0.9881400465965271,0.7773851752281189,0.03611605986952782,,,
13,3281,,,,0.9873870611190796,0.7632508873939514,0.03759121522307396,,,
13,3282,,,,0.9870105385780334,0.7526881694793701,0.039635203778743744,,,
13,3283,,,,0.9841867685317993,0.6865671873092651,0.03929860144853592,,,
13,3284,,,,0.9851279854774475,0.7168458700180054,0.038338106125593185,,,
13,3285,,,,0.9866340160369873,0.7455196976661682,0.03502565249800682,,,
13,3286,,,,0.9828689694404602,0.6690909266471863,0.04238106682896614,,,
13,3287,,,,0.9841867685317993,0.6865671873092651,0.039394814521074295,,,
13,3288,,,,0.9849397540092468,0.7183098793029785,0.041843004524707794,,,
13,3289,,,,0.9855045080184937,0.7298245429992676,0.03902485594153404,,,
13,3290,,,,0.9860692620277405,0.7318840622901917,0.039699748158454895,,,
13,3291,,,,0.9860692620277405,0.7430555820465088,0.03532370924949646,,,
13,3292,,,,0.9839984774589539,0.6886447072029114,0.04271887242794037,,,
13,3293,,,,0.9868223071098328,0.75,0.03585817292332649,,,
13,3294,,,,0.9856927990913391,0.7266187071800232,0.037137433886528015,,,
13,3295,,,,0.9858810305595398,0.723247230052948,0.042053934186697006,,,
13,3296,,,,0.9866340160369873,0.7340824007987976,0.03972673416137695,,,
13,3297,,,,0.9879518151283264,0.769784152507782,0.037422336637973785,,,
13,3298,,,,0.9845632314682007,0.7050359845161438,0.04071589186787605,,,
13,3299,,,,0.9858810305595398,0.7311828136444092,0.03949091210961342,,,
13,3300,,,,0.9877635836601257,0.761904776096344,0.03616407886147499,,,
13,3301,,,,0.9851279854774475,0.7063196897506714,0.041883841156959534,,,
13,3302,,,,0.9849397540092468,0.7080292105674744,0.03796963766217232,,,
13,3303,,,,0.9851279854774475,0.7208480834960938,0.03391627222299576,,,
13,3304,,,,0.9860692620277405,0.7465753555297852,0.03487351909279823,,,
13,3305,,,,0.983433723449707,0.6834532618522644,0.04322424903512001,,,
13,3306,,,,0.9879518151283264,0.7629629373550415,0.03575083240866661,,,
13,3307,,,,0.984375,0.7025089859962463,0.040782295167446136,,,
13,3308,,,,0.9856927990913391,0.7266187071800232,0.03914384916424751,,,
13,3309,,,,0.9862575531005859,0.7364621162414551,0.03721068426966667,,,
13,3310,,,,0.9851279854774475,0.7188612222671509,0.03918398916721344,,,
13,3311,,,,0.984375,0.7087719440460205,0.04102126508951187,,,
13,3312,,,,0.9883283376693726,0.7816901206970215,0.03414877876639366,,,
13,3313,,,,0.9873870611190796,0.7581227421760559,0.035980891436338425,,,
13,3314,,,,0.9868223071098328,0.7569444179534912,0.03987487405538559,,,
13,3315,,,,0.9870105385780334,0.750902533531189,0.03580208495259285,,,
13,3316,,,,0.9849397540092468,0.716312050819397,0.04177756980061531,,,
13,3317,,,,0.9866340160369873,0.7399267554283142,0.03541303426027298,,,
13,3318,,,,0.9871987700462341,0.7605633735656738,0.037285685539245605,,,
13,3319,,,,0.9873870611190796,0.7581227421760559,0.03274473920464516,,,
13,3320,,,,0.9860692620277405,0.7412587404251099,0.037634335458278656,,,
13,3321,,,,0.985316276550293,0.7310344576835632,0.03916352987289429,,,
13,3322,,,,0.9883283376693726,0.7769784331321716,0.03603379428386688,,,
13,3323,,,,0.9866340160369873,0.7526132464408875,0.03602073714137077,,,
13,3324,,,,0.9862575531005859,0.7402135133743286,0.04116690158843994,,,
13,3325,,,,0.9871987700462341,0.7622377872467041,0.032289065420627594,,,
13,3326,,,,0.9830572009086609,0.6808510422706604,0.0475013330578804,,,
13,3327,,,,0.9862575531005859,0.7420494556427002,0.035160381346940994,,,
13,3328,,,,0.9847515225410461,0.7157894968986511,0.038012921810150146,,,
13,3329,,,,0.9817394614219666,0.6498194932937622,0.04443494975566864,,,
13,3330,,,,0.9862575531005859,0.7345454692840576,0.03616781905293465,,,
13,3331,,,,0.9836220145225525,0.6836363673210144,0.04185027629137039,,,
13,3332,,,,0.9856927990913391,0.7285714149475098,0.037000805139541626,,,
13,3333,,,,0.9862575531005859,0.7456446290016174,0.0368165597319603,,,
13,3334,,,,0.9870105385780334,0.7472527623176575,0.03524063900113106,,,
13,3335,,,,0.985316276550293,0.7214285731315613,0.036325015127658844,,,
13,3336,,,,0.9851279854774475,0.7148014307022095,0.04012436792254448,,,
13,3337,,,,0.9862575531005859,0.7345454692840576,0.03730740025639534,,,
13,3338,,,,0.9873870611190796,0.7615658640861511,0.036320216953754425,,,
13,3339,,,,0.9858810305595398,0.7211896181106567,0.03765289485454559,,,
13,3340,,,,0.9855045080184937,0.7200000286102295,0.03875105455517769,,,
13,3341,,,,0.983433723449707,0.6716417670249939,0.038523390889167786,,,
13,3342,,,,0.9821159839630127,0.6494464874267578,0.04083043709397316,,,
13,3343,,,,0.9883283376693726,0.7753623127937317,0.0354616604745388,,,
13,3344,,,,0.9839984774589539,0.6996466517448425,0.03927990049123764,,,
13,3345,,,,0.9855045080184937,0.7072243094444275,0.03833230584859848,,,
13,3346,,,,0.984375,0.6937269568443298,0.03972571715712547,,,
13,3347,,,,0.984375,0.7067137956619263,0.043561581522226334,,,
13,3348,,,,0.9858810305595398,0.7252747416496277,0.03772705793380737,,,
13,3349,,,,0.9858810305595398,0.7211896181106567,0.03862513229250908,,,
13,3350,,,,0.9847515225410461,0.7075812220573425,0.036671265959739685,,,
13,3351,,,,0.9849397540092468,0.716312050819397,0.040470898151397705,,,
13,3352,,,,0.984375,0.7067137956619263,0.03988703712821007,,,
13,3353,,,,0.9832454919815063,0.6763636469841003,0.04099387675523758,,,
13,3354,,,,0.9866340160369873,0.743682324886322,0.0310102179646492,,,
13,3355,,,,0.9870105385780334,0.7490909099578857,0.03882436826825142,,,
13,3356,,,,0.9841867685317993,0.6934306621551514,0.04171179234981537,,,
13,3357,,,,0.9873870611190796,0.7649123072624207,0.038651227951049805,,,
13,3358,,,,0.9856927990913391,0.7361111044883728,0.04210444912314415,,,
13,3359,,,,0.9839984774589539,0.6886447072029114,0.04531456530094147,,,
13,3360,,,,0.9877635836601257,0.7670251131057739,0.03200455754995346,,,
13,3361,,,,0.9864457845687866,0.7446808218955994,0.035822004079818726,,,
13,3362,,,,0.9871987700462341,0.7638888955116272,0.03391605615615845,,,
13,3363,,,,0.9868223071098328,0.7569444179534912,0.034985512495040894,,,
13,3364,,,,0.9877635836601257,0.7719298005104065,0.03581445664167404,,,
13,3365,,,,0.9858810305595398,0.7349823117256165,0.039236877113580704,,,
13,3366,,,,0.9858810305595398,0.7368420958518982,0.03858788684010506,,,
13,3367,,,,0.9856927990913391,0.7323943376541138,0.038783956319093704,,,
13,3368,,,,0.9855045080184937,0.725978672504425,0.0409759096801281,,,
13,3369,,,,0.9838102459907532,0.6884058117866516,0.04317907989025116,,,
13,3370,,,,0.9858810305595398,0.7311828136444092,0.039292510598897934,,,
13,3371,,,,0.9864457845687866,0.748251736164093,0.03436988219618797,,,
13,3372,,,,0.9881400465965271,0.7820069193840027,0.03452838212251663,,,
13,3373,,,,0.9860692620277405,0.7357142567634583,0.03993566334247589,,,
13,3374,,,,0.9847515225410461,0.71378093957901,0.0410517193377018,,,
13,3375,,,,0.9860692620277405,0.7338129281997681,0.03634589537978172,,,
13,3376,,,,0.985316276550293,0.7194244861602783,0.03811037167906761,,,
13,3377,,,,0.9868223071098328,0.7482014298439026,0.036167558282613754,,,
13,3378,,,,0.9830572009086609,0.6590909361839294,0.04668515920639038,,,
13,3379,,,,0.9832454919815063,0.6715866923332214,0.03967045620083809,,,
13,3380,,,,0.984375,0.7087719440460205,0.03590692579746246,,,
13,3381,,,,0.985316276550293,0.7111111283302307,0.03557915985584259,,,
13,3382,,,,0.9866340160369873,0.743682324886322,0.03709567338228226,,,
13,3383,,,,0.984375,0.6819923520088196,0.03951846808195114,,,
13,3384,,,,0.9864457845687866,0.7410072088241577,0.03428291156888008,,,
13,3385,,,,0.9866340160369873,0.7491165995597839,0.038263510912656784,,,
13,3386,,,,0.9838102459907532,0.7054794430732727,0.04193061590194702,,,
13,3387,,,,0.9862575531005859,0.7383512258529663,0.03668948635458946,,,
13,3388,,,,0.985316276550293,0.7272727489471436,0.04146099463105202,,,
13,3389,,,,0.9871987700462341,0.7571428418159485,0.035264309495687485,,,
13,3390,,,,0.9866340160369873,0.7526132464408875,0.035318221896886826,,,
13,3391,,,,0.9849397540092468,0.716312050819397,0.04018992558121681,,,
13,3392,,,,0.9855045080184937,0.7240143418312073,0.039124440401792526,,,
13,3393,,,,0.9851279854774475,0.7148014307022095,0.036271825432777405,,,
13,3394,,,,0.9860692620277405,0.73758864402771,0.04103219881653786,,,
13,3395,,,,0.9879518151283264,0.7714285850524902,0.03645960986614227,,,
13,3396,,,,0.9860692620277405,0.7412587404251099,0.037052564322948456,,,
13,3397,,,,0.9888930916786194,0.7929824590682983,0.034503672271966934,,,
13,3398,,,,0.9858810305595398,0.7368420958518982,0.034306347370147705,,,
13,3399,,,,0.9851279854774475,0.7063196897506714,0.04168585687875748,,,
13,3400,,,,0.9838102459907532,0.695035457611084,0.043498553335666656,,,
13,3401,,,,0.9851279854774475,0.7266436219215393,0.03816484659910202,,,
13,3402,,,,0.9849397540092468,0.7183098793029785,0.03974512219429016,,,
13,3403,,,,0.9860692620277405,0.7259259223937988,0.03902551904320717,,,
13,3404,,,,0.9860692620277405,0.7338129281997681,0.0349564328789711,,,
13,3405,,,,0.9862575531005859,0.732600748538971,0.03719862550497055,,,
13,3406,,,,0.983433723449707,0.6788321137428284,0.03947541117668152,,,
13,3407,,,,0.9875752925872803,0.7573529481887817,0.0371580645442009,,,
13,3408,,,,0.9855045080184937,0.7200000286102295,0.038081079721450806,,,
13,3409,,,,0.9821159839630127,0.6545454263687134,0.043945737183094025,,,
13,3410,,,,0.9898343086242676,0.8071428537368774,0.0334969237446785,,,
13,3411,,,,0.9862575531005859,0.7383512258529663,0.03777950257062912,,,
13,3412,,,,0.9838102459907532,0.6791045069694519,0.0448826365172863,,,
13,3413,,,,0.9868223071098328,0.7426470518112183,0.03785113990306854,,,
13,3414,,,,0.9873870611190796,0.7632508873939514,0.03803468868136406,,,
13,3415,,,,0.9838102459907532,0.6838235259056091,0.04174332693219185,,,
13,3416,,,,0.985316276550293,0.7132353186607361,0.03655572235584259,,,
13,3417,,,,0.9851279854774475,0.7084870934486389,0.04048629850149155,,,
13,3418,,,,0.9855045080184937,0.725978672504425,0.036896202713251114,,,
13,3419,,,,0.9879518151283264,0.7746478915214539,0.034189820289611816,,,
13,3420,,,,0.9888930916786194,0.7854545712471008,0.033336151391267776,,,
13,3421,,,,0.9836220145225525,0.6813187003135681,0.04181770235300064,,,
13,3422,,,,0.9847515225410461,0.7054545283317566,0.039696481078863144,,,
13,3423,,,,0.9894578456878662,0.8014184236526489,0.031708378344774246,,,
13,3424,,,,0.9870105385780334,0.750902533531189,0.036472566425800323,,,
13,3425,,,,0.9832454919815063,0.6810035705566406,0.044943589717149734,,,
13,3426,,,,0.9847515225410461,0.71378093957901,0.03791147097945213,,,
13,3427,,,,0.9875752925872803,0.7676056623458862,0.03458801284432411,,,
13,3428,,,,0.9862575531005859,0.7438596487045288,0.04014190286397934,,,
13,3429,,,,0.9879518151283264,0.769784152507782,0.03417916223406792,,,
13,3430,,,,0.9851279854774475,0.722806990146637,0.0370233952999115,,,
13,3431,,,,0.9851279854774475,0.7106227278709412,0.03406593203544617,,,
13,3432,,,,0.9855045080184937,0.7158671617507935,0.04173795133829117,,,
13,3433,,,,0.9860692620277405,0.7338129281997681,0.037455443292856216,,,
13,3434,,,,0.9855045080184937,0.7279151678085327,0.03565272316336632,,,
13,3435,,,,0.9836220145225525,0.6947368383407593,0.04170656576752663,,,
13,3436,,,,0.9875752925872803,0.7676056623458862,0.03224898874759674,,,
13,3437,,,,0.9851279854774475,0.722806990146637,0.036964405328035355,,,
13,3438,,,,0.9838102459907532,0.6906474828720093,0.04254449903964996,,,
13,3439,,,,0.9864457845687866,0.7428571581840515,0.036774903535842896,,,
13,3440,,,,0.9832454919815063,0.6877192854881287,0.043869342654943466,,,
13,3441,,,,0.9868223071098328,0.7569444179534912,0.031117087230086327,,,
13,3442,,,,0.9868223071098328,0.7535211443901062,0.03225953131914139,,,
13,3443,,,,0.9870105385780334,0.7472527623176575,0.03232826665043831,,,
13,3444,,,,0.9860692620277405,0.7299270033836365,0.039860401302576065,,,
13,3445,,,,0.983433723449707,0.6666666865348816,0.0403921976685524,,,
13,3446,,,,0.9849397540092468,0.7122302055358887,0.03880370408296585,,,
13,3447,,,,0.9849397540092468,0.7142857313156128,0.038402803242206573,,,
13,3448,,,,0.9858810305595398,0.7330960631370544,0.036844152957201004,,,
13,3449,,,,0.9858810305595398,0.7272727489471436,0.03787796199321747,,,
13,3450,,,,0.9862575531005859,0.7306272983551025,0.037665486335754395,,,
13,3451,,,,0.9885165691375732,0.778181791305542,0.0366748683154583,,,
13,3452,,,,0.9864457845687866,0.7464788556098938,0.03954680636525154,,,
13,3453,,,,0.9849397540092468,0.7101449370384216,0.03634955361485481,,,
13,3454,,,,0.9858810305595398,0.7191011309623718,0.038670577108860016,,,
13,3455,,,,0.9851279854774475,0.7127272486686707,0.04361693188548088,,,
13,3456,,,,0.9860692620277405,0.7318840622901917,0.037744469940662384,,,
13,3457,,,,0.9868223071098328,0.7535211443901062,0.03478861227631569,,,
13,3458,,,,0.9875752925872803,0.7642857432365417,0.03631877899169922,,,
13,3459,,,,0.9849397540092468,0.7101449370384216,0.03967472165822983,,,
13,3460,,,,0.984375,0.6959707140922546,0.03881697729229927,,,
13,3461,,,,0.9856927990913391,0.7397260069847107,0.036361537873744965,,,
13,3462,,,,0.9849397540092468,0.7241379022598267,0.039841461926698685,,,
13,3463,,,,0.9871987700462341,0.7638888955116272,0.031195834279060364,,,
13,3464,,,,0.9828689694404602,0.6784452199935913,0.04198324680328369,,,
13,3465,,,,0.9849397540092468,0.716312050819397,0.0401742197573185,,,
13,3466,,,,0.9836220145225525,0.696864128112793,0.04344559833407402,,,
13,3467,,,,0.9841867685317993,0.7021276354789734,0.040680184960365295,,,
13,3468,,,,0.9815512299537659,0.652482271194458,0.04594292864203453,,,
13,3469,,,,0.9851279854774475,0.7084870934486389,0.037043388932943344,,,
13,3470,,,,0.985316276550293,0.7214285731315613,0.038323238492012024,,,
13,3471,,,,0.9839984774589539,0.6931408047676086,0.04387917369604111,,,
13,3472,,,,0.9830572009086609,0.6739130616188049,0.042505186051130295,,,
13,3473,,,,0.9868223071098328,0.75,0.03814752772450447,,,
13,3474,,,,0.9856927990913391,0.7285714149475098,0.04020433872938156,,,
13,3475,,,,0.9879518151283264,0.7762237787246704,0.03618732467293739,,,
13,3476,,,,0.984375,0.7067137956619263,0.040604379028081894,,,
13,3477,,,,0.9873870611190796,0.7681660652160645,0.0342937596142292,,,
13,3478,,,,0.984375,0.6959707140922546,0.03785822167992592,,,
13,3479,,,,0.9841867685317993,0.699999988079071,0.037809450179338455,,,
13,3480,,,,0.9845632314682007,0.7152777910232544,0.03968248888850212,,,
13,3481,,,,0.9858810305595398,0.7311828136444092,0.03604408726096153,,,
13,3482,,,,0.9836220145225525,0.6881720423698425,0.04491701349616051,,,
13,3483,,,,0.9873870611190796,0.7632508873939514,0.03539137914776802,,,
13,3484,,,,0.9832454919815063,0.6898954510688782,0.04731070622801781,,,
13,3485,,,,0.9894578456878662,0.8041958212852478,0.029520470649003983,,,
13,3486,,,,0.983433723449707,0.6834532618522644,0.042281851172447205,,,
13,3487,,,,0.9856927990913391,0.720588207244873,0.03687445446848869,,,
13,3488,,,,0.9871987700462341,0.7655172348022461,0.03774278610944748,,,
13,3489,,,,0.9855045080184937,0.7279151678085327,0.03665810078382492,,,
13,3490,,,,0.9836220145225525,0.6859205961227417,0.03742425888776779,,,
13,3491,,,,0.9870105385780334,0.7526881694793701,0.038150809705257416,,,
13,3492,,,,0.9860692620277405,0.7259259223937988,0.03874281048774719,,,
13,3493,,,,0.9847515225410461,0.7032967209815979,0.039561834186315536,,,
13,3494,,,,0.9828689694404602,0.6784452199935913,0.043921295553445816,,,
13,3495,,,,0.9845632314682007,0.7007299065589905,0.04134060814976692,,,
13,3496,,,,0.9864457845687866,0.7372262477874756,0.04171935096383095,,,
13,3497,,,,0.9851279854774475,0.704119861125946,0.03967754542827606,,,
13,3498,,,,0.9856927990913391,0.7285714149475098,0.03932806849479675,,,
13,3499,,,,0.9830936789512634,0.6836363673210144,0.04271417111158371,,,
13,3499,,,,,,,0.9851418137550354,0.7161574363708496,0.040666431188583374
14,3500,,,,0.9873870611190796,0.7545787692070007,0.03696607053279877,,,
14,3501,,,,0.9871987700462341,0.7536231875419617,0.038649458438158035,,,
14,3502,,,,0.9862575531005859,0.7345454692840576,0.03553570806980133,,,
14,3503,,,,0.9855045080184937,0.7200000286102295,0.03545043617486954,,,
14,3504,,,,0.9847515225410461,0.6966292262077332,0.040235139429569244,,,
14,3505,,,,0.9873870611190796,0.7615658640861511,0.03746359422802925,,,
14,3506,,,,0.9873870611190796,0.7615658640861511,0.03513915091753006,,,
14,3507,,,,0.9856927990913391,0.7323943376541138,0.04016508162021637,,,
14,3508,,,,0.985316276550293,0.7111111283302307,0.04085882008075714,,,
14,3509,,,,0.9847515225410461,0.7096773982048035,0.03915425390005112,,,
14,3510,,,,0.9879518151283264,0.7746478915214539,0.03480643406510353,,,
14,3511,,,,0.9881400465965271,0.7773851752281189,0.030543621629476547,,,
14,3512,,,,0.9881400465965271,0.7758007049560547,0.03350977227091789,,,
14,3513,,,,0.9868223071098328,0.7463768124580383,0.037029314786195755,,,
14,3514,,,,0.9862575531005859,0.7420494556427002,0.03543522581458092,,,
14,3515,,,,0.9838102459907532,0.7074829936027527,0.03948047757148743,,,
14,3516,,,,0.9881400465965271,0.7773851752281189,0.03510245680809021,,,
14,3517,,,,0.9870105385780334,0.7490909099578857,0.03537222743034363,,,
14,3518,,,,0.9860692620277405,0.7357142567634583,0.03903084248304367,,,
14,3519,,,,0.9877635836601257,0.7781569957733154,0.03478311002254486,,,
14,3520,,,,0.984375,0.7046263217926025,0.04291250929236412,,,
14,3521,,,,0.9839984774589539,0.6931408047676086,0.04428745433688164,,,
14,3522,,,,0.9839984774589539,0.6975088715553284,0.04227988421916962,,,
14,3523,,,,0.9858810305595398,0.7404844164848328,0.03878156095743179,,,
14,3524,,,,0.9856927990913391,0.7246376872062683,0.03784425929188728,,,
14,3525,,,,0.9832454919815063,0.6739926934242249,0.03891536965966225,,,
14,3526,,,,0.9860692620277405,0.7357142567634583,0.03285951539874077,,,
14,3527,,,,0.9875752925872803,0.7573529481887817,0.03273403272032738,,,
14,3528,,,,0.9856927990913391,0.720588207244873,0.037203218787908554,,,
14,3529,,,,0.9892695546150208,0.7881041169166565,0.03285617753863335,,,
14,3530,,,,0.9877635836601257,0.7636363506317139,0.03666914999485016,,,
14,3531,,,,0.9849397540092468,0.7080292105674744,0.039727117866277695,,,
14,3532,,,,0.9839984774589539,0.6909090876579285,0.04383636638522148,,,
14,3533,,,,0.9870105385780334,0.754448413848877,0.03747653216123581,,,
14,3534,,,,0.9856927990913391,0.7266187071800232,0.037404295057058334,,,
14,3535,,,,0.9845632314682007,0.6962962746620178,0.042147859930992126,,,
14,3536,,,,0.9871987700462341,0.758865237236023,0.03680700808763504,,,
14,3537,,,,0.9868223071098328,0.75,0.03732111677527428,,,
14,3538,,,,0.9856927990913391,0.7285714149475098,0.037841055542230606,,,
14,3539,,,,0.9862575531005859,0.7456446290016174,0.03859341889619827,,,
14,3540,,,,0.9849397540092468,0.7101449370384216,0.036863215267658234,,,
14,3541,,,,0.9849397540092468,0.716312050819397,0.04383481666445732,,,
14,3542,,,,0.9888930916786194,0.7885304689407349,0.03333325311541557,,,
14,3543,,,,0.9881400465965271,0.7725631594657898,0.033577606081962585,,,
14,3544,,,,0.9856927990913391,0.7266187071800232,0.04116291552782059,,,
14,3545,,,,0.9847515225410461,0.723549485206604,0.041539277881383896,,,
14,3546,,,,0.9866340160369873,0.7473309636116028,0.037676915526390076,,,
14,3547,,,,0.9868223071098328,0.7552447319030762,0.03461639583110809,,,
14,3548,,,,0.9879518151283264,0.7746478915214539,0.03431003540754318,,,
14,3549,,,,0.9836220145225525,0.6813187003135681,0.04180934652686119,,,
14,3550,,,,0.9868223071098328,0.75,0.038032613694667816,,,
14,3551,,,,0.9862575531005859,0.7420494556427002,0.038998574018478394,,,
14,3552,,,,0.9847515225410461,0.7011070251464844,0.04314368963241577,,,
14,3553,,,,0.9847515225410461,0.7054545283317566,0.04227850213646889,,,
14,3554,,,,0.9851279854774475,0.7084870934486389,0.036382388323545456,,,
14,3555,,,,0.9845632314682007,0.7050359845161438,0.042999640107154846,,,
14,3556,,,,0.9849397540092468,0.7101449370384216,0.03962387517094612,,,
14,3557,,,,0.9858810305595398,0.7272727489471436,0.03908562660217285,,,
14,3558,,,,0.9873870611190796,0.7615658640861511,0.040440648794174194,,,
14,3559,,,,0.984375,0.7046263217926025,0.039912592619657516,,,
14,3560,,,,0.9851279854774475,0.722806990146637,0.03958645835518837,,,
14,3561,,,,0.9856927990913391,0.7226277589797974,0.03372222185134888,,,
14,3562,,,,0.9866340160369873,0.7491165995597839,0.03511419892311096,,,
14,3563,,,,0.9868223071098328,0.7586206793785095,0.03566217049956322,,,
14,3564,,,,0.9875752925872803,0.7642857432365417,0.03808625787496567,,,
14,3565,,,,0.9819276928901672,0.6470588445663452,0.04586580768227577,,,
14,3566,,,,0.9858810305595398,0.7292418479919434,0.03303203359246254,,,
14,3567,,,,0.9862575531005859,0.7306272983551025,0.03552548587322235,,,
14,3568,,,,0.9864457845687866,0.739130437374115,0.036884281784296036,,,
14,3569,,,,0.9879518151283264,0.7647058963775635,0.03859545662999153,,,
14,3570,,,,0.9858810305595398,0.7252747416496277,0.03921760991215706,,,
14,3571,,,,0.9851279854774475,0.7127272486686707,0.0402311235666275,,,
14,3572,,,,0.9888930916786194,0.7915194630622864,0.030937286093831062,,,
14,3573,,,,0.9849397540092468,0.7202796936035156,0.03437665477395058,,,
14,3574,,,,0.9860692620277405,0.7357142567634583,0.03672822564840317,,,
14,3575,,,,0.9868223071098328,0.7463768124580383,0.03737231343984604,,,
14,3576,,,,0.9866340160369873,0.7491165995597839,0.038297150284051895,,,
14,3577,,,,0.9851279854774475,0.7247386574745178,0.0382094532251358,,,
14,3578,,,,0.9877635836601257,0.775086522102356,0.03329405188560486,,,
14,3579,,,,0.9864457845687866,0.7428571581840515,0.03362992778420448,,,
14,3580,,,,0.9858810305595398,0.7386759519577026,0.03820383548736572,,,
14,3581,,,,0.9864457845687866,0.751724123954773,0.036368753761053085,,,
14,3582,,,,0.9838102459907532,0.6861313581466675,0.04252787306904793,,,
14,3583,,,,0.9860692620277405,0.73758864402771,0.036089614033699036,,,
14,3584,,,,0.985316276550293,0.7214285731315613,0.03560580313205719,,,
14,3585,,,,0.9883283376693726,0.7832167744636536,0.0359812006354332,,,
14,3586,,,,0.9828689694404602,0.671480119228363,0.03888584300875664,,,
14,3587,,,,0.9849397540092468,0.7202796936035156,0.03806149587035179,,,
14,3588,,,,0.9845632314682007,0.7152777910232544,0.04157361388206482,,,
14,3589,,,,0.9862575531005859,0.7364621162414551,0.03555457293987274,,,
14,3590,,,,0.9839984774589539,0.6886447072029114,0.04499335214495659,,,
14,3591,,,,0.9864457845687866,0.7446808218955994,0.034639760851860046,,,
14,3592,,,,0.9851279854774475,0.7266436219215393,0.03667749837040901,,,
14,3593,,,,0.9832454919815063,0.6787003874778748,0.04649248346686363,,,
14,3594,,,,0.983433723449707,0.6879432797431946,0.04006402567028999,,,
14,3595,,,,0.9858810305595398,0.7292418479919434,0.038500361144542694,,,
14,3596,,,,0.9881400465965271,0.7835051417350769,0.03603004664182663,,,
14,3597,,,,0.9849397540092468,0.7142857313156128,0.03800623491406441,,,
14,3598,,,,0.9830572009086609,0.6830986142158508,0.04164624959230423,,,
14,3599,,,,0.9877635836601257,0.7735191583633423,0.03296279162168503,,,
14,3600,,,,0.9870105385780334,0.7490909099578857,0.03641802817583084,,,
14,3601,,,,0.9862575531005859,0.7345454692840576,0.0368170365691185,,,
14,3602,,,,0.9860692620277405,0.7318840622901917,0.03816072642803192,,,
14,3603,,,,0.9860692620277405,0.7412587404251099,0.03295262157917023,,,
14,3604,,,,0.9875752925872803,0.7659574747085571,0.03551195561885834,,,
14,3605,,,,0.9838102459907532,0.6971830725669861,0.03780406713485718,,,
14,3606,,,,0.9881400465965271,0.7758007049560547,0.03260897472500801,,,
14,3607,,,,0.9883283376693726,0.7785714268684387,0.032347213476896286,,,
14,3608,,,,0.9815512299537659,0.6573426723480225,0.04575705528259277,,,
14,3609,,,,0.984375,0.6981818079948425,0.04326791316270828,,,
14,3610,,,,0.983433723449707,0.6834532618522644,0.04240262135863304,,,
14,3611,,,,0.9862575531005859,0.732600748538971,0.036166537553071976,,,
14,3612,,,,0.9856927990913391,0.720588207244873,0.03397154062986374,,,
14,3613,,,,0.9855045080184937,0.7179487347602844,0.04004906490445137,,,
14,3614,,,,0.9862575531005859,0.7306272983551025,0.03882603347301483,,,
14,3615,,,,0.9856927990913391,0.720588207244873,0.035198137164115906,,,
14,3616,,,,0.9832454919815063,0.6739926934242249,0.043395545333623886,,,
14,3617,,,,0.9856927990913391,0.720588207244873,0.03877744823694229,,,
14,3618,,,,0.9855045080184937,0.7240143418312073,0.039177607744932175,,,
14,3619,,,,0.9836220145225525,0.6925795078277588,0.03758765012025833,,,
14,3620,,,,0.9841867685317993,0.695652186870575,0.03880967199802399,,,
14,3621,,,,0.9855045080184937,0.7240143418312073,0.040392614901065826,,,
14,3622,,,,0.9860692620277405,0.7318840622901917,0.03916962072253227,,,
14,3623,,,,0.9847515225410461,0.7032967209815979,0.04044371470808983,,,
14,3624,,,,0.9868223071098328,0.75,0.03686457499861717,,,
14,3625,,,,0.9868223071098328,0.7445255517959595,0.03603929653763771,,,
14,3626,,,,0.9883283376693726,0.7737226486206055,0.03240623325109482,,,
14,3627,,,,0.9898343086242676,0.8071428537368774,0.03558674827218056,,,
14,3628,,,,0.9839984774589539,0.6996466517448425,0.041901495307683945,,,
14,3629,,,,0.9845632314682007,0.7132866978645325,0.04374748840928078,,,
14,3630,,,,0.9849397540092468,0.716312050819397,0.03940148279070854,,,
14,3631,,,,0.990022599697113,0.8166090250015259,0.02886725775897503,,,
14,3632,,,,0.9868223071098328,0.7569444179534912,0.037955015897750854,,,
14,3633,,,,0.985316276550293,0.7234042286872864,0.03640909120440483,,,
14,3634,,,,0.984375,0.7108014225959778,0.038281168788671494,,,
14,3635,,,,0.9838102459907532,0.6861313581466675,0.039222169667482376,,,
14,3636,,,,0.9841867685317993,0.699999988079071,0.03770098462700844,,,
14,3637,,,,0.9866340160369873,0.7473309636116028,0.03639800846576691,,,
14,3638,,,,0.9903991222381592,0.8259385824203491,0.030556263402104378,,,
14,3639,,,,0.9860692620277405,0.7338129281997681,0.03807223215699196,,,
14,3640,,,,0.984375,0.7025089859962463,0.03845557942986488,,,
14,3641,,,,0.9858810305595398,0.7349823117256165,0.03840222209692001,,,
14,3642,,,,0.9881400465965271,0.7709090709686279,0.03255826607346535,,,
14,3643,,,,0.9849397540092468,0.7278911471366882,0.04007454216480255,,,
14,3644,,,,0.9841867685317993,0.695652186870575,0.04153802618384361,,,
14,3645,,,,0.9856927990913391,0.7342657446861267,0.036572739481925964,,,
14,3646,,,,0.985316276550293,0.717391312122345,0.03600689023733139,,,
14,3647,,,,0.9851279854774475,0.7148014307022095,0.03416229784488678,,,
14,3648,,,,0.9870105385780334,0.7526881694793701,0.03649454191327095,,,
14,3649,,,,0.9847515225410461,0.7117437720298767,0.04059205949306488,,,
14,3650,,,,0.9841867685317993,0.695652186870575,0.04384565353393555,,,
14,3651,,,,0.9866340160369873,0.7491165995597839,0.03307480365037918,,,
14,3652,,,,0.9841867685317993,0.6934306621551514,0.04295888915657997,,,
14,3653,,,,0.9845632314682007,0.7132866978645325,0.042551759630441666,,,
14,3654,,,,0.9860692620277405,0.7394366264343262,0.037123579531908035,,,
14,3655,,,,0.984375,0.7046263217926025,0.037635792046785355,,,
14,3656,,,,0.984375,0.7003610134124756,0.041755907237529755,,,
14,3657,,,,0.9860692620277405,0.73758864402771,0.03610812500119209,,,
14,3658,,,,0.9849397540092468,0.7080292105674744,0.036735597997903824,,,
14,3659,,,,0.9883283376693726,0.7785714268684387,0.031972888857126236,,,
14,3660,,,,0.9849397540092468,0.7014925479888916,0.040249451994895935,,,
14,3661,,,,0.984375,0.6844106316566467,0.044581517577171326,,,
14,3662,,,,0.9845632314682007,0.7092198729515076,0.03922059014439583,,,
14,3663,,,,0.984375,0.7087719440460205,0.04287974536418915,,,
14,3664,,,,0.9898343086242676,0.8098591566085815,0.031258679926395416,,,
14,3665,,,,0.984375,0.6981818079948425,0.03973477706313133,,,
14,3666,,,,0.9860692620277405,0.7318840622901917,0.034582991153001785,,,
14,3667,,,,0.9847515225410461,0.7054545283317566,0.04370880126953125,,,
14,3668,,,,0.9851279854774475,0.7188612222671509,0.03937981277704239,,,
14,3669,,,,0.9845632314682007,0.7050359845161438,0.04144627973437309,,,
14,3670,,,,0.9866340160369873,0.7491165995597839,0.037109002470970154,,,
14,3671,,,,0.984375,0.7087719440460205,0.03624997287988663,,,
14,3672,,,,0.9877635836601257,0.7686832547187805,0.03374871239066124,,,
14,3673,,,,0.9864457845687866,0.7446808218955994,0.03713979199528694,,,
14,3674,,,,0.9862575531005859,0.7402135133743286,0.03532085940241814,,,
14,3675,,,,0.9864457845687866,0.7372262477874756,0.038076575845479965,,,
14,3676,,,,0.9871987700462341,0.7518247961997986,0.036809395998716354,,,
14,3677,,,,0.985316276550293,0.7214285731315613,0.043543387204408646,,,
14,3678,,,,0.9858810305595398,0.7349823117256165,0.03722185641527176,,,
14,3679,,,,0.9871987700462341,0.7553957104682922,0.03306662663817406,,,
14,3680,,,,0.9847515225410461,0.7117437720298767,0.03936830163002014,,,
14,3681,,,,0.9875752925872803,0.753731369972229,0.036454200744628906,,,
14,3682,,,,0.9864457845687866,0.748251736164093,0.03789325803518295,,,
14,3683,,,,0.9871987700462341,0.7553957104682922,0.03826850280165672,,,
14,3684,,,,0.9856927990913391,0.7432432174682617,0.03412478044629097,,,
14,3685,,,,0.983433723449707,0.6879432797431946,0.040797628462314606,,,
14,3686,,,,0.9864457845687866,0.7410072088241577,0.03546849265694618,,,
14,3687,,,,0.985316276550293,0.7272727489471436,0.03737571835517883,,,
14,3688,,,,0.9871987700462341,0.7605633735656738,0.03967069089412689,,,
14,3689,,,,0.9847515225410461,0.7117437720298767,0.04134879261255264,,,
14,3690,,,,0.9856927990913391,0.7304964661598206,0.034379005432128906,,,
14,3691,,,,0.9883283376693726,0.7891156673431396,0.03434862568974495,,,
14,3692,,,,0.9830572009086609,0.6691176295280457,0.04307078942656517,,,
14,3693,,,,0.9855045080184937,0.7240143418312073,0.043443500995635986,,,
14,3694,,,,0.984375,0.7108014225959778,0.03910975530743599,,,
14,3695,,,,0.9851279854774475,0.7148014307022095,0.043059732764959335,,,
14,3696,,,,0.9851279854774475,0.7106227278709412,0.039054933935403824,,,
14,3697,,,,0.9849397540092468,0.7101449370384216,0.03781171515583992,,,
14,3698,,,,0.9858810305595398,0.7330960631370544,0.03637167438864708,,,
14,3699,,,,0.9862575531005859,0.7383512258529663,0.038886457681655884,,,
14,3700,,,,0.9856927990913391,0.7266187071800232,0.03302900865674019,,,
14,3701,,,,0.9870105385780334,0.7453874349594116,0.03621043637394905,,,
14,3702,,,,0.9858810305595398,0.7386759519577026,0.03602917864918709,,,
14,3703,,,,0.9858810305595398,0.7368420958518982,0.03749995678663254,,,
14,3704,,,,0.9868223071098328,0.7552447319030762,0.03640468791127205,,,
14,3705,,,,0.9866340160369873,0.7491165995597839,0.03741364926099777,,,
14,3706,,,,0.9875752925872803,0.760869562625885,0.0341501347720623,,,
14,3707,,,,0.9877635836601257,0.7686832547187805,0.035449691116809845,,,
14,3708,,,,0.9860692620277405,0.7338129281997681,0.036591771990060806,,,
14,3709,,,,0.9864457845687866,0.7446808218955994,0.040152665227651596,,,
14,3710,,,,0.9824924468994141,0.6618182063102722,0.040990401059389114,,,
14,3711,,,,0.9838102459907532,0.6906474828720093,0.04283660277724266,,,
14,3712,,,,0.9864457845687866,0.7428571581840515,0.03703390806913376,,,
14,3713,,,,0.9856927990913391,0.7323943376541138,0.03744430094957352,,,
14,3714,,,,0.9828689694404602,0.6761565804481506,0.043332282453775406,,,
14,3715,,,,0.9879518151283264,0.7647058963775635,0.033257510513067245,,,
14,3716,,,,0.9894578456878662,0.8082191944122314,0.03135086968541145,,,
14,3717,,,,0.9860692620277405,0.73758864402771,0.03557640686631203,,,
14,3718,,,,0.9858810305595398,0.744027316570282,0.037781596183776855,,,
14,3719,,,,0.9828689694404602,0.671480119228363,0.04245603829622269,,,
14,3720,,,,0.9830572009086609,0.6739130616188049,0.04412469267845154,,,
14,3721,,,,0.9847515225410461,0.7075812220573425,0.04255480319261551,,,
14,3722,,,,0.9881400465965271,0.7758007049560547,0.03693012148141861,,,
14,3723,,,,0.9871987700462341,0.7622377872467041,0.03637253865599632,,,
14,3724,,,,0.9860692620277405,0.7318840622901917,0.04123513028025627,,,
14,3725,,,,0.9873870611190796,0.759856641292572,0.037882670760154724,,,
14,3726,,,,0.9862575531005859,0.7383512258529663,0.03916611522436142,,,
14,3727,,,,0.9832454919815063,0.6763636469841003,0.044096220284700394,,,
14,3728,,,,0.9856927990913391,0.7342657446861267,0.034297291189432144,,,
14,3729,,,,0.9868223071098328,0.7517730593681335,0.036729197949171066,,,
14,3730,,,,0.9836220145225525,0.6881720423698425,0.039586201310157776,,,
14,3731,,,,0.9862575531005859,0.7345454692840576,0.03419029340147972,,,
14,3732,,,,0.9870105385780334,0.75789475440979,0.03701326623558998,,,
14,3733,,,,0.9862575531005859,0.7474048733711243,0.03320193290710449,,,
14,3734,,,,0.9851279854774475,0.7247386574745178,0.039682358503341675,,,
14,3735,,,,0.9879518151283264,0.7664233446121216,0.035282742232084274,,,
14,3736,,,,0.9866340160369873,0.7399267554283142,0.0370035357773304,,,
14,3737,,,,0.9866340160369873,0.7399267554283142,0.04031985625624657,,,
14,3738,,,,0.9868223071098328,0.7482014298439026,0.032868511974811554,,,
14,3739,,,,0.9847515225410461,0.7011070251464844,0.04107865318655968,,,
14,3740,,,,0.984375,0.7067137956619263,0.03760742396116257,,,
14,3741,,,,0.983433723449707,0.6857143044471741,0.04037180542945862,,,
14,3742,,,,0.9845632314682007,0.7112675905227661,0.040605753660202026,,,
14,3743,,,,0.9866340160369873,0.7491165995597839,0.03633308410644531,,,
14,3744,,,,0.9868223071098328,0.75,0.03483036160469055,,,
14,3745,,,,0.9871987700462341,0.7443609237670898,0.03992762416601181,,,
14,3746,,,,0.9836220145225525,0.6925795078277588,0.041389349848032,,,
14,3747,,,,0.9856927990913391,0.7226277589797974,0.04172524809837341,,,
14,3748,,,,0.9875752925872803,0.7659574747085571,0.03338363394141197,,,
14,3749,,,,0.9850369095802307,0.7179487347602844,0.0361153706908226,,,
14,3749,,,,,,,0.9850935339927673,0.7149835228919983,0.04035089537501335
15,3750,,,,0.9877635836601257,0.7686832547187805,0.03306588530540466,,,
15,3751,,,,0.9824924468994141,0.6642599105834961,0.04054790362715721,,,
15,3752,,,,0.9864457845687866,0.7372262477874756,0.03806854039430618,,,
15,3753,,,,0.9856927990913391,0.7323943376541138,0.035053104162216187,,,
15,3754,,,,0.9849397540092468,0.716312050819397,0.0377865768969059,,,
15,3755,,,,0.9875752925872803,0.7708333134651184,0.03127439320087433,,,
15,3756,,,,0.9864457845687866,0.7410072088241577,0.033672433346509933,,,
15,3757,,,,0.9847515225410461,0.71378093957901,0.03953400254249573,,,
15,3758,,,,0.9873870611190796,0.7632508873939514,0.035443827509880066,,,
15,3759,,,,0.9873870611190796,0.7649123072624207,0.031110644340515137,,,
15,3760,,,,0.9873870611190796,0.7681660652160645,0.03409399837255478,,,
15,3761,,,,0.9856927990913391,0.7266187071800232,0.038965869694948196,,,
15,3762,,,,0.9838102459907532,0.6861313581466675,0.04363994672894478,,,
15,3763,,,,0.9841867685317993,0.6934306621551514,0.04002171754837036,,,
15,3764,,,,0.9864457845687866,0.7428571581840515,0.034680239856243134,,,
15,3765,,,,0.9879518151283264,0.7808219194412231,0.03355470672249794,,,
15,3766,,,,0.9881400465965271,0.7773851752281189,0.03274630755186081,,,
15,3767,,,,0.9855045080184937,0.725978672504425,0.04035889729857445,,,
15,3768,,,,0.9841867685317993,0.6842105388641357,0.04073985666036606,,,
15,3769,,,,0.9877635836601257,0.7719298005104065,0.03704075515270233,,,
15,3770,,,,0.9866340160369873,0.7526132464408875,0.034508708864450455,,,
15,3771,,,,0.9858810305595398,0.7292418479919434,0.04031367972493172,,,
15,3772,,,,0.9885165691375732,0.7797833681106567,0.03237750381231308,,,
15,3773,,,,0.9839984774589539,0.6931408047676086,0.041225288063287735,,,
15,3774,,,,0.9871987700462341,0.7571428418159485,0.03491188958287239,,,
15,3775,,,,0.9885165691375732,0.781361997127533,0.034903835505247116,,,
15,3776,,,,0.9877635836601257,0.7719298005104065,0.03293775022029877,,,
15,3777,,,,0.9856927990913391,0.7121211886405945,0.039491694420576096,,,
15,3778,,,,0.9881400465965271,0.7725631594657898,0.03687290847301483,,,
15,3779,,,,0.9877635836601257,0.7601476311683655,0.03551115095615387,,,
15,3780,,,,0.9879518151283264,0.7714285850524902,0.03399479389190674,,,
15,3781,,,,0.9841867685317993,0.695652186870575,0.041938189417123795,,,
15,3782,,,,0.9856927990913391,0.7304964661598206,0.03739383444190025,,,
15,3783,,,,0.9845632314682007,0.7152777910232544,0.03514892980456352,,,
15,3784,,,,0.984375,0.6959707140922546,0.04001373052597046,,,
15,3785,,,,0.9868223071098328,0.7445255517959595,0.03417303413152695,,,
15,3786,,,,0.9866340160369873,0.7455196976661682,0.037979885935783386,,,
15,3787,,,,0.984375,0.7067137956619263,0.03717198595404625,,,
15,3788,,,,0.9894578456878662,0.8028169274330139,0.03171654790639877,,,
15,3789,,,,0.9873870611190796,0.7581227421760559,0.03688111901283264,,,
15,3790,,,,0.9849397540092468,0.7202796936035156,0.04009239748120308,,,
15,3791,,,,0.9855045080184937,0.7179487347602844,0.03527835011482239,,,
15,3792,,,,0.9877635836601257,0.7653429508209229,0.03736835718154907,,,
15,3793,,,,0.983433723449707,0.6857143044471741,0.041422855108976364,,,
15,3794,,,,0.9849397540092468,0.716312050819397,0.038519155234098434,,,
15,3795,,,,0.9866340160369873,0.7455196976661682,0.03741096705198288,,,
15,3796,,,,0.9855045080184937,0.7240143418312073,0.037690866738557816,,,
15,3797,,,,0.9875752925872803,0.7659574747085571,0.036171961575746536,,,
15,3798,,,,0.9870105385780334,0.7628865838050842,0.0349569208920002,,,
15,3799,,,,0.9877635836601257,0.775086522102356,0.03191836550831795,,,
15,3800,,,,0.9832454919815063,0.6810035705566406,0.03475973382592201,,,
15,3801,,,,0.9858810305595398,0.7349823117256165,0.0382741317152977,,,
15,3802,,,,0.9875752925872803,0.7739726305007935,0.032009243965148926,,,
15,3803,,,,0.9845632314682007,0.7007299065589905,0.04018089547753334,,,
15,3804,,,,0.9826807379722595,0.6783216595649719,0.04253777489066124,,,
15,3805,,,,0.9841867685317993,0.699999988079071,0.03857408091425896,,,
15,3806,,,,0.9879518151283264,0.7762237787246704,0.033704932779073715,,,
15,3807,,,,0.9819276928901672,0.6546762585639954,0.04394182190299034,,,
15,3808,,,,0.9883283376693726,0.7785714268684387,0.03707316145300865,,,
15,3809,,,,0.9868223071098328,0.7482014298439026,0.03642239049077034,,,
15,3810,,,,0.9866340160369873,0.7399267554283142,0.03186129778623581,,,
15,3811,,,,0.9885165691375732,0.7797833681106567,0.03316052258014679,,,
15,3812,,,,0.9866340160369873,0.7491165995597839,0.03379347547888756,,,
15,3813,,,,0.9864457845687866,0.7410072088241577,0.03817654773592949,,,
15,3814,,,,0.9836220145225525,0.6836363673210144,0.04657260328531265,,,
15,3815,,,,0.9873870611190796,0.7545787692070007,0.0339912474155426,,,
15,3816,,,,0.9873870611190796,0.7632508873939514,0.03491990268230438,,,
15,3817,,,,0.9877635836601257,0.7670251131057739,0.03286042436957359,,,
15,3818,,,,0.9864457845687866,0.751724123954773,0.03893350437283516,,,
15,3819,,,,0.9839984774589539,0.6863468885421753,0.043562520295381546,,,
15,3820,,,,0.9871987700462341,0.7536231875419617,0.03547556698322296,,,
15,3821,,,,0.9877635836601257,0.761904776096344,0.03339510038495064,,,
15,3822,,,,0.985316276550293,0.7089552283287048,0.042452599853277206,,,
15,3823,,,,0.9858810305595398,0.7404844164848328,0.03516298532485962,,,
15,3824,,,,0.983433723449707,0.6857143044471741,0.045964352786540985,,,
15,3825,,,,0.9868223071098328,0.7535211443901062,0.03552660718560219,,,
15,3826,,,,0.9855045080184937,0.7179487347602844,0.03862231597304344,,,
15,3827,,,,0.9873870611190796,0.7649123072624207,0.03551441803574562,,,
15,3828,,,,0.9855045080184937,0.7220216393470764,0.03621451556682587,,,
15,3829,,,,0.9845632314682007,0.7210884094238281,0.035764180123806,,,
15,3830,,,,0.9828689694404602,0.6738350987434387,0.042562104761600494,,,
15,3831,,,,0.9862575531005859,0.7345454692840576,0.03782857581973076,,,
15,3832,,,,0.9855045080184937,0.733564019203186,0.036715392023324966,,,
15,3833,,,,0.9885165691375732,0.7844523191452026,0.03533262386918068,,,
15,3834,,,,0.9858810305595398,0.7272727489471436,0.038003623485565186,,,
15,3835,,,,0.9864457845687866,0.75,0.0355026014149189,,,
15,3836,,,,0.9870105385780334,0.7561837434768677,0.037538301199674606,,,
15,3837,,,,0.9870105385780334,0.7526881694793701,0.03819931298494339,,,
15,3838,,,,0.9849397540092468,0.7142857313156128,0.03844897076487541,,,
15,3839,,,,0.9866340160369873,0.7418181896209717,0.03361748903989792,,,
15,3840,,,,0.9890813231468201,0.7957746386528015,0.03397955745458603,,,
15,3841,,,,0.9856927990913391,0.7285714149475098,0.0358593612909317,,,
15,3842,,,,0.9866340160369873,0.7508772015571594,0.0373079888522625,,,
15,3843,,,,0.9879518151283264,0.7746478915214539,0.0350385382771492,,,
15,3844,,,,0.9856927990913391,0.7285714149475098,0.0400850772857666,,,
15,3845,,,,0.9847515225410461,0.6988847851753235,0.03760083392262459,,,
15,3846,,,,0.9885165691375732,0.7797833681106567,0.03189931809902191,,,
15,3847,,,,0.9830572009086609,0.6715328693389893,0.03792077302932739,,,
15,3848,,,,0.9868223071098328,0.75,0.03680700063705444,,,
15,3849,,,,0.9877635836601257,0.7653429508209229,0.03826918825507164,,,
15,3850,,,,0.9826807379722595,0.6642335653305054,0.044258370995521545,,,
15,3851,,,,0.9858810305595398,0.7292418479919434,0.043980590999126434,,,
15,3852,,,,0.9845632314682007,0.7007299065589905,0.04046795144677162,,,
15,3853,,,,0.9875752925872803,0.7724137902259827,0.033686328679323196,,,
15,3854,,,,0.9881400465965271,0.774193525314331,0.034481655806303024,,,
15,3855,,,,0.9855045080184937,0.7298245429992676,0.03770970180630684,,,
15,3856,,,,0.985316276550293,0.7214285731315613,0.03837575018405914,,,
15,3857,,,,0.9841867685317993,0.6934306621551514,0.03792639449238777,,,
15,3858,,,,0.9858810305595398,0.7330960631370544,0.03773390129208565,,,
15,3859,,,,0.9868223071098328,0.75,0.03849932923913002,,,
15,3860,,,,0.9881400465965271,0.7789473533630371,0.034286607056856155,,,
15,3861,,,,0.9823042154312134,0.6690140962600708,0.039338063448667526,,,
15,3862,,,,0.9862575531005859,0.7456446290016174,0.04086719825863838,,,
15,3863,,,,0.9839984774589539,0.6996466517448425,0.042486079037189484,,,
15,3864,,,,0.9851279854774475,0.7247386574745178,0.03675220534205437,,,
15,3865,,,,0.985316276550293,0.7253521084785461,0.036595940589904785,,,
15,3866,,,,0.9870105385780334,0.75789475440979,0.03746860846877098,,,
15,3867,,,,0.9855045080184937,0.733564019203186,0.039571091532707214,,,
15,3868,,,,0.9860692620277405,0.7357142567634583,0.039975542575120926,,,
15,3869,,,,0.9868223071098328,0.7569444179534912,0.03426055237650871,,,
15,3870,,,,0.9873870611190796,0.7649123072624207,0.03282198682427406,,,
15,3871,,,,0.9888930916786194,0.7972508668899536,0.02846132032573223,,,
15,3872,,,,0.9877635836601257,0.7636363506317139,0.03867795690894127,,,
15,3873,,,,0.9847515225410461,0.7075812220573425,0.043370749801397324,,,
15,3874,,,,0.9870105385780334,0.7612456679344177,0.03351831063628197,,,
15,3875,,,,0.9890813231468201,0.7957746386528015,0.03171490877866745,,,
15,3876,,,,0.9841867685317993,0.699999988079071,0.03813550993800163,,,
15,3877,,,,0.9873870611190796,0.7615658640861511,0.0387289822101593,,,
15,3878,,,,0.9881400465965271,0.7804877758026123,0.03574053943157196,,,
15,3879,,,,0.9877635836601257,0.7703180313110352,0.037346143275499344,,,
15,3880,,,,0.9862575531005859,0.732600748538971,0.038818053901195526,,,
15,3881,,,,0.9849397540092468,0.7202796936035156,0.03910301998257637,,,
15,3882,,,,0.9868223071098328,0.7482014298439026,0.03399505093693733,,,
15,3883,,,,0.9885165691375732,0.7874564528465271,0.032786935567855835,,,
15,3884,,,,0.9871987700462341,0.7605633735656738,0.03920216113328934,,,
15,3885,,,,0.9851279854774475,0.7208480834960938,0.03720703721046448,,,
15,3886,,,,0.9860692620277405,0.7318840622901917,0.044117361307144165,,,
15,3887,,,,0.9873870611190796,0.7649123072624207,0.03485971316695213,,,
15,3888,,,,0.9875752925872803,0.760869562625885,0.034038279205560684,,,
15,3889,,,,0.9849397540092468,0.7222222089767456,0.041121844202280045,,,
15,3890,,,,0.9868223071098328,0.7552447319030762,0.034330081194639206,,,
15,3891,,,,0.9839984774589539,0.6953405141830444,0.04164900258183479,,,
15,3892,,,,0.9855045080184937,0.7353951930999756,0.036529768258333206,,,
15,3893,,,,0.9870105385780334,0.7561837434768677,0.034518051892519,,,
15,3894,,,,0.9862575531005859,0.7364621162414551,0.03906017914414406,,,
15,3895,,,,0.9862575531005859,0.7456446290016174,0.037212446331977844,,,
15,3896,,,,0.9877635836601257,0.7766323089599609,0.03220818191766739,,,
15,3897,,,,0.9855045080184937,0.725978672504425,0.0403832383453846,,,
15,3898,,,,0.985316276550293,0.7153284549713135,0.03770151361823082,,,
15,3899,,,,0.9838102459907532,0.695035457611084,0.03962055966258049,,,
15,3900,,,,0.9862575531005859,0.7345454692840576,0.0384698286652565,,,
15,3901,,,,0.9856927990913391,0.7266187071800232,0.03689626604318619,,,
15,3902,,,,0.9847515225410461,0.7054545283317566,0.038630999624729156,,,
15,3903,,,,0.9877635836601257,0.7653429508209229,0.03372153267264366,,,
15,3904,,,,0.9864457845687866,0.7372262477874756,0.03523728623986244,,,
15,3905,,,,0.9879518151283264,0.7762237787246704,0.034964147955179214,,,
15,3906,,,,0.9849397540092468,0.7101449370384216,0.039162106812000275,,,
15,3907,,,,0.9887048006057739,0.7810218930244446,0.03372746333479881,,,
15,3908,,,,0.9823042154312134,0.6492537260055542,0.04540027678012848,,,
15,3909,,,,0.984375,0.7046263217926025,0.03926927223801613,,,
15,3910,,,,0.9849397540092468,0.7183098793029785,0.037436872720718384,,,
15,3911,,,,0.9841867685317993,0.699999988079071,0.03564281761646271,,,
15,3912,,,,0.9862575531005859,0.7364621162414551,0.03536490350961685,,,
15,3913,,,,0.9875752925872803,0.7755101919174194,0.03231138363480568,,,
15,3914,,,,0.9832454919815063,0.6787003874778748,0.037353843450546265,,,
15,3915,,,,0.9903991222381592,0.8235294222831726,0.03114824928343296,,,
15,3916,,,,0.9870105385780334,0.750902533531189,0.039147984236478806,,,
15,3917,,,,0.9881400465965271,0.7725631594657898,0.03635925054550171,,,
15,3918,,,,0.9877635836601257,0.7686832547187805,0.034598592668771744,,,
15,3919,,,,0.9858810305595398,0.7292418479919434,0.037637196481227875,,,
15,3920,,,,0.9866340160369873,0.7491165995597839,0.03722371533513069,,,
15,3921,,,,0.9841867685317993,0.6978417038917542,0.040110453963279724,,,
15,3922,,,,0.9875752925872803,0.7659574747085571,0.034933336079120636,,,
15,3923,,,,0.9826807379722595,0.6642335653305054,0.042729321867227554,,,
15,3924,,,,0.9898343086242676,0.811188817024231,0.03308618441224098,,,
15,3925,,,,0.9845632314682007,0.6917293071746826,0.0379781611263752,,,
15,3926,,,,0.9855045080184937,0.7220216393470764,0.040091145783662796,,,
15,3927,,,,0.9839984774589539,0.6863468885421753,0.0404147170484066,,,
15,3928,,,,0.9839984774589539,0.7017543911933899,0.03954550623893738,,,
15,3929,,,,0.9851279854774475,0.7208480834960938,0.036522891372442245,,,
15,3930,,,,0.985316276550293,0.7111111283302307,0.04149600863456726,,,
15,3931,,,,0.9855045080184937,0.7200000286102295,0.03764306381344795,,,
15,3932,,,,0.9826807379722595,0.6690647602081299,0.04571332037448883,,,
15,3933,,,,0.9856927990913391,0.7323943376541138,0.03825495392084122,,,
15,3934,,,,0.9855045080184937,0.7158671617507935,0.040669795125722885,,,
15,3935,,,,0.9870105385780334,0.750902533531189,0.03594816476106644,,,
15,3936,,,,0.9892695546150208,0.7927272915840149,0.029772505164146423,,,
15,3937,,,,0.9841867685317993,0.699999988079071,0.04173630103468895,,,
15,3938,,,,0.9866340160369873,0.743682324886322,0.035996511578559875,,,
15,3939,,,,0.9873870611190796,0.759856641292572,0.03600861877202988,,,
15,3940,,,,0.9870105385780334,0.74349445104599,0.03658830001950264,,,
15,3941,,,,0.9855045080184937,0.7220216393470764,0.033053167164325714,,,
15,3942,,,,0.9824924468994141,0.6568265557289124,0.04494788497686386,,,
15,3943,,,,0.9860692620277405,0.7318840622901917,0.04014969989657402,,,
15,3944,,,,0.9866340160369873,0.743682324886322,0.04235170781612396,,,
15,3945,,,,0.9847515225410461,0.6988847851753235,0.03826064243912697,,,
15,3946,,,,0.9875752925872803,0.7676056623458862,0.03650273382663727,,,
15,3947,,,,0.9862575531005859,0.7456446290016174,0.03682708740234375,,,
15,3948,,,,0.9847515225410461,0.7032967209815979,0.04162583127617836,,,
15,3949,,,,0.9841867685317993,0.6911764740943909,0.039332062005996704,,,
15,3950,,,,0.9841867685317993,0.6934306621551514,0.03743937239050865,,,
15,3951,,,,0.9868223071098328,0.75,0.03755665943026543,,,
15,3952,,,,0.9845632314682007,0.7172414064407349,0.042733121663331985,,,
15,3953,,,,0.9883283376693726,0.7785714268684387,0.03146342188119888,,,
15,3954,,,,0.9849397540092468,0.7058823704719543,0.038714323192834854,,,
15,3955,,,,0.9866340160369873,0.743682324886322,0.035117007791996,,,
15,3956,,,,0.9847515225410461,0.7096773982048035,0.04081595689058304,,,
15,3957,,,,0.9864457845687866,0.739130437374115,0.03385118395090103,,,
15,3958,,,,0.9847515225410461,0.71378093957901,0.04702528193593025,,,
15,3959,,,,0.9856927990913391,0.7342657446861267,0.03835432603955269,,,
15,3960,,,,0.9839984774589539,0.6975088715553284,0.03867197036743164,,,
15,3961,,,,0.9856927990913391,0.7304964661598206,0.03657924383878708,,,
15,3962,,,,0.9887048006057739,0.7916666865348816,0.03335614129900932,,,
15,3963,,,,0.983433723449707,0.6944444179534912,0.04386594519019127,,,
15,3964,,,,0.9877635836601257,0.775086522102356,0.032993026077747345,,,
15,3965,,,,0.9864457845687866,0.75,0.03443778678774834,,,
15,3966,,,,0.9849397540092468,0.7183098793029785,0.03732091188430786,,,
15,3967,,,,0.9855045080184937,0.7220216393470764,0.03703067824244499,,,
15,3968,,,,0.9858810305595398,0.7368420958518982,0.04014727845788002,,,
15,3969,,,,0.983433723449707,0.6764705777168274,0.03625490516424179,,,
15,3970,,,,0.9870105385780334,0.754448413848877,0.035541459918022156,,,
15,3971,,,,0.9868223071098328,0.7569444179534912,0.03419578820466995,,,
15,3972,,,,0.9868223071098328,0.75,0.03462425619363785,,,
15,3973,,,,0.9866340160369873,0.7473309636116028,0.035721275955438614,,,
15,3974,,,,0.9887048006057739,0.7945205569267273,0.031608179211616516,,,
15,3975,,,,0.9860692620277405,0.7357142567634583,0.034344881772994995,,,
15,3976,,,,0.9847515225410461,0.7117437720298767,0.03582799807190895,,,
15,3977,,,,0.9858810305595398,0.7368420958518982,0.0357319675385952,,,
15,3978,,,,0.9847515225410461,0.7054545283317566,0.03785957023501396,,,
15,3979,,,,0.9875752925872803,0.760869562625885,0.037172526121139526,,,
15,3980,,,,0.9866340160369873,0.7526132464408875,0.03942219913005829,,,
15,3981,,,,0.9873870611190796,0.7681660652160645,0.035320546478033066,,,
15,3982,,,,0.9866340160369873,0.743682324886322,0.03885006159543991,,,
15,3983,,,,0.983433723449707,0.6879432797431946,0.04064576327800751,,,
15,3984,,,,0.9855045080184937,0.7317073345184326,0.03945828601717949,,,
15,3985,,,,0.9877635836601257,0.7653429508209229,0.037638984620571136,,,
15,3986,,,,0.9868223071098328,0.75,0.0369737446308136,,,
15,3987,,,,0.9864457845687866,0.7272727489471436,0.03581871837377548,,,
15,3988,,,,0.9862575531005859,0.7345454692840576,0.03849867731332779,,,
15,3989,,,,0.985316276550293,0.7253521084785461,0.04119584709405899,,,
15,3990,,,,0.9832454919815063,0.6763636469841003,0.04299062117934227,,,
15,3991,,,,0.9851279854774475,0.7106227278709412,0.039712078869342804,,,
15,3992,,,,0.9856927990913391,0.7414966225624084,0.042478807270526886,,,
15,3993,,,,0.9856927990913391,0.720588207244873,0.03883732855319977,,,
15,3994,,,,0.985316276550293,0.7214285731315613,0.04031970724463463,,,
15,3995,,,,0.9868223071098328,0.7482014298439026,0.039052318781614304,,,
15,3996,,,,0.9868223071098328,0.7602739930152893,0.035431865602731705,,,
15,3997,,,,0.9851279854774475,0.7084870934486389,0.03857690468430519,,,
15,3998,,,,0.985316276550293,0.7214285731315613,0.03723009675741196,,,
15,3999,,,,0.9869801998138428,0.7471697926521301,0.037434469908475876,,,
15,3999,,,,,,,0.9852503538131714,0.7230147123336792,0.039847493171691895
16,4000,,,,0.9885165691375732,0.7918089032173157,0.033395376056432724,,,
16,4001,,,,0.9868223071098328,0.7426470518112183,0.03790092468261719,,,
16,4002,,,,0.9873870611190796,0.7563636302947998,0.0348927304148674,,,
16,4003,,,,0.9849397540092468,0.7101449370384216,0.040238384157419205,,,
16,4004,,,,0.9841867685317993,0.699999988079071,0.03784780576825142,,,
16,4005,,,,0.9849397540092468,0.7202796936035156,0.04153978079557419,,,
16,4006,,,,0.9875752925872803,0.7724137902259827,0.03540387749671936,,,
16,4007,,,,0.9860692620277405,0.7299270033836365,0.038978561758995056,,,
16,4008,,,,0.9871987700462341,0.7638888955116272,0.035291410982608795,,,
16,4009,,,,0.9871987700462341,0.7622377872467041,0.03712169826030731,,,
16,4010,,,,0.9862575531005859,0.7456446290016174,0.034444257616996765,,,
16,4011,,,,0.985316276550293,0.7234042286872864,0.036192335188388824,,,
16,4012,,,,0.985316276550293,0.7253521084785461,0.03728809952735901,,,
16,4013,,,,0.9864457845687866,0.7551020383834839,0.039101626724004745,,,
16,4014,,,,0.9868223071098328,0.7482014298439026,0.03337704762816429,,,
16,4015,,,,0.9856927990913391,0.7285714149475098,0.03571440652012825,,,
16,4016,,,,0.9875752925872803,0.7659574747085571,0.0346255786716938,,,
16,4017,,,,0.9847515225410461,0.7075812220573425,0.03810034319758415,,,
16,4018,,,,0.9851279854774475,0.7148014307022095,0.03987133875489235,,,
16,4019,,,,0.9849397540092468,0.7080292105674744,0.037428807467222214,,,
16,4020,,,,0.985316276550293,0.7153284549713135,0.03810334950685501,,,
16,4021,,,,0.9870105385780334,0.7472527623176575,0.03682127967476845,,,
16,4022,,,,0.9875752925872803,0.7739726305007935,0.03570368513464928,,,
16,4023,,,,0.9839984774589539,0.6863468885421753,0.038991834968328476,,,
16,4024,,,,0.9860692620277405,0.7279411554336548,0.03859441727399826,,,
16,4025,,,,0.9855045080184937,0.7116104960441589,0.03801416978240013,,,
16,4026,,,,0.9870105385780334,0.75789475440979,0.03434428200125694,,,
16,4027,,,,0.9856927990913391,0.7323943376541138,0.03968377783894539,,,
16,4028,,,,0.9847515225410461,0.7054545283317566,0.03769296407699585,,,
16,4029,,,,0.9828689694404602,0.6761565804481506,0.04188935086131096,,,
16,4030,,,,0.9864457845687866,0.748251736164093,0.037166908383369446,,,
16,4031,,,,0.9836220145225525,0.6836363673210144,0.038917236030101776,,,
16,4032,,,,0.985316276550293,0.7153284549713135,0.04175573214888573,,,
16,4033,,,,0.9879518151283264,0.7714285850524902,0.032317452132701874,,,
16,4034,,,,0.9862575531005859,0.7402135133743286,0.03703754022717476,,,
16,4035,,,,0.9860692620277405,0.7482993006706238,0.03337810933589935,,,
16,4036,,,,0.984375,0.7067137956619263,0.03821876272559166,,,
16,4037,,,,0.9849397540092468,0.7122302055358887,0.03499413654208183,,,
16,4038,,,,0.9871987700462341,0.7622377872467041,0.030806833878159523,,,
16,4039,,,,0.9881400465965271,0.7789473533630371,0.036933980882167816,,,
16,4040,,,,0.9860692620277405,0.7338129281997681,0.03610922768712044,,,
16,4041,,,,0.9838102459907532,0.695035457611084,0.044203028082847595,,,
16,4042,,,,0.9858810305595398,0.7404844164848328,0.03889070078730583,,,
16,4043,,,,0.9862575531005859,0.7438596487045288,0.03716395050287247,,,
16,4044,,,,0.9870105385780334,0.754448413848877,0.034042976796627045,,,
16,4045,,,,0.9839984774589539,0.6931408047676086,0.037163931876420975,,,
16,4046,,,,0.9873870611190796,0.7665505409240723,0.03347110003232956,,,
16,4047,,,,0.9860692620277405,0.7279411554336548,0.03564753383398056,,,
16,4048,,,,0.9868223071098328,0.7517730593681335,0.03937355801463127,,,
16,4049,,,,0.9851279854774475,0.7106227278709412,0.036710865795612335,,,
16,4050,,,,0.9892695546150208,0.8027681708335876,0.029271960258483887,,,
16,4051,,,,0.9855045080184937,0.725978672504425,0.04353317245841026,,,
16,4052,,,,0.9881400465965271,0.7789473533630371,0.03435102105140686,,,
16,4053,,,,0.9862575531005859,0.7438596487045288,0.03521111235022545,,,
16,4054,,,,0.9875752925872803,0.7659574747085571,0.03256893530488014,,,
16,4055,,,,0.9836220145225525,0.6836363673210144,0.040839921683073044,,,
16,4056,,,,0.9864457845687866,0.748251736164093,0.036947738379240036,,,
16,4057,,,,0.9851279854774475,0.7127272486686707,0.03923952579498291,,,
16,4058,,,,0.9828689694404602,0.6566037535667419,0.042223963886499405,,,
16,4059,,,,0.9851279854774475,0.7188612222671509,0.04073070362210274,,,
16,4060,,,,0.9856927990913391,0.7304964661598206,0.03854450583457947,,,
16,4061,,,,0.9866340160369873,0.7473309636116028,0.03584035858511925,,,
16,4062,,,,0.9877635836601257,0.7565543055534363,0.033461637794971466,,,
16,4063,,,,0.983433723449707,0.6788321137428284,0.045769382268190384,,,
16,4064,,,,0.9839984774589539,0.6840148568153381,0.039005883038043976,,,
16,4065,,,,0.985316276550293,0.7194244861602783,0.0387006439268589,,,
16,4066,,,,0.9875752925872803,0.7642857432365417,0.03177722543478012,,,
16,4067,,,,0.9841867685317993,0.7021276354789734,0.04170958697795868,,,
16,4068,,,,0.9873870611190796,0.7615658640861511,0.03523259609937668,,,
16,4069,,,,0.9871987700462341,0.7571428418159485,0.036934029310941696,,,
16,4070,,,,0.9847515225410461,0.7075812220573425,0.038141049444675446,,,
16,4071,,,,0.9847515225410461,0.71378093957901,0.03914700075984001,,,
16,4072,,,,0.9855045080184937,0.7220216393470764,0.039836470037698746,,,
16,4073,,,,0.983433723449707,0.6811594367027283,0.03903713449835777,,,
16,4074,,,,0.9855045080184937,0.7116104960441589,0.037263818085193634,,,
16,4075,,,,0.984375,0.7025089859962463,0.039579812437295914,,,
16,4076,,,,0.9845632314682007,0.7071428298950195,0.038040101528167725,,,
16,4077,,,,0.9866340160369873,0.7418181896209717,0.037001337856054306,,,
16,4078,,,,0.9845632314682007,0.7092198729515076,0.03689384460449219,,,
16,4079,,,,0.9862575531005859,0.7345454692840576,0.03689808025956154,,,
16,4080,,,,0.9858810305595398,0.7311828136444092,0.03866380453109741,,,
16,4081,,,,0.985316276550293,0.7253521084785461,0.03800603002309799,,,
16,4082,,,,0.9883283376693726,0.7801418304443359,0.03333931416273117,,,
16,4083,,,,0.9873870611190796,0.7581227421760559,0.032515544444322586,,,
16,4084,,,,0.9898343086242676,0.8071428537368774,0.027983518317341805,,,
16,4085,,,,0.9873870611190796,0.7615658640861511,0.036796633154153824,,,
16,4086,,,,0.9864457845687866,0.748251736164093,0.036230020225048065,,,
16,4087,,,,0.9839984774589539,0.6975088715553284,0.04127689450979233,,,
16,4088,,,,0.9858810305595398,0.7311828136444092,0.03469374403357506,,,
16,4089,,,,0.9841867685317993,0.699999988079071,0.04306572303175926,,,
16,4090,,,,0.9847515225410461,0.7117437720298767,0.04459589347243309,,,
16,4091,,,,0.9868223071098328,0.7482014298439026,0.033361759036779404,,,
16,4092,,,,0.9885165691375732,0.7903780341148376,0.03276211768388748,,,
16,4093,,,,0.9871987700462341,0.7638888955116272,0.03440018743276596,,,
16,4094,,,,0.9866340160369873,0.7491165995597839,0.03502967581152916,,,
16,4095,,,,0.9877635836601257,0.7719298005104065,0.0374128483235836,,,
16,4096,,,,0.9855045080184937,0.7279151678085327,0.03467255458235741,,,
16,4097,,,,0.985316276550293,0.7272727489471436,0.03639264032244682,,,
16,4098,,,,0.9885165691375732,0.7797833681106567,0.03395652398467064,,,
16,4099,,,,0.9841867685317993,0.6911764740943909,0.041866593062877655,,,
16,4100,,,,0.9881400465965271,0.7692307829856873,0.03373200073838234,,,
16,4101,,,,0.985316276550293,0.7132353186607361,0.03974127396941185,,,
16,4102,,,,0.9855045080184937,0.7298245429992676,0.03556172177195549,,,
16,4103,,,,0.9870105385780334,0.7612456679344177,0.036940887570381165,,,
16,4104,,,,0.9845632314682007,0.7112675905227661,0.042575567960739136,,,
16,4105,,,,0.9836220145225525,0.6947368383407593,0.04081272706389427,,,
16,4106,,,,0.9826807379722595,0.6714285612106323,0.043945737183094025,,,
16,4107,,,,0.9858810305595398,0.7292418479919434,0.03789398819208145,,,
16,4108,,,,0.9873870611190796,0.7681660652160645,0.032948754727840424,,,
16,4109,,,,0.9838102459907532,0.695035457611084,0.037421032786369324,,,
16,4110,,,,0.9873870611190796,0.7681660652160645,0.03419676050543785,,,
16,4111,,,,0.9841867685317993,0.6978417038917542,0.03878234326839447,,,
16,4112,,,,0.9871987700462341,0.7518247961997986,0.03493035212159157,,,
16,4113,,,,0.9890813231468201,0.7898550629615784,0.030318738892674446,,,
16,4114,,,,0.9877635836601257,0.7719298005104065,0.037681642919778824,,,
16,4115,,,,0.9868223071098328,0.7569444179534912,0.03580859303474426,,,
16,4116,,,,0.9826807379722595,0.6714285612106323,0.04207330197095871,,,
16,4117,,,,0.9871987700462341,0.758865237236023,0.036787956953048706,,,
16,4118,,,,0.9849397540092468,0.716312050819397,0.037874817848205566,,,
16,4119,,,,0.9871987700462341,0.7536231875419617,0.030270010232925415,,,
16,4120,,,,0.9830572009086609,0.6739130616188049,0.043653830885887146,,,
16,4121,,,,0.9879518151283264,0.7664233446121216,0.035959359258413315,,,
16,4122,,,,0.9875752925872803,0.7642857432365417,0.033146701753139496,,,
16,4123,,,,0.9875752925872803,0.7676056623458862,0.03298534080386162,,,
16,4124,,,,0.9841867685317993,0.6978417038917542,0.044282216578722,,,
16,4125,,,,0.9860692620277405,0.73758864402771,0.0373980738222599,,,
16,4126,,,,0.9868223071098328,0.75,0.03918786719441414,,,
16,4127,,,,0.9877635836601257,0.7670251131057739,0.03402712568640709,,,
16,4128,,,,0.9845632314682007,0.7112675905227661,0.0347428061068058,,,
16,4129,,,,0.9851279854774475,0.722806990146637,0.034330639988183975,,,
16,4130,,,,0.9847515225410461,0.7096773982048035,0.04229066148400307,,,
16,4131,,,,0.9885165691375732,0.7874564528465271,0.033388204872608185,,,
16,4132,,,,0.9838102459907532,0.6971830725669861,0.04120549187064171,,,
16,4133,,,,0.9862575531005859,0.7420494556427002,0.03508336842060089,,,
16,4134,,,,0.9858810305595398,0.7386759519577026,0.035780251026153564,,,
16,4135,,,,0.9868223071098328,0.75,0.037188101559877396,,,
16,4136,,,,0.9868223071098328,0.7552447319030762,0.03110595978796482,,,
16,4137,,,,0.9855045080184937,0.7220216393470764,0.035798076540231705,,,
16,4138,,,,0.9871987700462341,0.7638888955116272,0.03653063625097275,,,
16,4139,,,,0.9847515225410461,0.7177700400352478,0.03883202001452446,,,
16,4140,,,,0.9845632314682007,0.7050359845161438,0.037556979805231094,,,
16,4141,,,,0.9860692620277405,0.7394366264343262,0.035667553544044495,,,
16,4142,,,,0.9862575531005859,0.7438596487045288,0.033453647047281265,,,
16,4143,,,,0.9845632314682007,0.7152777910232544,0.040009528398513794,,,
16,4144,,,,0.9838102459907532,0.6906474828720093,0.04544844478368759,,,
16,4145,,,,0.985316276550293,0.7291666865348816,0.03749927878379822,,,
16,4146,,,,0.9877635836601257,0.7719298005104065,0.03290347009897232,,,
16,4147,,,,0.9811747074127197,0.6478873491287231,0.0407525859773159,,,
16,4148,,,,0.9858810305595398,0.7368420958518982,0.03669894486665726,,,
16,4149,,,,0.9847515225410461,0.7032967209815979,0.0434064120054245,,,
16,4150,,,,0.9873870611190796,0.7615658640861511,0.033728327602148056,,,
16,4151,,,,0.985316276550293,0.7272727489471436,0.03767860680818558,,,
16,4152,,,,0.9862575531005859,0.7508532404899597,0.03693852946162224,,,
16,4153,,,,0.9845632314682007,0.7050359845161438,0.04095340892672539,,,
16,4154,,,,0.9883283376693726,0.7785714268684387,0.0368521586060524,,,
16,4155,,,,0.9887048006057739,0.7902097702026367,0.032388970255851746,,,
16,4156,,,,0.9871987700462341,0.7518247961997986,0.03459547832608223,,,
16,4157,,,,0.9860692620277405,0.7465753555297852,0.03611909598112106,,,
16,4158,,,,0.9862575531005859,0.7474048733711243,0.03523385897278786,,,
16,4159,,,,0.9839984774589539,0.6996466517448425,0.037676021456718445,,,
16,4160,,,,0.9821159839630127,0.6594982147216797,0.041740190237760544,,,
16,4161,,,,0.9864457845687866,0.7372262477874756,0.03709601238369942,,,
16,4162,,,,0.9830572009086609,0.6853147149085999,0.04182840511202812,,,
16,4163,,,,0.9871987700462341,0.7687074542045593,0.03275305777788162,,,
16,4164,,,,0.990022599697113,0.8166090250015259,0.029624002054333687,,,
16,4165,,,,0.9862575531005859,0.7402135133743286,0.039866723120212555,,,
16,4166,,,,0.9838102459907532,0.6906474828720093,0.03806637227535248,,,
16,4167,,,,0.9845632314682007,0.6940298676490784,0.04526310786604881,,,
16,4168,,,,0.9847515225410461,0.6966292262077332,0.04143700376152992,,,
16,4169,,,,0.9868223071098328,0.75,0.04098818078637123,,,
16,4170,,,,0.9873870611190796,0.7563636302947998,0.03268328681588173,,,
16,4171,,,,0.9841867685317993,0.6978417038917542,0.03945094719529152,,,
16,4172,,,,0.9864457845687866,0.748251736164093,0.03436940163373947,,,
16,4173,,,,0.9858810305595398,0.7292418479919434,0.03352152556180954,,,
16,4174,,,,0.9868223071098328,0.7482014298439026,0.035109419375658035,,,
16,4175,,,,0.9881400465965271,0.7709090709686279,0.033237356692552567,,,
16,4176,,,,0.985316276550293,0.7214285731315613,0.03672664985060692,,,
16,4177,,,,0.9873870611190796,0.7665505409240723,0.03135007619857788,,,
16,4178,,,,0.9856927990913391,0.7226277589797974,0.03836555778980255,,,
16,4179,,,,0.9870105385780334,0.7561837434768677,0.03684905543923378,,,
16,4180,,,,0.9888930916786194,0.7929824590682983,0.03317049890756607,,,
16,4181,,,,0.9856927990913391,0.7246376872062683,0.0377330407500267,,,
16,4182,,,,0.9847515225410461,0.7011070251464844,0.03938544914126396,,,
16,4183,,,,0.9883283376693726,0.7832167744636536,0.03191579505801201,,,
16,4184,,,,0.9877635836601257,0.7766323089599609,0.03472815081477165,,,
16,4185,,,,0.9873870611190796,0.7632508873939514,0.037934646010398865,,,
16,4186,,,,0.9873870611190796,0.759856641292572,0.03458534926176071,,,
16,4187,,,,0.9868223071098328,0.7569444179534912,0.035221606492996216,,,
16,4188,,,,0.9871987700462341,0.767123281955719,0.0330871045589447,,,
16,4189,,,,0.9824924468994141,0.6713780760765076,0.04525639861822128,,,
16,4190,,,,0.9830572009086609,0.6762589812278748,0.04361081123352051,,,
16,4191,,,,0.9871987700462341,0.767123281955719,0.03576269373297691,,,
16,4192,,,,0.9856927990913391,0.7361111044883728,0.040658432990312576,,,
16,4193,,,,0.9851279854774475,0.722806990146637,0.04395182430744171,,,
16,4194,,,,0.9862575531005859,0.7438596487045288,0.03847469761967659,,,
16,4195,,,,0.9860692620277405,0.7394366264343262,0.038815032690763474,,,
16,4196,,,,0.985316276550293,0.7234042286872864,0.040602780878543854,,,
16,4197,,,,0.9851279854774475,0.7188612222671509,0.03866923972964287,,,
16,4198,,,,0.9873870611190796,0.7681660652160645,0.036762505769729614,,,
16,4199,,,,0.9868223071098328,0.7463768124580383,0.03736581280827522,,,
16,4200,,,,0.9885165691375732,0.7874564528465271,0.0353010855615139,,,
16,4201,,,,0.9855045080184937,0.7200000286102295,0.038963448256254196,,,
16,4202,,,,0.9864457845687866,0.748251736164093,0.031855564564466476,,,
16,4203,,,,0.9870105385780334,0.7595818638801575,0.034436747431755066,,,
16,4204,,,,0.9862575531005859,0.7306272983551025,0.03526521101593971,,,
16,4205,,,,0.9868223071098328,0.7445255517959595,0.03853406012058258,,,
16,4206,,,,0.9866340160369873,0.7455196976661682,0.03581463545560837,,,
16,4207,,,,0.9862575531005859,0.7420494556427002,0.03376287594437599,,,
16,4208,,,,0.984375,0.6959707140922546,0.043913599103689194,,,
16,4209,,,,0.9839984774589539,0.6975088715553284,0.03757806494832039,,,
16,4210,,,,0.9839984774589539,0.6886447072029114,0.04192715138196945,,,
16,4211,,,,0.9894578456878662,0.7956204414367676,0.033772025257349014,,,
16,4212,,,,0.9871987700462341,0.7571428418159485,0.03377608582377434,,,
16,4213,,,,0.9847515225410461,0.7032967209815979,0.04122181609272957,,,
16,4214,,,,0.9877635836601257,0.775086522102356,0.03202507644891739,,,
16,4215,,,,0.9839984774589539,0.6996466517448425,0.04016115888953209,,,
16,4216,,,,0.9856927990913391,0.7304964661598206,0.036478832364082336,,,
16,4217,,,,0.9877635836601257,0.7735191583633423,0.03549396991729736,,,
16,4218,,,,0.9845632314682007,0.7071428298950195,0.041055552661418915,,,
16,4219,,,,0.9838102459907532,0.6906474828720093,0.04158147796988487,,,
16,4220,,,,0.9856927990913391,0.7246376872062683,0.039661068469285965,,,
16,4221,,,,0.9877635836601257,0.7703180313110352,0.03360039368271828,,,
16,4222,,,,0.9866340160369873,0.743682324886322,0.038000427186489105,,,
16,4223,,,,0.9862575531005859,0.7364621162414551,0.03510935232043266,,,
16,4224,,,,0.9860692620277405,0.7318840622901917,0.03235193341970444,,,
16,4225,,,,0.9856927990913391,0.7226277589797974,0.03951270878314972,,,
16,4226,,,,0.9875752925872803,0.7708333134651184,0.032482411712408066,,,
16,4227,,,,0.9832454919815063,0.6739926934242249,0.038080353289842606,,,
16,4228,,,,0.9883283376693726,0.7832167744636536,0.033289436250925064,,,
16,4229,,,,0.9883283376693726,0.7753623127937317,0.0338851623237133,,,
16,4230,,,,0.9877635836601257,0.7735191583633423,0.03188116475939751,,,
16,4231,,,,0.9877635836601257,0.7686832547187805,0.03645332157611847,,,
16,4232,,,,0.9868223071098328,0.7445255517959595,0.03495485708117485,,,
16,4233,,,,0.9873870611190796,0.7545787692070007,0.03700004518032074,,,
16,4234,,,,0.9864457845687866,0.7410072088241577,0.03617578744888306,,,
16,4235,,,,0.9868223071098328,0.7552447319030762,0.03308025375008583,,,
16,4236,,,,0.9887048006057739,0.7857142686843872,0.03373285010457039,,,
16,4237,,,,0.9866340160369873,0.7491165995597839,0.036077868193387985,,,
16,4238,,,,0.9892695546150208,0.8013937473297119,0.03117878921329975,,,
16,4239,,,,0.9858810305595398,0.7252747416496277,0.038003627210855484,,,
16,4240,,,,0.9838102459907532,0.7013888955116272,0.0389261357486248,,,
16,4241,,,,0.9887048006057739,0.7916666865348816,0.030889390036463737,,,
16,4242,,,,0.9871987700462341,0.7702702879905701,0.03463945910334587,,,
16,4243,,,,0.9896460771560669,0.8014440536499023,0.03105282410979271,,,
16,4244,,,,0.9856927990913391,0.7285714149475098,0.0402461439371109,,,
16,4245,,,,0.9832454919815063,0.6920415163040161,0.04032209515571594,,,
16,4246,,,,0.9855045080184937,0.733564019203186,0.03767268359661102,,,
16,4247,,,,0.9826807379722595,0.6783216595649719,0.046568479388952255,,,
16,4248,,,,0.9883283376693726,0.7832167744636536,0.034665290266275406,,,
16,4249,,,,0.9873688220977783,0.761904776096344,0.033881496638059616,,,
16,4249,,,,,,,0.9849728941917419,0.7140955328941345,0.03972666710615158
17,4250,,,,0.9841867685317993,0.699999988079071,0.037973690778017044,,,
17,4251,,,,0.9885165691375732,0.7829181551933289,0.03287464752793312,,,
17,4252,,,,0.9851279854774475,0.7084870934486389,0.03789156675338745,,,
17,4253,,,,0.9849397540092468,0.7122302055358887,0.0335359163582325,,,
17,4254,,,,0.9862575531005859,0.7402135133743286,0.03364860638976097,,,
17,4255,,,,0.9855045080184937,0.725978672504425,0.03244263678789139,,,
17,4256,,,,0.9836220145225525,0.6836363673210144,0.04194289818406105,,,
17,4257,,,,0.9845632314682007,0.7050359845161438,0.03720970079302788,,,
17,4258,,,,0.9868223071098328,0.7586206793785095,0.03513244539499283,,,
17,4259,,,,0.9870105385780334,0.754448413848877,0.03757531940937042,,,
17,4260,,,,0.9864457845687866,0.7352941036224365,0.035662926733493805,,,
17,4261,,,,0.9849397540092468,0.7183098793029785,0.036578867584466934,,,
17,4262,,,,0.9873870611190796,0.759856641292572,0.031395722180604935,,,
17,4263,,,,0.9879518151283264,0.7746478915214539,0.03135436773300171,,,
17,4264,,,,0.985316276550293,0.7214285731315613,0.03769506886601448,,,
17,4265,,,,0.9856927990913391,0.7397260069847107,0.039951059967279434,,,
17,4266,,,,0.9881400465965271,0.7804877758026123,0.03330269083380699,,,
17,4267,,,,0.9870105385780334,0.7561837434768677,0.033015213906764984,,,
17,4268,,,,0.9868223071098328,0.7602739930152893,0.03819045424461365,,,
17,4269,,,,0.9877635836601257,0.7719298005104065,0.03462308272719383,,,
17,4270,,,,0.9866340160369873,0.7455196976661682,0.0386723093688488,,,
17,4271,,,,0.984375,0.7087719440460205,0.040187232196331024,,,
17,4272,,,,0.9849397540092468,0.7202796936035156,0.04013180360198021,,,
17,4273,,,,0.9870105385780334,0.76450514793396,0.03495902940630913,,,
17,4274,,,,0.9875752925872803,0.7676056623458862,0.0343848280608654,,,
17,4275,,,,0.9839984774589539,0.6975088715553284,0.03998049721121788,,,
17,4276,,,,0.9881400465965271,0.7758007049560547,0.03495597839355469,,,
17,4277,,,,0.9887048006057739,0.7872340679168701,0.030513830482959747,,,
17,4278,,,,0.984375,0.7067137956619263,0.041046399623155594,,,
17,4279,,,,0.9864457845687866,0.7464788556098938,0.03624631464481354,,,
17,4280,,,,0.9879518151283264,0.7647058963775635,0.032457251101732254,,,
17,4281,,,,0.9860692620277405,0.7279411554336548,0.035775259137153625,,,
17,4282,,,,0.9860692620277405,0.7259259223937988,0.041297588497400284,,,
17,4283,,,,0.985316276550293,0.7234042286872864,0.04046552628278732,,,
17,4284,,,,0.9871987700462341,0.7571428418159485,0.03749515488743782,,,
17,4285,,,,0.9868223071098328,0.7552447319030762,0.03729443997144699,,,
17,4286,,,,0.9870105385780334,0.754448413848877,0.03516794741153717,,,
17,4287,,,,0.9858810305595398,0.7311828136444092,0.034955400973558426,,,
17,4288,,,,0.9890813231468201,0.7972028255462646,0.031654998660087585,,,
17,4289,,,,0.9858810305595398,0.7311828136444092,0.03998969495296478,,,
17,4290,,,,0.9823042154312134,0.6618704795837402,0.04266923666000366,,,
17,4291,,,,0.9841867685317993,0.7062937021255493,0.039161715656518936,,,
17,4292,,,,0.9896460771560669,0.8056536912918091,0.03244994208216667,,,
17,4293,,,,0.9860692620277405,0.7482993006706238,0.03377683460712433,,,
17,4294,,,,0.9887048006057739,0.795918345451355,0.03149832412600517,,,
17,4295,,,,0.9875752925872803,0.7708333134651184,0.031242702156305313,,,
17,4296,,,,0.9839984774589539,0.6931408047676086,0.0431932769715786,,,
17,4297,,,,0.9851279854774475,0.7106227278709412,0.03733648732304573,,,
17,4298,,,,0.9851279854774475,0.7208480834960938,0.036362048238515854,,,
17,4299,,,,0.9826807379722595,0.6592592597007751,0.041617076843976974,,,
17,4300,,,,0.9875752925872803,0.7676056623458862,0.03458249196410179,,,
17,4301,,,,0.9881400465965271,0.7789473533630371,0.03213420882821083,,,
17,4302,,,,0.9862575531005859,0.7345454692840576,0.03603877127170563,,,
17,4303,,,,0.9873870611190796,0.759856641292572,0.03734492138028145,,,
17,4304,,,,0.9849397540092468,0.7122302055358887,0.037185683846473694,,,
17,4305,,,,0.9858810305595398,0.7292418479919434,0.03531115874648094,,,
17,4306,,,,0.9879518151283264,0.7714285850524902,0.033742912113666534,,,
17,4307,,,,0.9883283376693726,0.7801418304443359,0.0332479402422905,,,
17,4308,,,,0.9870105385780334,0.7561837434768677,0.037804994732141495,,,
17,4309,,,,0.9864457845687866,0.7428571581840515,0.034745968878269196,,,
17,4310,,,,0.9879518151283264,0.7823129296302795,0.03173055872321129,,,
17,4311,,,,0.9888930916786194,0.7915194630622864,0.03396408259868622,,,
17,4312,,,,0.9890813231468201,0.7957746386528015,0.0308590866625309,,,
17,4313,,,,0.9871987700462341,0.7536231875419617,0.03672926500439644,,,
17,4314,,,,0.9864457845687866,0.748251736164093,0.03838228061795235,,,
17,4315,,,,0.985316276550293,0.7253521084785461,0.03767690435051918,,,
17,4316,,,,0.9875752925872803,0.7659574747085571,0.03471852093935013,,,
17,4317,,,,0.9860692620277405,0.7299270033836365,0.035665664821863174,,,
17,4318,,,,0.9873870611190796,0.7665505409240723,0.03791573643684387,,,
17,4319,,,,0.9873870611190796,0.769759476184845,0.03374100849032402,,,
17,4320,,,,0.9856927990913391,0.7379310131072998,0.04078209400177002,,,
17,4321,,,,0.9849397540092468,0.7058823704719543,0.03810173645615578,,,
17,4322,,,,0.9856927990913391,0.7379310131072998,0.037701599299907684,,,
17,4323,,,,0.9849397540092468,0.7037037014961243,0.04257739707827568,,,
17,4324,,,,0.9871987700462341,0.7481481432914734,0.03627892583608627,,,
17,4325,,,,0.9862575531005859,0.7402135133743286,0.036264751106500626,,,
17,4326,,,,0.9885165691375732,0.7874564528465271,0.03102574683725834,,,
17,4327,,,,0.9883283376693726,0.7947019934654236,0.03149084001779556,,,
17,4328,,,,0.9838102459907532,0.6971830725669861,0.036690108478069305,,,
17,4329,,,,0.9883283376693726,0.7862069010734558,0.029706545174121857,,,
17,4330,,,,0.9856927990913391,0.7397260069847107,0.03534618765115738,,,
17,4331,,,,0.9885165691375732,0.7889273166656494,0.03357033059000969,,,
17,4332,,,,0.9881400465965271,0.7820069193840027,0.03455377370119095,,,
17,4333,,,,0.9877635836601257,0.7686832547187805,0.03466973826289177,,,
17,4334,,,,0.9881400465965271,0.7804877758026123,0.03323134034872055,,,
17,4335,,,,0.9856927990913391,0.7342657446861267,0.03587592765688896,,,
17,4336,,,,0.9875752925872803,0.7659574747085571,0.03111260011792183,,,
17,4337,,,,0.9877635836601257,0.7636363506317139,0.03675287589430809,,,
17,4338,,,,0.9851279854774475,0.7188612222671509,0.0354100726544857,,,
17,4339,,,,0.9885165691375732,0.7844523191452026,0.035382699221372604,,,
17,4340,,,,0.9870105385780334,0.750902533531189,0.03149503096938133,,,
17,4341,,,,0.9870105385780334,0.7561837434768677,0.033876821398735046,,,
17,4342,,,,0.984375,0.7108014225959778,0.03907793015241623,,,
17,4343,,,,0.9873870611190796,0.7632508873939514,0.033633358776569366,,,
17,4344,,,,0.9849397540092468,0.7202796936035156,0.04061153158545494,,,
17,4345,,,,0.9855045080184937,0.733564019203186,0.0401177778840065,,,
17,4346,,,,0.9875752925872803,0.7755101919174194,0.03201797232031822,,,
17,4347,,,,0.9836220145225525,0.6989619135856628,0.04068505018949509,,,
17,4348,,,,0.9856927990913391,0.7361111044883728,0.03564250096678734,,,
17,4349,,,,0.9858810305595398,0.7386759519577026,0.036996178328990936,,,
17,4350,,,,0.9856927990913391,0.7246376872062683,0.03839055448770523,,,
17,4351,,,,0.9841867685317993,0.699999988079071,0.03620687499642372,,,
17,4352,,,,0.9866340160369873,0.7576791644096375,0.03517835959792137,,,
17,4353,,,,0.9871987700462341,0.758865237236023,0.03572888299822807,,,
17,4354,,,,0.9866340160369873,0.754325270652771,0.03571018949151039,,,
17,4355,,,,0.9839984774589539,0.6909090876579285,0.042544666677713394,,,
17,4356,,,,0.984375,0.7167235612869263,0.04168548062443733,,,
17,4357,,,,0.9883283376693726,0.7769784331321716,0.03200545161962509,,,
17,4358,,,,0.9862575531005859,0.7306272983551025,0.03277305141091347,,,
17,4359,,,,0.9821159839630127,0.6468401551246643,0.044080428779125214,,,
17,4360,,,,0.9873870611190796,0.7581227421760559,0.03774074837565422,,,
17,4361,,,,0.9866340160369873,0.754325270652771,0.03537258505821228,,,
17,4362,,,,0.9855045080184937,0.7240143418312073,0.038426995277404785,,,
17,4363,,,,0.9851279854774475,0.7266436219215393,0.036555640399456024,,,
17,4364,,,,0.9858810305595398,0.7292418479919434,0.038397204130887985,,,
17,4365,,,,0.9860692620277405,0.7338129281997681,0.03600084036588669,,,
17,4366,,,,0.9836220145225525,0.6881720423698425,0.044105127453804016,,,
17,4367,,,,0.9864457845687866,0.739130437374115,0.03212327882647514,,,
17,4368,,,,0.9871987700462341,0.758865237236023,0.03667870908975601,,,
17,4369,,,,0.9860692620277405,0.7394366264343262,0.03522172570228577,,,
17,4370,,,,0.9894578456878662,0.8014184236526489,0.02943485416471958,,,
17,4371,,,,0.9838102459907532,0.6928571462631226,0.04212379455566406,,,
17,4372,,,,0.9855045080184937,0.7279151678085327,0.0362686850130558,,,
17,4373,,,,0.9875752925872803,0.7708333134651184,0.03415500000119209,,,
17,4374,,,,0.9873870611190796,0.7563636302947998,0.03623479604721069,,,
17,4375,,,,0.9866340160369873,0.7473309636116028,0.034924089908599854,,,
17,4376,,,,0.9864457845687866,0.748251736164093,0.038447655737400055,,,
17,4377,,,,0.9866340160369873,0.7455196976661682,0.03484266623854637,,,
17,4378,,,,0.9870105385780334,0.750902533531189,0.035976000130176544,,,
17,4379,,,,0.9855045080184937,0.7298245429992676,0.03678617998957634,,,
17,4380,,,,0.9881400465965271,0.7773851752281189,0.03559168428182602,,,
17,4381,,,,0.9838102459907532,0.6971830725669861,0.041891731321811676,,,
17,4382,,,,0.9851279854774475,0.7247386574745178,0.038380615413188934,,,
17,4383,,,,0.9851279854774475,0.7084870934486389,0.037259433418512344,,,
17,4384,,,,0.9879518151283264,0.7681159377098083,0.035669103264808655,,,
17,4385,,,,0.9862575531005859,0.7438596487045288,0.035314831882715225,,,
17,4386,,,,0.9830572009086609,0.6762589812278748,0.041458528488874435,,,
17,4387,,,,0.9875752925872803,0.7676056623458862,0.036324258893728256,,,
17,4388,,,,0.9849397540092468,0.7101449370384216,0.038314804434776306,,,
17,4389,,,,0.9855045080184937,0.7279151678085327,0.03957778215408325,,,
17,4390,,,,0.9870105385780334,0.754448413848877,0.033524833619594574,,,
17,4391,,,,0.9849397540092468,0.7101449370384216,0.04199898988008499,,,
17,4392,,,,0.9883283376693726,0.7753623127937317,0.036135125905275345,,,
17,4393,,,,0.9887048006057739,0.7916666865348816,0.03570317476987839,,,
17,4394,,,,0.9864457845687866,0.7428571581840515,0.03549414500594139,,,
17,4395,,,,0.985316276550293,0.7234042286872864,0.035342149436473846,,,
17,4396,,,,0.9849397540092468,0.7014925479888916,0.03897617384791374,,,
17,4397,,,,0.9862575531005859,0.7345454692840576,0.040241342037916183,,,
17,4398,,,,0.985316276550293,0.7132353186607361,0.037757549434900284,,,
17,4399,,,,0.9860692620277405,0.7338129281997681,0.03734615072607994,,,
17,4400,,,,0.9870105385780334,0.750902533531189,0.03306262195110321,,,
17,4401,,,,0.9858810305595398,0.7311828136444092,0.04085690528154373,,,
17,4402,,,,0.990022599697113,0.8127208352088928,0.02920449897646904,,,
17,4403,,,,0.9883283376693726,0.7769784331321716,0.03419414907693863,,,
17,4404,,,,0.984375,0.7003610134124756,0.04047730937600136,,,
17,4405,,,,0.9856927990913391,0.7285714149475098,0.03767930343747139,,,
17,4406,,,,0.9847515225410461,0.7117437720298767,0.039615631103515625,,,
17,4407,,,,0.9862575531005859,0.7383512258529663,0.03814545273780823,,,
17,4408,,,,0.985316276550293,0.7272727489471436,0.03384171053767204,,,
17,4409,,,,0.9868223071098328,0.7463768124580383,0.040218617767095566,,,
17,4410,,,,0.9890813231468201,0.7943262457847595,0.029599182307720184,,,
17,4411,,,,0.9881400465965271,0.7804877758026123,0.03341909497976303,,,
17,4412,,,,0.9858810305595398,0.7386759519577026,0.03582242503762245,,,
17,4413,,,,0.9881400465965271,0.7758007049560547,0.03466842696070671,,,
17,4414,,,,0.9875752925872803,0.7625899314880371,0.03184236213564873,,,
17,4415,,,,0.9890813231468201,0.7928571701049805,0.03316819667816162,,,
17,4416,,,,0.9868223071098328,0.7535211443901062,0.03731238842010498,,,
17,4417,,,,0.984375,0.7128027677536011,0.042187970131635666,,,
17,4418,,,,0.9839984774589539,0.6975088715553284,0.03432692587375641,,,
17,4419,,,,0.9870105385780334,0.754448413848877,0.03327255696058273,,,
17,4420,,,,0.9855045080184937,0.7179487347602844,0.037979744374752045,,,
17,4421,,,,0.9873870611190796,0.7665505409240723,0.03648997098207474,,,
17,4422,,,,0.9868223071098328,0.7569444179534912,0.0363241545855999,,,
17,4423,,,,0.9888930916786194,0.800000011920929,0.03223682940006256,,,
17,4424,,,,0.9881400465965271,0.7725631594657898,0.03301866725087166,,,
17,4425,,,,0.9864457845687866,0.7410072088241577,0.03151455894112587,,,
17,4426,,,,0.9864457845687866,0.7428571581840515,0.03951269015669823,,,
17,4427,,,,0.9836220145225525,0.6881720423698425,0.04268844425678253,,,
17,4428,,,,0.9856927990913391,0.7226277589797974,0.04326910153031349,,,
17,4429,,,,0.985316276550293,0.7291666865348816,0.03956564888358116,,,
17,4430,,,,0.985316276550293,0.7234042286872864,0.034085288643836975,,,
17,4431,,,,0.9860692620277405,0.7448275685310364,0.034770894795656204,,,
17,4432,,,,0.9870105385780334,0.7526881694793701,0.033904578536748886,,,
17,4433,,,,0.9868223071098328,0.7586206793785095,0.036558009684085846,,,
17,4434,,,,0.9830572009086609,0.6762589812278748,0.042237166315317154,,,
17,4435,,,,0.9841867685317993,0.6934306621551514,0.041715722531080246,,,
17,4436,,,,0.9849397540092468,0.716312050819397,0.038479067385196686,,,
17,4437,,,,0.9875752925872803,0.760869562625885,0.03525363281369209,,,
17,4438,,,,0.9890813231468201,0.7913669347763062,0.030131321400403976,,,
17,4439,,,,0.9847515225410461,0.6988847851753235,0.03772028908133507,,,
17,4440,,,,0.9845632314682007,0.7007299065589905,0.03588416799902916,,,
17,4441,,,,0.9871987700462341,0.7553957104682922,0.039594653993844986,,,
17,4442,,,,0.9871987700462341,0.7571428418159485,0.039075642824172974,,,
17,4443,,,,0.9856927990913391,0.7285714149475098,0.038210827857255936,,,
17,4444,,,,0.9868223071098328,0.7517730593681335,0.03850257769227028,,,
17,4445,,,,0.9851279854774475,0.722806990146637,0.034542351961135864,,,
17,4446,,,,0.9855045080184937,0.733564019203186,0.03766024857759476,,,
17,4447,,,,0.9849397540092468,0.7101449370384216,0.04101443290710449,,,
17,4448,,,,0.9864457845687866,0.7446808218955994,0.035421937704086304,,,
17,4449,,,,0.9847515225410461,0.7157894968986511,0.04104850813746452,,,
17,4450,,,,0.9855045080184937,0.7298245429992676,0.03414297103881836,,,
17,4451,,,,0.9856927990913391,0.7397260069847107,0.03387751430273056,,,
17,4452,,,,0.9871987700462341,0.7622377872467041,0.035886652767658234,,,
17,4453,,,,0.9858810305595398,0.7349823117256165,0.03712700307369232,,,
17,4454,,,,0.9864457845687866,0.7313432693481445,0.03732924908399582,,,
17,4455,,,,0.9885165691375732,0.7844523191452026,0.03242936730384827,,,
17,4456,,,,0.9885165691375732,0.7732341885566711,0.0378987155854702,,,
17,4457,,,,0.9858810305595398,0.7211896181106567,0.04048990085721016,,,
17,4458,,,,0.9875752925872803,0.7692307829856873,0.0364159494638443,,,
17,4459,,,,0.9870105385780334,0.7415730357170105,0.03509918227791786,,,
17,4460,,,,0.9851279854774475,0.7106227278709412,0.037220194935798645,,,
17,4461,,,,0.9856927990913391,0.7246376872062683,0.03598153591156006,,,
17,4462,,,,0.9864457845687866,0.7551020383834839,0.03414447605609894,,,
17,4463,,,,0.9871987700462341,0.7571428418159485,0.034210845828056335,,,
17,4464,,,,0.9873870611190796,0.7665505409240723,0.031050147488713264,,,
17,4465,,,,0.9864457845687866,0.748251736164093,0.03577433153986931,,,
17,4466,,,,0.9839984774589539,0.6975088715553284,0.03909569978713989,,,
17,4467,,,,0.9871987700462341,0.7518247961997986,0.03670963644981384,,,
17,4468,,,,0.9873870611190796,0.7681660652160645,0.03353220969438553,,,
17,4469,,,,0.9841867685317993,0.7103448510169983,0.039464548230171204,,,
17,4470,,,,0.9871987700462341,0.7605633735656738,0.03686162084341049,,,
17,4471,,,,0.9862575531005859,0.7525423765182495,0.03769466653466225,,,
17,4472,,,,0.9851279854774475,0.7168458700180054,0.03894353285431862,,,
17,4473,,,,0.9864457845687866,0.7333333492279053,0.03493192791938782,,,
17,4474,,,,0.9849397540092468,0.7080292105674744,0.039542391896247864,,,
17,4475,,,,0.9858810305595398,0.7272727489471436,0.04045795276761055,,,
17,4476,,,,0.9830572009086609,0.6616541147232056,0.042559392750263214,,,
17,4477,,,,0.9849397540092468,0.7101449370384216,0.03753475844860077,,,
17,4478,,,,0.9879518151283264,0.7714285850524902,0.03712627664208412,,,
17,4479,,,,0.9879518151283264,0.7762237787246704,0.03112059272825718,,,
17,4480,,,,0.9851279854774475,0.704119861125946,0.03917320445179939,,,
17,4481,,,,0.9887048006057739,0.7872340679168701,0.029818102717399597,,,
17,4482,,,,0.9851279854774475,0.7148014307022095,0.04260700196027756,,,
17,4483,,,,0.9873870611190796,0.759856641292572,0.03491038456559181,,,
17,4484,,,,0.9836220145225525,0.6947368383407593,0.04402494430541992,,,
17,4485,,,,0.9868223071098328,0.7463768124580383,0.034717172384262085,,,
17,4486,,,,0.983433723449707,0.6811594367027283,0.04009828716516495,,,
17,4487,,,,0.9836220145225525,0.6947368383407593,0.03884996101260185,,,
17,4488,,,,0.9870105385780334,0.7561837434768677,0.03632204607129097,,,
17,4489,,,,0.9879518151283264,0.7866666913032532,0.03145352751016617,,,
17,4490,,,,0.9826807379722595,0.673758864402771,0.04386686906218529,,,
17,4491,,,,0.985316276550293,0.717391312122345,0.03537893295288086,,,
17,4492,,,,0.9849397540092468,0.7202796936035156,0.03765978291630745,,,
17,4493,,,,0.9826807379722595,0.6783216595649719,0.039005767554044724,,,
17,4494,,,,0.9858810305595398,0.7252747416496277,0.03517485037446022,,,
17,4495,,,,0.9875752925872803,0.7692307829856873,0.03409290686249733,,,
17,4496,,,,0.9866340160369873,0.7380073666572571,0.03816495090723038,,,
17,4497,,,,0.9870105385780334,0.7453874349594116,0.03483422100543976,,,
17,4498,,,,0.984375,0.7025089859962463,0.039312832057476044,,,
17,4499,,,,0.9891177415847778,0.8014184236526489,0.03267311677336693,,,
17,4499,,,,,,,0.9850754737854004,0.7164431214332581,0.03949396312236786
18,4500,,,,0.9862575531005859,0.732600748538971,0.035949625074863434,,,
18,4501,,,,0.9860692620277405,0.7357142567634583,0.035995934158563614,,,
18,4502,,,,0.9864457845687866,0.7333333492279053,0.03420375660061836,,,
18,4503,,,,0.9888930916786194,0.7944250702857971,0.03143390268087387,,,
18,4504,,,,0.9847515225410461,0.7054545283317566,0.03931962326169014,,,
18,4505,,,,0.9896460771560669,0.8056536912918091,0.03175908327102661,,,
18,4506,,,,0.9858810305595398,0.7252747416496277,0.03567161038517952,,,
18,4507,,,,0.9885165691375732,0.7844523191452026,0.03337683156132698,,,
18,4508,,,,0.9881400465965271,0.7758007049560547,0.03473539277911186,,,
18,4509,,,,0.9871987700462341,0.7605633735656738,0.03483118489384651,,,
18,4510,,,,0.9870105385780334,0.7472527623176575,0.03474932909011841,,,
18,4511,,,,0.9868223071098328,0.7482014298439026,0.03798159956932068,,,
18,4512,,,,0.9873870611190796,0.7545787692070007,0.037489525973796844,,,
18,4513,,,,0.9851279854774475,0.7106227278709412,0.042392387986183167,,,
18,4514,,,,0.9871987700462341,0.7605633735656738,0.033997323364019394,,,
18,4515,,,,0.9868223071098328,0.7569444179534912,0.03511560335755348,,,
18,4516,,,,0.9864457845687866,0.7428571581840515,0.03819109499454498,,,
18,4517,,,,0.9883283376693726,0.7720588445663452,0.03481784462928772,,,
18,4518,,,,0.9847515225410461,0.7032967209815979,0.0406210720539093,,,
18,4519,,,,0.9864457845687866,0.7446808218955994,0.032785821706056595,,,
18,4520,,,,0.9888930916786194,0.8013467788696289,0.031827908009290695,,,
18,4521,,,,0.9856927990913391,0.7379310131072998,0.033257387578487396,,,
18,4522,,,,0.9866340160369873,0.7508772015571594,0.03428272157907486,,,
18,4523,,,,0.9836220145225525,0.6813187003135681,0.03926563635468483,,,
18,4524,,,,0.9856927990913391,0.7266187071800232,0.03615538403391838,,,
18,4525,,,,0.9839984774589539,0.7079038023948669,0.042951833456754684,,,
18,4526,,,,0.9866340160369873,0.7473309636116028,0.03674491494894028,,,
18,4527,,,,0.9836220145225525,0.696864128112793,0.03994555026292801,,,
18,4528,,,,0.9849397540092468,0.7183098793029785,0.04000476375222206,,,
18,4529,,,,0.984375,0.7003610134124756,0.03605115786194801,,,
18,4530,,,,0.9845632314682007,0.7132866978645325,0.037683647125959396,,,
18,4531,,,,0.9847515225410461,0.7216494679450989,0.039438337087631226,,,
18,4532,,,,0.9870105385780334,0.7595818638801575,0.03771386668086052,,,
18,4533,,,,0.9883283376693726,0.7753623127937317,0.03230634331703186,,,
18,4534,,,,0.9881400465965271,0.7758007049560547,0.031194955110549927,,,
18,4535,,,,0.9881400465965271,0.7849829196929932,0.03458913415670395,,,
18,4536,,,,0.9855045080184937,0.7298245429992676,0.036595419049263,,,
18,4537,,,,0.9855045080184937,0.725978672504425,0.039001088589429855,,,
18,4538,,,,0.9873870611190796,0.7632508873939514,0.03783271089196205,,,
18,4539,,,,0.9881400465965271,0.7820069193840027,0.032620497047901154,,,
18,4540,,,,0.985316276550293,0.7253521084785461,0.035779766738414764,,,
18,4541,,,,0.9896460771560669,0.8070175647735596,0.031814537942409515,,,
18,4542,,,,0.9885165691375732,0.7903780341148376,0.03328121453523636,,,
18,4543,,,,0.9855045080184937,0.7220216393470764,0.034611135721206665,,,
18,4544,,,,0.9847515225410461,0.6896551847457886,0.043146103620529175,,,
18,4545,,,,0.9860692620277405,0.7412587404251099,0.03398238122463226,,,
18,4546,,,,0.9881400465965271,0.7849829196929932,0.030925462022423744,,,
18,4547,,,,0.9841867685317993,0.7021276354789734,0.03978845104575157,,,
18,4548,,,,0.9879518151283264,0.7762237787246704,0.03266764432191849,,,
18,4549,,,,0.9885165691375732,0.7903780341148376,0.031090637668967247,,,
18,4550,,,,0.9875752925872803,0.7755101919174194,0.03597301244735718,,,
18,4551,,,,0.9845632314682007,0.7132866978645325,0.043063580989837646,,,
18,4552,,,,0.9870105385780334,0.7561837434768677,0.037818681448698044,,,
18,4553,,,,0.9866340160369873,0.7455196976661682,0.03803565725684166,,,
18,4554,,,,0.9849397540092468,0.7101449370384216,0.038401536643505096,,,
18,4555,,,,0.9879518151283264,0.7777777910232544,0.035934049636125565,,,
18,4556,,,,0.9890813231468201,0.7943262457847595,0.03132667765021324,,,
18,4557,,,,0.9902108311653137,0.8169013857841492,0.028583455830812454,,,
18,4558,,,,0.984375,0.7128027677536011,0.040178027004003525,,,
18,4559,,,,0.9858810305595398,0.7368420958518982,0.03755936399102211,,,
18,4560,,,,0.9847515225410461,0.7157894968986511,0.039720434695482254,,,
18,4561,,,,0.9875752925872803,0.7625899314880371,0.03268124908208847,,,
18,4562,,,,0.9866340160369873,0.7380073666572571,0.03684546425938606,,,
18,4563,,,,0.9855045080184937,0.7200000286102295,0.042076483368873596,,,
18,4564,,,,0.9856927990913391,0.7304964661598206,0.03680498152971268,,,
18,4565,,,,0.9860692620277405,0.7318840622901917,0.038286712020635605,,,
18,4566,,,,0.9858810305595398,0.723247230052948,0.034995708614587784,,,
18,4567,,,,0.9856927990913391,0.7226277589797974,0.03749474510550499,,,
18,4568,,,,0.9866340160369873,0.7560137510299683,0.03693346679210663,,,
18,4569,,,,0.9868223071098328,0.7463768124580383,0.03510015830397606,,,
18,4570,,,,0.9855045080184937,0.7240143418312073,0.040917035192251205,,,
18,4571,,,,0.9870105385780334,0.7472527623176575,0.03680548071861267,,,
18,4572,,,,0.9845632314682007,0.7050359845161438,0.03648355230689049,,,
18,4573,,,,0.9862575531005859,0.7456446290016174,0.036164961755275726,,,
18,4574,,,,0.985316276550293,0.7253521084785461,0.04013387858867645,,,
18,4575,,,,0.9845632314682007,0.7028985619544983,0.035844236612319946,,,
18,4576,,,,0.9860692620277405,0.73758864402771,0.0364232175052166,,,
18,4577,,,,0.9836220145225525,0.6836363673210144,0.04123929515480995,,,
18,4578,,,,0.9870105385780334,0.7561837434768677,0.03441853076219559,,,
18,4579,,,,0.9875752925872803,0.7676056623458862,0.0359882190823555,,,
18,4580,,,,0.983433723449707,0.6857143044471741,0.039501238614320755,,,
18,4581,,,,0.9862575531005859,0.7364621162414551,0.03368345648050308,,,
18,4582,,,,0.9873870611190796,0.7563636302947998,0.03197764977812767,,,
18,4583,,,,0.9879518151283264,0.7762237787246704,0.03696400672197342,,,
18,4584,,,,0.9860692620277405,0.7259259223937988,0.034453026950359344,,,
18,4585,,,,0.9870105385780334,0.7595818638801575,0.03533436357975006,,,
18,4586,,,,0.9862575531005859,0.7420494556427002,0.03431412950158119,,,
18,4587,,,,0.9870105385780334,0.7628865838050842,0.03391611576080322,,,
18,4588,,,,0.9883283376693726,0.7785714268684387,0.03263748437166214,,,
18,4589,,,,0.9817394614219666,0.6339622735977173,0.04459520801901817,,,
18,4590,,,,0.985316276550293,0.7194244861602783,0.04028268903493881,,,
18,4591,,,,0.985316276550293,0.7194244861602783,0.03732912242412567,,,
18,4592,,,,0.985316276550293,0.7194244861602783,0.039168745279312134,,,
18,4593,,,,0.9862575531005859,0.7364621162414551,0.038834452629089355,,,
18,4594,,,,0.9888930916786194,0.7944250702857971,0.032119020819664,,,
18,4595,,,,0.9856927990913391,0.7304964661598206,0.036305561661720276,,,
18,4596,,,,0.9804216623306274,0.6338028311729431,0.043773770332336426,,,
18,4597,,,,0.9883283376693726,0.7785714268684387,0.031146937981247902,,,
18,4598,,,,0.9875752925872803,0.7676056623458862,0.03213322535157204,,,
18,4599,,,,0.9864457845687866,0.748251736164093,0.03532195836305618,,,
18,4600,,,,0.9879518151283264,0.7714285850524902,0.038455694913864136,,,
18,4601,,,,0.9841867685317993,0.6934306621551514,0.0395214818418026,,,
18,4602,,,,0.9871987700462341,0.7638888955116272,0.03446650132536888,,,
18,4603,,,,0.9866340160369873,0.7455196976661682,0.034711744636297226,,,
18,4604,,,,0.9845632314682007,0.7191780805587769,0.03997456654906273,,,
18,4605,,,,0.9862575531005859,0.7491409182548523,0.03661588579416275,,,
18,4606,,,,0.9879518151283264,0.7793103456497192,0.03260228782892227,,,
18,4607,,,,0.9875752925872803,0.7692307829856873,0.032532766461372375,,,
18,4608,,,,0.9885165691375732,0.7889273166656494,0.0335562638938427,,,
18,4609,,,,0.985316276550293,0.7214285731315613,0.0391959585249424,,,
18,4610,,,,0.9839984774589539,0.7079038023948669,0.03617353364825249,,,
18,4611,,,,0.9830572009086609,0.6762589812278748,0.040401700884103775,,,
18,4612,,,,0.9888930916786194,0.7958477735519409,0.030972154811024666,,,
18,4613,,,,0.9870105385780334,0.750902533531189,0.034795284271240234,,,
18,4614,,,,0.9888930916786194,0.7944250702857971,0.03105197101831436,,,
18,4615,,,,0.9860692620277405,0.7482993006706238,0.03492659702897072,,,
18,4616,,,,0.9868223071098328,0.7569444179534912,0.032122060656547546,,,
18,4617,,,,0.9862575531005859,0.7420494556427002,0.03385742008686066,,,
18,4618,,,,0.9875752925872803,0.7708333134651184,0.033939652144908905,,,
18,4619,,,,0.9870105385780334,0.750902533531189,0.03772250562906265,,,
18,4620,,,,0.9883283376693726,0.7720588445663452,0.033375516533851624,,,
18,4621,,,,0.9870105385780334,0.7490909099578857,0.03614769130945206,,,
18,4622,,,,0.9868223071098328,0.7552447319030762,0.030813083052635193,,,
18,4623,,,,0.9856927990913391,0.7266187071800232,0.03843717277050018,,,
18,4624,,,,0.9870105385780334,0.7490909099578857,0.03509816154837608,,,
18,4625,,,,0.9877635836601257,0.7583643198013306,0.03449590504169464,,,
18,4626,,,,0.9862575531005859,0.7402135133743286,0.03714905306696892,,,
18,4627,,,,0.9871987700462341,0.7553957104682922,0.034799493849277496,,,
18,4628,,,,0.9875752925872803,0.7676056623458862,0.03177161514759064,,,
18,4629,,,,0.9875752925872803,0.7659574747085571,0.03263505548238754,,,
18,4630,,,,0.9858810305595398,0.7292418479919434,0.040156617760658264,,,
18,4631,,,,0.9855045080184937,0.7353951930999756,0.03373419865965843,,,
18,4632,,,,0.9856927990913391,0.7342657446861267,0.03589022904634476,,,
18,4633,,,,0.9873870611190796,0.7615658640861511,0.031243065372109413,,,
18,4634,,,,0.9881400465965271,0.7773851752281189,0.03475337475538254,,,
18,4635,,,,0.9866340160369873,0.754325270652771,0.03614845126867294,,,
18,4636,,,,0.9864457845687866,0.7446808218955994,0.038280971348285675,,,
18,4637,,,,0.9873870611190796,0.7744107842445374,0.038075581192970276,,,
18,4638,,,,0.9870105385780334,0.754448413848877,0.033234331756830215,,,
18,4639,,,,0.9868223071098328,0.7602739930152893,0.031341616064310074,,,
18,4640,,,,0.9860692620277405,0.7430555820465088,0.03625759482383728,,,
18,4641,,,,0.9855045080184937,0.733564019203186,0.03487700596451759,,,
18,4642,,,,0.9868223071098328,0.7569444179534912,0.0329403281211853,,,
18,4643,,,,0.9879518151283264,0.7746478915214539,0.03174400329589844,,,
18,4644,,,,0.9858810305595398,0.7349823117256165,0.03846641257405281,,,
18,4645,,,,0.9871987700462341,0.758865237236023,0.03324208781123161,,,
18,4646,,,,0.9860692620277405,0.7482993006706238,0.03652462363243103,,,
18,4647,,,,0.9864457845687866,0.748251736164093,0.039285872131586075,,,
18,4648,,,,0.9858810305595398,0.7311828136444092,0.035137418657541275,,,
18,4649,,,,0.9866340160369873,0.7473309636116028,0.03293852508068085,,,
18,4650,,,,0.9858810305595398,0.7330960631370544,0.038949426263570786,,,
18,4651,,,,0.9826807379722595,0.6541353464126587,0.04279876872897148,,,
18,4652,,,,0.9864457845687866,0.748251736164093,0.037577226758003235,,,
18,4653,,,,0.9862575531005859,0.7383512258529663,0.03868292644619942,,,
18,4654,,,,0.9870105385780334,0.7526881694793701,0.033305417746305466,,,
18,4655,,,,0.984375,0.7003610134124756,0.04327233135700226,,,
18,4656,,,,0.9902108311653137,0.8156028389930725,0.027182698249816895,,,
18,4657,,,,0.9849397540092468,0.7183098793029785,0.03909006714820862,,,
18,4658,,,,0.9866340160369873,0.7399267554283142,0.03706502914428711,,,
18,4659,,,,0.9860692620277405,0.7357142567634583,0.03740837797522545,,,
18,4660,,,,0.9856927990913391,0.7323943376541138,0.03511757403612137,,,
18,4661,,,,0.9845632314682007,0.6985294222831726,0.04389601945877075,,,
18,4662,,,,0.984375,0.7046263217926025,0.03695472702383995,,,
18,4663,,,,0.9851279854774475,0.7208480834960938,0.037995267659425735,,,
18,4664,,,,0.9851279854774475,0.7084870934486389,0.0413825660943985,,,
18,4665,,,,0.9883283376693726,0.7816901206970215,0.0326269268989563,,,
18,4666,,,,0.985316276550293,0.7234042286872864,0.038043368607759476,,,
18,4667,,,,0.9855045080184937,0.733564019203186,0.0345115065574646,,,
18,4668,,,,0.9870105385780334,0.750902533531189,0.03577987104654312,,,
18,4669,,,,0.9855045080184937,0.7279151678085327,0.03846224769949913,,,
18,4670,,,,0.9856927990913391,0.7342657446861267,0.03529040515422821,,,
18,4671,,,,0.9836220145225525,0.6859205961227417,0.040735770016908646,,,
18,4672,,,,0.9868223071098328,0.7535211443901062,0.03609218820929527,,,
18,4673,,,,0.9892695546150208,0.800000011920929,0.03037189692258835,,,
18,4674,,,,0.9875752925872803,0.7676056623458862,0.03303239494562149,,,
18,4675,,,,0.9866340160369873,0.7560137510299683,0.03859928995370865,,,
18,4676,,,,0.9885165691375732,0.7844523191452026,0.031161485239863396,,,
18,4677,,,,0.9864457845687866,0.748251736164093,0.033287275582551956,,,
18,4678,,,,0.9879518151283264,0.7793103456497192,0.03257051482796669,,,
18,4679,,,,0.9856927990913391,0.7246376872062683,0.04196709021925926,,,
18,4680,,,,0.9860692620277405,0.75,0.03379157930612564,,,
18,4681,,,,0.9823042154312134,0.6666666865348816,0.0456322580575943,,,
18,4682,,,,0.9873870611190796,0.7665505409240723,0.03344851732254028,,,
18,4683,,,,0.984375,0.7046263217926025,0.03921414539217949,,,
18,4684,,,,0.9860692620277405,0.7412587404251099,0.034687936305999756,,,
18,4685,,,,0.9879518151283264,0.7808219194412231,0.030289843678474426,,,
18,4686,,,,0.9879518151283264,0.7777777910232544,0.03446723148226738,,,
18,4687,,,,0.9823042154312134,0.6690140962600708,0.04412807896733284,,,
18,4688,,,,0.9866340160369873,0.7455196976661682,0.040517695248126984,,,
18,4689,,,,0.9873870611190796,0.7649123072624207,0.0329996794462204,,,
18,4690,,,,0.9858810305595398,0.7422680258750916,0.03523063659667969,,,
18,4691,,,,0.9855045080184937,0.7200000286102295,0.04351118952035904,,,
18,4692,,,,0.9888930916786194,0.7944250702857971,0.031023720279335976,,,
18,4693,,,,0.9871987700462341,0.7571428418159485,0.034965381026268005,,,
18,4694,,,,0.9868223071098328,0.7517730593681335,0.03282977268099785,,,
18,4695,,,,0.9856927990913391,0.7285714149475098,0.034777332097291946,,,
18,4696,,,,0.9855045080184937,0.7179487347602844,0.039797455072402954,,,
18,4697,,,,0.9862575531005859,0.7491409182548523,0.03323787450790405,,,
18,4698,,,,0.9860692620277405,0.7357142567634583,0.037567466497421265,,,
18,4699,,,,0.9847515225410461,0.71378093957901,0.034279536455869675,,,
18,4700,,,,0.9849397540092468,0.716312050819397,0.03603271022439003,,,
18,4701,,,,0.9851279854774475,0.7106227278709412,0.0393216498196125,,,
18,4702,,,,0.9849397540092468,0.7037037014961243,0.04093090817332268,,,
18,4703,,,,0.9836220145225525,0.6813187003135681,0.03773803636431694,,,
18,4704,,,,0.9877635836601257,0.7686832547187805,0.03243079409003258,,,
18,4705,,,,0.9875752925872803,0.7676056623458862,0.034798163920640945,,,
18,4706,,,,0.9855045080184937,0.7179487347602844,0.038485389202833176,,,
18,4707,,,,0.9883283376693726,0.7816901206970215,0.0324515663087368,,,
18,4708,,,,0.9864457845687866,0.7464788556098938,0.032061100006103516,,,
18,4709,,,,0.985316276550293,0.7214285731315613,0.03887259215116501,,,
18,4710,,,,0.984375,0.7067137956619263,0.038846567273139954,,,
18,4711,,,,0.9856927990913391,0.7304964661598206,0.03948036953806877,,,
18,4712,,,,0.9855045080184937,0.7240143418312073,0.03766319528222084,,,
18,4713,,,,0.9871987700462341,0.758865237236023,0.035293951630592346,,,
18,4714,,,,0.9866340160369873,0.7526132464408875,0.0332324393093586,,,
18,4715,,,,0.9868223071098328,0.7586206793785095,0.0360226109623909,,,
18,4716,,,,0.9870105385780334,0.7628865838050842,0.03035738877952099,,,
18,4717,,,,0.9860692620277405,0.7218044996261597,0.03462165594100952,,,
18,4718,,,,0.9870105385780334,0.7595818638801575,0.03334756940603256,,,
18,4719,,,,0.9823042154312134,0.6618704795837402,0.04855236038565636,,,
18,4720,,,,0.9883283376693726,0.7862069010734558,0.03306251019239426,,,
18,4721,,,,0.9847515225410461,0.7096773982048035,0.038070328533649445,,,
18,4722,,,,0.9858810305595398,0.7252747416496277,0.038373369723558426,,,
18,4723,,,,0.9855045080184937,0.725978672504425,0.03749876469373703,,,
18,4724,,,,0.9875752925872803,0.7625899314880371,0.03203907981514931,,,
18,4725,,,,0.9839984774589539,0.7017543911933899,0.039098672568798065,,,
18,4726,,,,0.9894578456878662,0.8041958212852478,0.030490539968013763,,,
18,4727,,,,0.9847515225410461,0.7157894968986511,0.03769328072667122,,,
18,4728,,,,0.9855045080184937,0.7279151678085327,0.038431715220212936,,,
18,4729,,,,0.9851279854774475,0.7247386574745178,0.03645031526684761,,,
18,4730,,,,0.9847515225410461,0.7054545283317566,0.03699755668640137,,,
18,4731,,,,0.9856927990913391,0.7285714149475098,0.0345047265291214,,,
18,4732,,,,0.985316276550293,0.7153284549713135,0.03576738014817238,,,
18,4733,,,,0.9864457845687866,0.748251736164093,0.03336658328771591,,,
18,4734,,,,0.9879518151283264,0.7730496525764465,0.03355306386947632,,,
18,4735,,,,0.9862575531005859,0.7474048733711243,0.035005055367946625,,,
18,4736,,,,0.9855045080184937,0.725978672504425,0.03675980493426323,,,
18,4737,,,,0.9856927990913391,0.7266187071800232,0.039999913424253464,,,
18,4738,,,,0.9855045080184937,0.725978672504425,0.03501586243510246,,,
18,4739,,,,0.9860692620277405,0.7357142567634583,0.035073570907115936,,,
18,4740,,,,0.9877635836601257,0.7719298005104065,0.03411282226443291,,,
18,4741,,,,0.9885165691375732,0.7903780341148376,0.03245847672224045,,,
18,4742,,,,0.9885165691375732,0.778181791305542,0.03555458411574364,,,
18,4743,,,,0.9892695546150208,0.8013937473297119,0.030118584632873535,,,
18,4744,,,,0.9870105385780334,0.754448413848877,0.03590930625796318,,,
18,4745,,,,0.9871987700462341,0.7622377872467041,0.03534765541553497,,,
18,4746,,,,0.9881400465965271,0.7725631594657898,0.03462403640151024,,,
18,4747,,,,0.9839984774589539,0.6909090876579285,0.0407642126083374,,,
18,4748,,,,0.9855045080184937,0.7317073345184326,0.03728491812944412,,,
18,4749,,,,0.9889234304428101,0.7971529960632324,0.03347235918045044,,,
18,4749,,,,,,,0.9855155944824219,0.7310447096824646,0.03905926272273064
19,4750,,,,0.9887048006057739,0.795918345451355,0.033394571393728256,,,
19,4751,,,,0.9851279854774475,0.722806990146637,0.03729526326060295,,,
19,4752,,,,0.983433723449707,0.6811594367027283,0.03788810223340988,,,
19,4753,,,,0.9879518151283264,0.7866666913032532,0.029401123523712158,,,
19,4754,,,,0.9849397540092468,0.7080292105674744,0.0381883829832077,,,
19,4755,,,,0.9887048006057739,0.7945205569267273,0.030790898948907852,,,
19,4756,,,,0.9860692620277405,0.7338129281997681,0.036624059081077576,,,
19,4757,,,,0.9841867685317993,0.7042253613471985,0.03696627542376518,,,
19,4758,,,,0.9870105385780334,0.7612456679344177,0.03461536765098572,,,
19,4759,,,,0.9847515225410461,0.7075812220573425,0.03860101103782654,,,
19,4760,,,,0.9866340160369873,0.7491165995597839,0.03583740070462227,,,
19,4761,,,,0.9885165691375732,0.781361997127533,0.03173281252384186,,,
19,4762,,,,0.9868223071098328,0.7482014298439026,0.035978615283966064,,,
19,4763,,,,0.9866340160369873,0.7491165995597839,0.03697005659341812,,,
19,4764,,,,0.9871987700462341,0.758865237236023,0.03297765925526619,,,
19,4765,,,,0.9856927990913391,0.7304964661598206,0.03473219275474548,,,
19,4766,,,,0.9885165691375732,0.7859649062156677,0.03292438015341759,,,
19,4767,,,,0.9879518151283264,0.7629629373550415,0.03354910761117935,,,
19,4768,,,,0.9871987700462341,0.7536231875419617,0.03377380222082138,,,
19,4769,,,,0.9864457845687866,0.7446808218955994,0.037013836205005646,,,
19,4770,,,,0.9860692620277405,0.7357142567634583,0.03593811020255089,,,
19,4771,,,,0.9871987700462341,0.7553957104682922,0.0349850095808506,,,
19,4772,,,,0.9847515225410461,0.71378093957901,0.04477502778172493,,,
19,4773,,,,0.9866340160369873,0.743682324886322,0.03523872420191765,,,
19,4774,,,,0.9868223071098328,0.7586206793785095,0.03635317087173462,,,
19,4775,,,,0.9902108311653137,0.8181818127632141,0.02981269732117653,,,
19,4776,,,,0.9870105385780334,0.754448413848877,0.0357227548956871,,,
19,4777,,,,0.9883283376693726,0.7832167744636536,0.03164319694042206,,,
19,4778,,,,0.9828689694404602,0.6690909266471863,0.0473795160651207,,,
19,4779,,,,0.9888930916786194,0.7915194630622864,0.030639629811048508,,,
19,4780,,,,0.9873870611190796,0.7490636706352234,0.036600641906261444,,,
19,4781,,,,0.9870105385780334,0.7628865838050842,0.031994715332984924,,,
19,4782,,,,0.9870105385780334,0.74349445104599,0.03660517930984497,,,
19,4783,,,,0.9856927990913391,0.7246376872062683,0.03849908709526062,,,
19,4784,,,,0.9847515225410461,0.7157894968986511,0.03364762291312218,,,
19,4785,,,,0.9836220145225525,0.6881720423698425,0.04177926108241081,,,
19,4786,,,,0.9870105385780334,0.75789475440979,0.036038123071193695,,,
19,4787,,,,0.984375,0.6981818079948425,0.039874862879514694,,,
19,4788,,,,0.9864457845687866,0.7428571581840515,0.03598650544881821,,,
19,4789,,,,0.9879518151283264,0.7746478915214539,0.0324595607817173,,,
19,4790,,,,0.9845632314682007,0.7112675905227661,0.03473532944917679,,,
19,4791,,,,0.9883283376693726,0.7876712083816528,0.03263641893863678,,,
19,4792,,,,0.9826807379722595,0.682758629322052,0.039268821477890015,,,
19,4793,,,,0.9856927990913391,0.7323943376541138,0.03452521935105324,,,
19,4794,,,,0.9887048006057739,0.7986577153205872,0.03035181574523449,,,
19,4795,,,,0.9847515225410461,0.71378093957901,0.037415992468595505,,,
19,4796,,,,0.9881400465965271,0.774193525314331,0.03400144726037979,,,
19,4797,,,,0.9864457845687866,0.7534246444702148,0.03646897152066231,,,
19,4798,,,,0.9875752925872803,0.7659574747085571,0.03482510522007942,,,
19,4799,,,,0.9883283376693726,0.7816901206970215,0.030964499339461327,,,
19,4800,,,,0.9841867685317993,0.7021276354789734,0.036874301731586456,,,
19,4801,,,,0.9845632314682007,0.7132866978645325,0.03797516971826553,,,
19,4802,,,,0.9866340160369873,0.7473309636116028,0.03859134763479233,,,
19,4803,,,,0.9838102459907532,0.695035457611084,0.03670189529657364,,,
19,4804,,,,0.9887048006057739,0.7931034564971924,0.034284066408872604,,,
19,4805,,,,0.9871987700462341,0.7655172348022461,0.03448854386806488,,,
19,4806,,,,0.9866340160369873,0.7455196976661682,0.03637785464525223,,,
19,4807,,,,0.9851279854774475,0.7084870934486389,0.03569673374295235,,,
19,4808,,,,0.9903991222381592,0.821052610874176,0.030001042410731316,,,
19,4809,,,,0.9858810305595398,0.7349823117256165,0.031108371913433075,,,
19,4810,,,,0.9862575531005859,0.7420494556427002,0.03622904792428017,,,
19,4811,,,,0.983433723449707,0.6857143044471741,0.04039638116955757,,,
19,4812,,,,0.9870105385780334,0.7561837434768677,0.03978321701288223,,,
19,4813,,,,0.9875752925872803,0.7708333134651184,0.03683825954794884,,,
19,4814,,,,0.9839984774589539,0.6996466517448425,0.042186323553323746,,,
19,4815,,,,0.9885165691375732,0.7829181551933289,0.03566476330161095,,,
19,4816,,,,0.9888930916786194,0.7929824590682983,0.032837674021720886,,,
19,4817,,,,0.9849397540092468,0.7122302055358887,0.04061394929885864,,,
19,4818,,,,0.9877635836601257,0.7670251131057739,0.034124039113521576,,,
19,4819,,,,0.9862575531005859,0.7420494556427002,0.03578225150704384,,,
19,4820,,,,0.9845632314682007,0.7050359845161438,0.038143109530210495,,,
19,4821,,,,0.9905873537063599,0.8263888955116272,0.029079429805278778,,,
19,4822,,,,0.9819276928901672,0.6571428775787354,0.040279146283864975,,,
19,4823,,,,0.9845632314682007,0.7132866978645325,0.03752737492322922,,,
19,4824,,,,0.9830572009086609,0.6808510422706604,0.04232119396328926,,,
19,4825,,,,0.9870105385780334,0.7595818638801575,0.03305679187178612,,,
19,4826,,,,0.9858810305595398,0.7368420958518982,0.03507408872246742,,,
19,4827,,,,0.9858810305595398,0.7422680258750916,0.036362648010253906,,,
19,4828,,,,0.9864457845687866,0.75,0.0343988835811615,,,
19,4829,,,,0.9858810305595398,0.7292418479919434,0.03490736708045006,,,
19,4830,,,,0.9858810305595398,0.7330960631370544,0.03760096803307533,,,
19,4831,,,,0.9836220145225525,0.6881720423698425,0.04184091463685036,,,
19,4832,,,,0.9819276928901672,0.6595744490623474,0.04936981573700905,,,
19,4833,,,,0.9871987700462341,0.7655172348022461,0.034393154084682465,,,
19,4834,,,,0.9879518151283264,0.7823129296302795,0.031393975019454956,,,
19,4835,,,,0.9888930916786194,0.7870036363601685,0.033293865621089935,,,
19,4836,,,,0.9870105385780334,0.7595818638801575,0.034119706600904465,,,
19,4837,,,,0.9879518151283264,0.769784152507782,0.0369233600795269,,,
19,4838,,,,0.9830572009086609,0.6917808055877686,0.03862359747290611,,,
19,4839,,,,0.9870105385780334,0.7472527623176575,0.03903897479176521,,,
19,4840,,,,0.9860692620277405,0.73758864402771,0.03415558114647865,,,
19,4841,,,,0.9858810305595398,0.7368420958518982,0.04151679575443268,,,
19,4842,,,,0.9871987700462341,0.7605633735656738,0.03534552454948425,,,
19,4843,,,,0.9862575531005859,0.732600748538971,0.037266701459884644,,,
19,4844,,,,0.9885165691375732,0.7889273166656494,0.03469027578830719,,,
19,4845,,,,0.9885165691375732,0.781361997127533,0.031529106199741364,,,
19,4846,,,,0.9851279854774475,0.722806990146637,0.038900841027498245,,,
19,4847,,,,0.985316276550293,0.7234042286872864,0.037082429975271225,,,
19,4848,,,,0.9858810305595398,0.7211896181106567,0.03954995796084404,,,
19,4849,,,,0.9870105385780334,0.750902533531189,0.03223416581749916,,,
19,4850,,,,0.9887048006057739,0.7945205569267273,0.030843790620565414,,,
19,4851,,,,0.9811747074127197,0.6503496766090393,0.04598189517855644,,,
19,4852,,,,0.9851279854774475,0.7127272486686707,0.03690658509731293,,,
19,4853,,,,0.9858810305595398,0.7272727489471436,0.03825332224369049,,,
19,4854,,,,0.9871987700462341,0.7638888955116272,0.035446856170892715,,,
19,4855,,,,0.9847515225410461,0.71378093957901,0.040602970868349075,,,
19,4856,,,,0.9885165691375732,0.7844523191452026,0.03084961138665676,,,
19,4857,,,,0.985316276550293,0.732876718044281,0.034884918481111526,,,
19,4858,,,,0.9866340160369873,0.7560137510299683,0.032189395278692245,,,
19,4859,,,,0.985316276550293,0.7214285731315613,0.03527503460645676,,,
19,4860,,,,0.9866340160369873,0.7508772015571594,0.03496450185775757,,,
19,4861,,,,0.9864457845687866,0.7410072088241577,0.037593815475702286,,,
19,4862,,,,0.9841867685317993,0.7123287916183472,0.03798839822411537,,,
19,4863,,,,0.9890813231468201,0.8027210831642151,0.02958798035979271,,,
19,4864,,,,0.9871987700462341,0.7605633735656738,0.03485286608338356,,,
19,4865,,,,0.9864457845687866,0.748251736164093,0.035323627293109894,,,
19,4866,,,,0.9871987700462341,0.7553957104682922,0.0355142205953598,,,
19,4867,,,,0.9871987700462341,0.7571428418159485,0.03548933565616608,,,
19,4868,,,,0.9879518151283264,0.7730496525764465,0.03192363306879997,,,
19,4869,,,,0.9864457845687866,0.748251736164093,0.035059329122304916,,,
19,4870,,,,0.9847515225410461,0.71378093957901,0.03745274990797043,,,
19,4871,,,,0.9885165691375732,0.778181791305542,0.0320010744035244,,,
19,4872,,,,0.9871987700462341,0.7518247961997986,0.03799119591712952,,,
19,4873,,,,0.9873870611190796,0.7615658640861511,0.03799152374267578,,,
19,4874,,,,0.9856927990913391,0.720588207244873,0.04032880440354347,,,
19,4875,,,,0.9847515225410461,0.71378093957901,0.03850722312927246,,,
19,4876,,,,0.9855045080184937,0.7240143418312073,0.03555715084075928,,,
19,4877,,,,0.9841867685317993,0.7021276354789734,0.03897826001048088,,,
19,4878,,,,0.9894578456878662,0.800000011920929,0.031001033261418343,,,
19,4879,,,,0.9864457845687866,0.7333333492279053,0.040418364107608795,,,
19,4880,,,,0.985316276550293,0.7253521084785461,0.03646672144532204,,,
19,4881,,,,0.9847515225410461,0.7032967209815979,0.03662117198109627,,,
19,4882,,,,0.9862575531005859,0.7420494556427002,0.03695446252822876,,,
19,4883,,,,0.9855045080184937,0.725978672504425,0.03489378094673157,,,
19,4884,,,,0.9845632314682007,0.7152777910232544,0.03646743670105934,,,
19,4885,,,,0.9881400465965271,0.774193525314331,0.033807314932346344,,,
19,4886,,,,0.9875752925872803,0.7739726305007935,0.03291391208767891,,,
19,4887,,,,0.9855045080184937,0.7298245429992676,0.03285969793796539,,,
19,4888,,,,0.9873870611190796,0.769759476184845,0.030870752409100533,,,
19,4889,,,,0.9871987700462341,0.7536231875419617,0.03516260161995888,,,
19,4890,,,,0.9860692620277405,0.7318840622901917,0.03449779003858566,,,
19,4891,,,,0.9821159839630127,0.6594982147216797,0.03919520229101181,,,
19,4892,,,,0.9841867685317993,0.6934306621551514,0.03944654017686844,,,
19,4893,,,,0.9870105385780334,0.754448413848877,0.036673206835985184,,,
19,4894,,,,0.990022599697113,0.8127208352088928,0.028113950043916702,,,
19,4895,,,,0.9836220145225525,0.6859205961227417,0.03706226870417595,,,
19,4896,,,,0.9855045080184937,0.725978672504425,0.039235919713974,,,
19,4897,,,,0.983433723449707,0.6857143044471741,0.04347001016139984,,,
19,4898,,,,0.9864457845687866,0.7428571581840515,0.03802630677819252,,,
19,4899,,,,0.9892695546150208,0.7942238450050354,0.029067859053611755,,,
19,4900,,,,0.9864457845687866,0.7428571581840515,0.03555534407496452,,,
19,4901,,,,0.9851279854774475,0.7266436219215393,0.03831365332007408,,,
19,4902,,,,0.9864457845687866,0.7446808218955994,0.03762407228350639,,,
19,4903,,,,0.990963876247406,0.8321678042411804,0.029612867161631584,,,
19,4904,,,,0.9856927990913391,0.7246376872062683,0.043509285897016525,,,
19,4905,,,,0.9877635836601257,0.7636363506317139,0.03560713678598404,,,
19,4906,,,,0.9864457845687866,0.739130437374115,0.035138990730047226,,,
19,4907,,,,0.9864457845687866,0.748251736164093,0.03367609530687332,,,
19,4908,,,,0.9862575531005859,0.7345454692840576,0.03464006260037422,,,
19,4909,,,,0.9864457845687866,0.7464788556098938,0.038491494953632355,,,
19,4910,,,,0.9871987700462341,0.7622377872467041,0.03493303060531616,,,
19,4911,,,,0.9866340160369873,0.7399267554283142,0.04184116795659065,,,
19,4912,,,,0.9855045080184937,0.7240143418312073,0.03860420733690262,,,
19,4913,,,,0.9860692620277405,0.7394366264343262,0.030986331403255463,,,
19,4914,,,,0.9871987700462341,0.7622377872467041,0.031480822712183,,,
19,4915,,,,0.9862575531005859,0.7474048733711243,0.034840479493141174,,,
19,4916,,,,0.9855045080184937,0.7240143418312073,0.03908931463956833,,,
19,4917,,,,0.9875752925872803,0.7724137902259827,0.03462689742445946,,,
19,4918,,,,0.9896460771560669,0.8070175647735596,0.028835970908403397,,,
19,4919,,,,0.9877635836601257,0.7796609997749329,0.028967758640646935,,,
19,4920,,,,0.9892695546150208,0.8027681708335876,0.029325703158974648,,,
19,4921,,,,0.9866340160369873,0.7526132464408875,0.03406752645969391,,,
19,4922,,,,0.9868223071098328,0.7586206793785095,0.03414437174797058,,,
19,4923,,,,0.9838102459907532,0.7013888955116272,0.03857951983809471,,,
19,4924,,,,0.9866340160369873,0.7473309636116028,0.03481161966919899,,,
19,4925,,,,0.9855045080184937,0.7200000286102295,0.0392877422273159,,,
19,4926,,,,0.9862575531005859,0.732600748538971,0.03920147195458412,,,
19,4927,,,,0.985316276550293,0.7214285731315613,0.038130585104227066,,,
19,4928,,,,0.9873870611190796,0.7563636302947998,0.036724384874105453,,,
19,4929,,,,0.9885165691375732,0.7859649062156677,0.03144708275794983,,,
19,4930,,,,0.9883283376693726,0.7832167744636536,0.031662486493587494,,,
19,4931,,,,0.9888930916786194,0.790035605430603,0.030888831242918968,,,
19,4932,,,,0.9841867685317993,0.7042253613471985,0.03909435123205185,,,
19,4933,,,,0.9851279854774475,0.7188612222671509,0.03883577138185501,,,
19,4934,,,,0.9866340160369873,0.743682324886322,0.03467356786131859,,,
19,4935,,,,0.9868223071098328,0.7535211443901062,0.034355830401182175,,,
19,4936,,,,0.9862575531005859,0.7438596487045288,0.03642241656780243,,,
19,4937,,,,0.985316276550293,0.7194244861602783,0.036760978400707245,,,
19,4938,,,,0.9885165691375732,0.7889273166656494,0.03136530891060829,,,
19,4939,,,,0.9879518151283264,0.7714285850524902,0.037475332617759705,,,
19,4940,,,,0.9858810305595398,0.7404844164848328,0.037302546203136444,,,
19,4941,,,,0.9836220145225525,0.6859205961227417,0.04331767186522484,,,
19,4942,,,,0.9851279854774475,0.7106227278709412,0.03927044942975044,,,
19,4943,,,,0.9888930916786194,0.7944250702857971,0.029874110594391823,,,
19,4944,,,,0.985316276550293,0.7272727489471436,0.036361485719680786,,,
19,4945,,,,0.9855045080184937,0.7220216393470764,0.0367811843752861,,,
19,4946,,,,0.9866340160369873,0.754325270652771,0.03286968916654587,,,
19,4947,,,,0.9858810305595398,0.7368420958518982,0.03656294196844101,,,
19,4948,,,,0.9864457845687866,0.7534246444702148,0.03649019077420235,,,
19,4949,,,,0.9871987700462341,0.7536231875419617,0.03341497480869293,,,
19,4950,,,,0.9864457845687866,0.75,0.03261137008666992,,,
19,4951,,,,0.9873870611190796,0.7615658640861511,0.032932136207818985,,,
19,4952,,,,0.9877635836601257,0.7781569957733154,0.0340314656496048,,,
19,4953,,,,0.9847515225410461,0.7157894968986511,0.03688323125243187,,,
19,4954,,,,0.9875752925872803,0.7692307829856873,0.03223487362265587,,,
19,4955,,,,0.9860692620277405,0.7279411554336548,0.03561101481318474,,,
19,4956,,,,0.9864457845687866,0.7333333492279053,0.03651101887226105,,,
19,4957,,,,0.9885165691375732,0.7844523191452026,0.029977651312947273,,,
19,4958,,,,0.9838102459907532,0.695035457611084,0.04157302901148796,,,
19,4959,,,,0.9839984774589539,0.6975088715553284,0.04284198582172394,,,
19,4960,,,,0.9883283376693726,0.7785714268684387,0.030530402436852455,,,
19,4961,,,,0.9860692620277405,0.7412587404251099,0.03498559817671776,,,
19,4962,,,,0.9879518151283264,0.7777777910232544,0.03255780041217804,,,
19,4963,,,,0.985316276550293,0.7111111283302307,0.03833337500691414,,,
19,4964,,,,0.9896460771560669,0.8070175647735596,0.031191812828183174,,,
19,4965,,,,0.9894578456878662,0.8055555820465088,0.03274139389395714,,,
19,4966,,,,0.9871987700462341,0.7518247961997986,0.03369901329278946,,,
19,4967,,,,0.9856927990913391,0.7361111044883728,0.035924799740314484,,,
19,4968,,,,0.9847515225410461,0.71378093957901,0.03839072585105896,,,
19,4969,,,,0.9858810305595398,0.7457627058029175,0.03745241090655327,,,
19,4970,,,,0.9855045080184937,0.7372013926506042,0.039721909910440445,,,
19,4971,,,,0.9849397540092468,0.7202796936035156,0.04146033897995949,,,
19,4972,,,,0.9915286302566528,0.8464163541793823,0.029076222330331802,,,
19,4973,,,,0.9847515225410461,0.7054545283317566,0.03835592418909073,,,
19,4974,,,,0.9894578456878662,0.8014184236526489,0.026267848908901215,,,
19,4975,,,,0.9866340160369873,0.7473309636116028,0.037861865013837814,,,
19,4976,,,,0.9864457845687866,0.7446808218955994,0.03885059058666229,,,
19,4977,,,,0.9877635836601257,0.7686832547187805,0.03436681255698204,,,
19,4978,,,,0.9871987700462341,0.7655172348022461,0.03382076695561409,,,
19,4979,,,,0.9866340160369873,0.7455196976661682,0.0365467444062233,,,
19,4980,,,,0.9883283376693726,0.7816901206970215,0.03235770761966705,,,
19,4981,,,,0.9870105385780334,0.754448413848877,0.03467404469847679,,,
19,4982,,,,0.9873870611190796,0.7665505409240723,0.033997900784015656,,,
19,4983,,,,0.9883283376693726,0.7769784331321716,0.0340055413544178,,,
19,4984,,,,0.9873870611190796,0.7632508873939514,0.02975890412926674,,,
19,4985,,,,0.9875752925872803,0.7642857432365417,0.03239692375063896,,,
19,4986,,,,0.9839984774589539,0.6886447072029114,0.04006347060203552,,,
19,4987,,,,0.9887048006057739,0.7902097702026367,0.03162366524338722,,,
19,4988,,,,0.9860692620277405,0.73758864402771,0.03597113490104675,,,
19,4989,,,,0.9881400465965271,0.7789473533630371,0.03180404007434845,,,
19,4990,,,,0.985316276550293,0.7253521084785461,0.03950624540448189,,,
19,4991,,,,0.9824924468994141,0.6825938820838928,0.040552061051130295,,,
19,4992,,,,0.9885165691375732,0.7903780341148376,0.033081088215112686,,,
19,4993,,,,0.9851279854774475,0.7285223603248596,0.040170904248952866,,,
19,4994,,,,0.9823042154312134,0.6618704795837402,0.041088081896305084,,,
19,4995,,,,0.9862575531005859,0.7402135133743286,0.038086406886577606,,,
19,4996,,,,0.9885165691375732,0.7874564528465271,0.03033081255853176,,,
19,4997,,,,0.9881400465965271,0.7789473533630371,0.03156325966119766,,,
19,4998,,,,0.985316276550293,0.7272727489471436,0.03631003946065903,,,
19,4999,,,,0.985425591468811,0.7349823117256165,0.036051735281944275,,,
19,4999,,,,,,,0.9856300354003906,0.7312653064727783,0.03873831033706665
20,5000,0.9856649041175842,0.7331060171127319,0.03888238966464996,,,,,,
